# Blender 5.0.1
# www.blender.org
mtllib pusheen.mtl
o Mesh
v -0.637264 1.578194 -0.174861
v -0.631428 1.603623 -0.190942
v -0.653585 1.596330 -0.196824
v 0.488438 -1.161917 -1.015092
v 0.500230 -1.195819 -1.016451
v 0.445610 -1.196794 -1.006260
v 0.534449 -1.162524 -1.025648
v -1.447513 -0.087471 -0.483471
v -1.467778 -0.124369 -0.435739
v -1.477260 -0.068232 -0.427997
v -1.467670 -0.039393 -0.454184
v -1.460387 -0.059416 -0.463376
v 0.250286 -1.116866 -0.908854
v 0.232628 -1.157346 -0.890117
v 0.211508 -1.100348 -0.887397
v 0.291815 -1.162137 -0.939127
v 0.288948 -1.218911 -0.922360
v 0.345221 -1.225538 -0.961748
v 0.363436 -1.186827 -0.979520
v -0.705612 1.652706 -0.330497
v -0.722017 1.597456 -0.262066
v -0.650348 1.676729 -0.313133
v -0.625127 1.654329 -0.258193
v -0.656472 1.613369 -0.226906
v 1.145949 -1.122244 -0.873500
v 1.106823 -1.153073 -0.846887
v 1.136327 -1.162899 -0.884093
v 1.082269 -1.111854 -0.825073
v 1.107479 -1.065023 -0.850336
v 1.072883 -1.029081 -0.866497
v 1.055872 -1.065074 -0.828662
v 1.144320 -1.074591 -0.880555
v 1.154597 -1.137073 -0.902843
v 0.926922 -1.086580 -0.815804
v 0.932065 -1.134883 -0.800472
v 1.007166 -1.113106 -0.805782
v 1.055916 -1.064427 -0.827129
v 0.960108 -1.058399 -0.834977
v 0.975927 -1.027633 -0.853960
v 1.072883 -1.029081 -0.866497
v 1.019609 -1.011863 -0.880801
v 1.449566 0.698933 0.139333
v 1.455792 0.678442 0.053864
v 1.438517 0.725460 0.079059
v 1.445183 0.719876 0.114705
v 1.470866 0.651013 0.081826
v 1.481953 0.596247 0.059489
v 1.467505 0.634141 0.040660
v 1.433786 0.775506 0.010801
v 1.458046 0.701299 -0.023015
v -0.915371 1.485037 -0.242067
v -0.954058 1.481990 -0.251045
v -0.958804 1.519375 -0.260346
v -0.899571 1.439452 -0.238285
v -0.935972 1.436084 -0.231752
v -0.974709 1.452906 -0.244167
v -0.916752 1.516947 -0.233359
v -0.881489 1.495366 -0.226214
v -0.905798 1.413755 -0.237384
v -0.877529 1.470672 -0.238065
v -1.015410 1.450136 -0.253059
v -0.999934 1.480747 -0.269948
v -0.998949 1.547184 -0.263449
v -0.958804 1.519375 -0.260346
v -0.930239 1.523437 -0.212027
v -0.916752 1.516947 -0.233359
v -1.014409 1.539243 -0.294692
v -0.963983 1.502563 -0.207940
v -0.975391 1.532468 -0.233208
v -1.000112 1.529175 -0.229709
v -0.999934 1.480747 -0.269948
v -0.992010 1.508338 -0.278455
v -0.954058 1.481990 -0.251045
v -0.928634 1.502687 -0.196421
v 1.323587 1.005716 0.227585
v 1.297003 1.046786 0.172061
v 1.296906 1.054135 0.230628
v 1.271154 1.075086 0.223498
v 1.247900 1.092223 0.182598
v 1.257830 1.056067 0.227725
v 1.269095 1.100400 0.140275
v 1.215731 1.080378 0.174359
v 1.203335 1.059847 0.206314
v 1.275766 1.054276 0.253333
v 1.195233 1.079961 0.187494
v 0.918036 -1.209182 -0.803069
v 1.027566 -1.203650 -0.823137
v 0.965231 -1.166601 -0.794490
v 1.085473 -1.114851 -0.821808
v 1.007166 -1.113106 -0.805782
v 0.961907 -1.244505 -0.856179
v 0.948793 -1.254329 -0.956592
v 1.022785 -1.230608 -0.913793
v 1.085699 -1.204014 -0.887117
v 1.136327 -1.162899 -0.884093
v 1.106823 -1.153073 -0.846887
v 0.932065 -1.134883 -0.800472
v 1.055872 -1.065074 -0.828662
v 0.946999 -1.173144 -1.053051
v 0.992561 -1.150669 -1.049682
v 0.931641 -1.211677 -1.046639
v 1.035131 -1.147073 -1.030976
v 1.136676 -1.165753 -0.883030
v 1.130679 -1.167235 -0.926235
v 1.154597 -1.137073 -0.902843
v 1.063096 -1.205933 -0.954905
v 1.085699 -1.204014 -0.887117
v 1.022785 -1.230608 -0.913793
v 0.948793 -1.254329 -0.956592
v 0.928298 -1.237742 -1.011931
v 1.078088 -1.166664 -0.996036
v -0.824709 1.501178 -0.298773
v -0.841072 1.475783 -0.263847
v -0.920819 1.411694 -0.354677
v -0.900234 1.411862 -0.276543
v -0.905798 1.413755 -0.237384
v -0.899571 1.439452 -0.238285
v -0.876616 1.431892 -0.243191
v -0.823394 1.511890 -0.357028
v -0.864779 1.467385 -0.361537
v -0.877529 1.470672 -0.238065
v -0.852616 1.475362 -0.241856
v -0.852508 1.483635 -0.222815
v -0.881489 1.495366 -0.226214
v -0.652728 1.595336 -0.197416
v -0.722017 1.597456 -0.262066
v -0.743402 1.517780 -0.178321
v -0.631563 1.513638 -0.080740
v -0.684075 1.481849 -0.087133
v -0.640646 1.488306 -0.058176
v -0.714360 1.491625 -0.127031
v -0.763027 1.539091 -0.232369
v -0.656472 1.613369 -0.226906
v -0.823394 1.511890 -0.357028
v -0.825251 1.501612 -0.298610
v -0.783718 1.552236 -0.302581
v -0.631428 1.603623 -0.190942
v -0.633004 1.533193 -0.109523
v -0.754076 1.613819 -0.352545
v -0.623840 1.561987 -0.143861
v -0.792698 1.563795 -0.383573
v -0.705606 1.652696 -0.330504
v 1.203346 1.036059 0.236370
v 1.245810 1.013444 0.265139
v 1.190138 0.980180 0.303936
v 1.258117 1.055979 0.227484
v 1.269419 1.029138 0.270519
v 1.170950 1.011768 0.297059
v 1.151950 1.012606 0.320907
v 1.155614 1.087377 0.243819
v 1.134395 1.071900 0.284423
v 1.231817 0.978850 0.291401
v 1.275766 1.054276 0.253333
v 1.230476 1.051794 0.213325
v 1.211577 0.985000 0.287127
v 1.203335 1.059847 0.206314
v 1.194500 1.078705 0.187451
v 1.118908 1.039383 0.333685
v 0.040083 1.109914 0.850877
v 0.028889 1.125871 0.838678
v -0.028718 1.119755 0.839208
v 0.063529 1.045609 0.901215
v 0.088323 1.062959 0.874940
v 0.002299 1.023354 0.923793
v -0.028187 1.078228 0.878811
v -0.044910 1.069205 0.894864
v -0.015303 1.142743 0.818572
v 0.023036 1.141506 0.815359
v -0.047988 1.050648 0.911603
v -0.015851 1.096625 0.858728
v -0.032089 1.018674 0.926747
v 0.083563 1.083370 0.854014
v 0.060373 1.106658 0.850159
v 0.097070 1.032438 0.901886
v -0.363652 -0.980752 -0.893654
v -0.424942 -0.941805 -0.868618
v -0.292224 -0.985066 -0.940723
v -0.307370 -1.015194 -0.880696
v 0.211342 -1.100524 -0.887677
v 0.232381 -1.157714 -0.890559
v 0.151944 -1.135726 -0.832037
v 0.164618 -1.092969 -0.870366
v -0.010861 -1.034654 -0.917436
v 0.028421 -1.112975 -0.791365
v -0.067904 -1.028277 -0.860774
v 0.116252 -1.153837 -0.685775
v -0.613618 -0.939619 -0.732858
v -0.495189 -0.996158 -0.678825
v 0.062731 -1.057575 -0.916249
v -0.334989 -1.009524 -0.785544
v -0.594932 -0.880632 -0.830561
v -0.485903 -0.868639 -0.904686
v 0.106622 -1.093581 -0.877347
v -0.205523 -1.025821 -0.884735
v -0.212492 -1.047116 -0.799943
v 0.207053 -1.166505 -0.853927
v -0.086724 -1.083613 -0.693138
v -0.348990 -1.068970 -0.414799
v 0.212674 -1.184588 -0.801473
v 0.262104 -1.220160 -0.691962
v -1.147169 1.548343 -0.320902
v -1.192214 1.520187 -0.330208
v -1.210509 1.556428 -0.302849
v -0.975759 1.532053 -0.233348
v -1.000819 1.546007 -0.266580
v -1.000126 1.531756 -0.227402
v -1.014168 1.538653 -0.293559
v -1.092431 1.559415 -0.301687
v -1.069029 1.489675 -0.304309
v -0.991455 1.507514 -0.278445
v -1.148267 1.515639 -0.327629
v -1.092510 1.505796 -0.317706
v -1.189497 1.555383 -0.296134
v -1.171549 1.553761 -0.303978
v -1.065614 1.558036 -0.283097
v -1.035940 1.555918 -0.269708
v -1.048791 1.469149 -0.283287
v -1.197324 1.560153 -0.283882
v -1.015410 1.450136 -0.253059
v -1.116357 1.561919 -0.302552
v -1.213268 1.531914 -0.318792
v -1.225606 1.539905 -0.304638
v -1.216285 1.551118 -0.272846
v -1.141490 1.564456 -0.291074
v -0.605175 1.747478 -0.419573
v -0.689892 1.706098 -0.427934
v -0.604181 1.749735 -0.472143
v -0.594156 1.751858 -0.537807
v -0.647591 1.725784 -0.504523
v -0.569482 1.759887 -0.493762
v -0.615665 1.743053 -0.540895
v -0.575027 1.757642 -0.529072
v -0.665728 1.707299 -0.385112
v -0.705606 1.652696 -0.330504
v -0.865135 1.468286 -0.361343
v -0.920819 1.411694 -0.354677
v -0.823394 1.511890 -0.357028
v -0.792515 1.563607 -0.383634
v -0.597734 1.739447 -0.384369
v -0.767031 1.621908 -0.448959
v -0.754076 1.613819 -0.352545
v -0.914219 1.443489 -0.441786
v -0.880295 1.473588 -0.459541
v -0.851296 1.504830 -0.465430
v -0.650348 1.676729 -0.313133
v -0.626980 1.709101 -0.359871
v -0.710557 1.681213 -0.488342
v -0.820325 1.529817 -0.495169
v -0.764229 1.616200 -0.524313
v -0.742321 1.649394 -0.513093
v 0.620723 -1.193390 -1.054182
v 0.726890 -1.202270 -1.068588
v 0.723463 -1.077900 -1.051348
v 0.534701 -1.162719 -1.024840
v 0.761481 -1.129238 -1.068555
v 0.719895 -1.047864 -1.023643
v 0.530611 -1.031449 -0.887828
v 0.628528 -1.030732 -0.985050
v 0.547103 -1.045760 -0.948928
v 0.632306 -1.060413 -1.017383
v 0.700325 -1.031479 -0.993710
v 0.550620 -1.108993 -1.011805
v 0.655287 -1.033281 -0.883025
v 0.709026 -1.018395 -0.936604
v 0.544642 -1.075582 -0.989675
v 0.777211 -1.185680 -1.065899
v 0.747947 -1.097455 -1.059185
v 0.556240 -1.039409 -0.848236
v 0.613919 -1.059258 -0.824052
v 0.664971 -1.056558 -0.839177
v 0.561129 -1.199449 -1.036730
v 0.745899 -1.222248 -1.063184
v 1.371681 1.015182 -0.247690
v 1.329488 1.065150 -0.188579
v 1.361438 1.010404 -0.192817
v 1.325655 1.064967 -0.134920
v 1.341862 1.029445 -0.167342
v 1.398040 0.947018 -0.195337
v 1.330689 1.047348 -0.108577
v 1.333949 1.026077 -0.067675
v 1.348007 1.013941 -0.120822
v 1.341996 1.048817 -0.130361
v 1.358855 0.990150 -0.105292
v 1.373780 0.953130 -0.060235
v 1.391742 0.930447 -0.141699
v 1.381387 0.955267 -0.165057
v 1.408501 0.873329 -0.076204
v 1.390827 0.885483 0.026104
v 1.341503 1.008205 -0.049260
v 1.350495 0.992251 -0.034894
v 1.403255 0.903050 -0.129800
v 1.317215 1.064659 -0.069499
v 1.342332 1.072177 -0.263855
v 1.087002 -1.009762 -0.913314
v 1.072883 -1.029081 -0.866497
v 1.125041 -1.032831 -0.898221
v 1.022574 -1.064529 -1.040887
v 1.097878 -1.083585 -1.007295
v 1.015628 -1.104126 -1.048036
v 1.019609 -1.011863 -0.880801
v 1.086289 -1.026957 -0.991997
v 1.012161 -0.984606 -0.926809
v 1.045144 -1.000952 -0.975474
v 1.127224 -1.107644 -0.971205
v 1.145870 -1.072161 -0.927226
v 1.035131 -1.147073 -1.030976
v 1.049027 -1.055413 -1.021443
v 1.042221 -1.020369 -1.008148
v 1.107479 -1.065023 -0.850336
v 1.103191 -1.168668 -0.965088
v 1.074798 -1.165199 -0.998496
v 1.157004 -1.138030 -0.903881
v 1.144354 -1.122007 -0.875000
v 1.130679 -1.167235 -0.926235
v 1.144320 -1.074591 -0.880555
v 0.127575 1.228400 0.700234
v 0.053518 1.230017 0.673195
v 0.123227 1.213921 0.734716
v 0.139679 1.233826 0.659852
v 0.052268 1.197016 0.744747
v 0.139842 1.229725 0.679643
v 0.150027 1.233239 0.628184
v 0.062487 1.222634 0.630630
v 0.076320 1.210574 0.733607
v 0.072872 1.235525 0.653113
v -0.009829 1.183442 0.657621
v -0.000911 1.172358 0.629185
v 0.081269 1.173966 0.597667
v 0.028747 1.177512 0.617272
v 0.214293 1.223096 0.588976
v 0.143345 1.133876 0.569196
v 0.010510 1.190439 0.693898
v 0.020237 1.188658 0.737791
v -0.010498 1.179246 0.723303
v -0.007398 1.175136 0.744452
v 0.197092 1.181165 0.578455
v 0.009613 1.173647 0.761034
v 0.187329 1.238380 0.605410
v 0.235560 1.187531 0.579715
v 0.262193 1.159386 0.779329
v 0.285141 1.110583 0.782825
v 0.306981 1.132553 0.750687
v 0.263717 1.266173 0.626644
v 0.278134 1.277133 0.662355
v 0.311518 1.209757 0.630424
v 0.289098 1.220874 0.715808
v 0.265417 1.208309 0.736180
v 0.332943 1.159586 0.698831
v 0.274228 1.103320 0.834565
v 0.317184 1.091094 0.849657
v 0.299478 1.233483 0.684986
v 0.251506 1.217433 0.590077
v 0.235560 1.187531 0.579715
v 0.214340 1.223334 0.588120
v 0.262475 1.102930 0.817091
v 0.281238 1.173724 0.761380
v 0.331852 1.177764 0.668612
v 0.322617 1.112912 0.815199
v 0.319983 1.107528 0.776479
v 0.326328 1.094995 0.743642
v 0.242797 1.124548 0.802108
v 0.333680 1.115375 0.711298
v 0.351328 1.084233 0.721693
v 0.360241 1.087224 0.753759
v 0.246702 1.249175 0.602392
v 0.279513 1.224853 0.606054
v 0.350903 1.105065 0.791359
v 0.339846 1.130824 0.670953
v 0.606168 -1.280543 -0.804241
v 0.774076 -1.272762 -0.890408
v 0.696243 -1.250513 -0.730706
v 0.811455 -1.270253 -1.010677
v 0.930799 -1.210154 -1.044254
v 0.928298 -1.237742 -1.011931
v 0.733662 -1.214403 -0.688061
v 0.722165 -1.230595 -0.704944
v 0.948793 -1.254329 -0.956592
v 0.889206 -1.194953 -1.056665
v 0.849379 -1.176002 -1.067574
v 0.744668 -1.247895 -1.050797
v 0.732859 -1.269663 -1.020300
v 0.780481 -1.199599 -0.760047
v 0.848127 -1.196684 -0.790778
v 0.792066 -1.146667 -0.787465
v 0.794208 -1.233901 -0.795995
v 0.745899 -1.222248 -1.063184
v 0.961907 -1.244505 -0.856179
v 0.674105 -1.144324 -0.757288
v 0.730896 -1.158740 -0.758374
v 0.716610 -1.122345 -0.789745
v 0.751829 -1.198879 -0.712847
v 0.777211 -1.185680 -1.065899
v 0.918036 -1.209182 -0.803069
v 0.932065 -1.134883 -0.800472
v 0.866552 -1.127813 -0.801584
v 0.965231 -1.166601 -0.794490
v 0.741622 -1.176346 -0.725539
v 0.707563 -1.160916 -0.714924
v 0.636987 -1.100622 -0.779548
v 0.664364 -1.091355 -0.801626
v 0.613919 -1.059258 -0.824052
v 0.664971 -1.056558 -0.839177
v -0.928789 1.503572 -0.196691
v -0.871779 1.496508 -0.197989
v -0.930239 1.523437 -0.212027
v -0.805818 1.470394 -0.205600
v -0.807526 1.464675 -0.189336
v -0.801206 1.429213 -0.143474
v -0.769993 1.459635 -0.150618
v -0.830126 1.477495 -0.193777
v -0.815427 1.488599 -0.230798
v -0.841089 1.475764 -0.263793
v -0.825251 1.501612 -0.298610
v -0.783718 1.552236 -0.302581
v -0.852456 1.483172 -0.222445
v -0.916752 1.516947 -0.233359
v -0.790455 1.500801 -0.209940
v -0.740086 1.514139 -0.176559
v -0.763027 1.539091 -0.232369
v -0.684075 1.481849 -0.087133
v -0.683769 1.452164 -0.048084
v -0.640646 1.488306 -0.058176
v -0.864698 1.406121 -0.154756
v -0.882038 1.439501 -0.168133
v -0.865538 1.476661 -0.177063
v -0.735082 1.438112 -0.082530
v -0.818147 1.423543 -0.159394
v -0.714360 1.491625 -0.127031
v -0.917979 1.472311 -0.186153
v -0.838720 1.478591 -0.227370
v -0.852616 1.475362 -0.241856
v 0.066895 1.070196 0.532757
v 0.112585 1.116177 0.495330
v 0.074753 1.100090 0.508371
v 0.068264 1.292425 0.392098
v 0.024595 1.269668 0.404650
v 0.143345 1.133876 0.569196
v 0.105028 1.104049 0.563323
v -0.015673 1.113756 0.498387
v 0.006965 1.204824 0.450181
v -0.046280 1.239143 0.428929
v -0.058889 1.189651 0.456105
v 0.028805 1.146999 0.475323
v -0.015306 1.258945 0.406622
v 0.027235 1.073826 0.512626
v 0.009316 1.119951 0.493907
v 0.118879 1.159942 0.474464
v 0.116288 1.239197 0.436314
v 0.117779 1.283445 0.396604
v -0.010160 1.075884 0.519645
v 0.007011 1.081745 0.573673
v -0.001977 1.139611 0.598029
v 0.028747 1.177512 0.617272
v 0.081269 1.173966 0.597667
v -0.029215 1.059646 0.550836
v -0.001657 1.173456 0.628238
v 0.129571 1.202274 0.453908
v 0.116757 1.098193 0.519154
v 0.124049 1.098880 0.539903
v 0.732859 -1.269663 -1.020300
v 0.683248 -1.244657 -1.047814
v 0.745006 -1.246393 -1.051985
v 0.464613 -1.255832 -0.999469
v 0.358565 -1.262382 -0.949522
v 0.345221 -1.225538 -0.961748
v 0.445610 -1.196794 -1.006260
v 0.499198 -1.195945 -1.018249
v 0.395346 -1.288850 -0.903779
v 0.726036 -1.202344 -1.069745
v 0.774076 -1.272762 -0.890408
v 0.606168 -1.280543 -0.804241
v 0.533833 -1.303144 -0.902958
v 0.656052 -1.273902 -1.003511
v 0.422739 -1.272775 -0.754802
v 0.316352 -1.268597 -0.900649
v 0.288948 -1.218911 -0.922360
v 0.425663 -1.291911 -0.953287
v 0.548459 -1.286026 -0.989005
v 0.623014 -1.193699 -1.051389
v 0.262104 -1.220160 -0.691962
v 0.745899 -1.222248 -1.063184
v 0.208687 -1.165574 -0.853853
v 0.232628 -1.157346 -0.890117
v 0.534449 -1.162524 -1.025648
v 0.561129 -1.199449 -1.036730
v 0.363436 -1.186827 -0.979520
v 0.212674 -1.184588 -0.801473
v 0.570995 -1.240376 -1.032235
v 0.151944 -1.135726 -0.832037
v 0.040178 1.110627 0.851918
v 0.057875 1.125898 0.831237
v 0.028889 1.125871 0.838678
v 0.148705 1.111150 0.839024
v 0.054751 1.153428 0.811236
v 0.193153 1.068907 0.851843
v 0.175729 1.046707 0.874891
v 0.129739 1.070745 0.871505
v 0.096824 1.032849 0.902887
v 0.060373 1.106658 0.850159
v 0.052326 1.196624 0.744380
v 0.009613 1.173647 0.761034
v 0.009330 1.162509 0.790087
v 0.020237 1.188658 0.737791
v 0.083563 1.083370 0.854014
v 0.213115 1.183424 0.789624
v 0.185548 1.183195 0.787826
v 0.148759 1.192830 0.778826
v 0.123227 1.213921 0.734716
v 0.242797 1.124548 0.802108
v 0.023036 1.141506 0.815359
v 0.269379 1.095820 0.854168
v 0.291184 1.100628 0.842090
v 0.274123 1.100917 0.833658
v -0.015303 1.142743 0.818572
v 0.076320 1.210574 0.733607
v 0.238511 1.161732 0.794806
v 0.213720 1.070199 0.841268
v 0.253073 1.089721 0.842343
v 0.262862 1.102108 0.817333
v 0.234487 1.067372 0.848999
v 0.258093 1.145541 0.791709
v 1.430463 0.759653 0.147900
v 1.438517 0.725460 0.079059
v 1.417343 0.784973 0.111913
v 1.342918 1.008708 -0.049050
v 1.349923 0.991989 -0.034912
v 1.373002 0.870062 0.205419
v 1.377402 0.862765 0.242591
v 1.359949 0.960218 0.119927
v 1.333949 1.026077 -0.067675
v 1.313009 1.052655 -0.031622
v 1.338315 0.959363 0.200673
v 1.373780 0.953130 -0.060235
v 1.390827 0.885483 0.026104
v 1.347871 0.911536 0.258284
v 1.330507 0.950490 0.283148
v 1.292402 1.066654 0.082813
v 1.297003 1.046786 0.172061
v 1.323587 1.005716 0.227585
v 1.298137 1.067783 0.035084
v 1.433786 0.775506 0.010801
v 1.398913 0.814893 0.228577
v 1.299289 1.078079 -0.004204
v 1.317215 1.064659 -0.069499
v 1.269495 1.101186 0.140022
v 1.445183 0.719876 0.114705
v 1.408501 0.873329 -0.076204
v -0.339838 1.244059 0.348561
v -0.276118 1.202123 0.408737
v -0.294704 1.145196 0.434780
v -0.320657 1.147470 0.428921
v -0.245847 1.195133 0.419205
v -0.176750 1.242849 0.403237
v -0.242334 1.293332 0.349514
v -0.373765 1.213551 0.371075
v -0.302042 1.259300 0.342030
v -0.462204 1.110523 0.412355
v -0.504815 1.100566 0.404952
v -0.486958 1.078599 0.421447
v -0.490204 1.120058 0.391052
v -0.518647 1.069188 0.421149
v -0.415908 1.181303 0.374108
v -0.423849 1.100622 0.429811
v -0.468384 1.148982 0.381824
v -0.216460 1.323376 0.292635
v -0.173379 1.325684 0.294177
v -0.191362 1.328829 0.292159
v -0.128362 1.268689 0.389901
v -0.203592 1.209989 0.420358
v -0.137336 1.315864 0.342954
v -0.202490 1.308590 0.337539
v -0.102049 1.298351 0.366772
v -0.161783 1.325155 0.318541
v -0.293542 1.298821 0.326382
v -0.236995 1.309931 0.323481
v -0.163847 1.333606 0.286817
v -0.150889 1.335493 0.301088
v -0.126793 1.236087 0.417648
v -0.373308 1.121924 0.433786
v -0.261223 1.312842 0.322987
v -0.265997 1.160451 0.434502
v -0.434326 0.862113 -1.152033
v -0.397770 0.820400 -1.150636
v -0.217495 0.731153 -1.163349
v -0.483202 0.958481 -1.125942
v -0.517037 0.992946 -1.114636
v -0.463536 1.029576 -1.107953
v -0.463627 0.913445 -1.140991
v -0.192520 0.847318 -1.149444
v -0.234176 0.867112 -1.150704
v -0.492043 1.020582 -1.109188
v -0.152307 0.513613 -1.169498
v -0.069033 0.555101 -1.162176
v -0.110709 0.526976 -1.166930
v -0.289733 0.785073 -1.156858
v -0.255708 0.913839 -1.141994
v -0.300142 0.920014 -1.145008
v -0.422650 1.018903 -1.115954
v -0.386572 0.981340 -1.127780
v -0.037738 0.771270 -1.143075
v 0.017078 0.720784 -1.147909
v -0.157338 0.795241 -1.143962
v -0.418097 0.756020 -1.149913
v -0.346208 0.682573 -1.167649
v -0.084763 0.793934 -1.138906
v -0.322095 0.603836 -1.168105
v 0.004129 0.527267 -1.160228
v -0.234198 0.477361 -1.165180
v -0.264427 0.501111 -1.164340
v -0.217647 0.514973 -1.169921
v -0.272884 0.551548 -1.166667
v -0.338572 0.958211 -1.135074
v -0.515905 1.031968 -1.097883
v 0.063441 0.625886 -1.148955
v 0.056955 0.554551 -1.149387
v 0.148872 1.192603 0.778720
v 0.185129 1.182216 0.786567
v 0.173033 1.215061 0.748811
v 0.199674 1.234279 0.712179
v 0.127786 1.226219 0.700672
v 0.265430 1.208324 0.736201
v 0.212906 1.182820 0.788201
v 0.281238 1.173724 0.761380
v 0.238511 1.161732 0.794806
v 0.262090 1.159586 0.779535
v 0.183126 1.273954 0.679688
v 0.165655 1.248534 0.667186
v 0.227997 1.283358 0.617826
v 0.248300 1.251635 0.600942
v 0.214340 1.223334 0.588120
v 0.187329 1.238380 0.605410
v 0.236960 1.296266 0.670788
v 0.258093 1.145541 0.791709
v 0.221753 1.272112 0.701091
v 0.261377 1.256761 0.705084
v 0.287207 1.219154 0.715204
v 0.149960 1.234674 0.625735
v 0.139573 1.236392 0.658817
v 0.123227 1.213921 0.734716
v 0.139842 1.229725 0.679643
v 0.278889 1.277901 0.662732
v 0.299478 1.233483 0.684986
v -0.178833 -0.563004 0.918458
v -0.190821 -0.425347 0.915045
v -0.300584 -0.335951 0.883286
v -0.285526 -0.420377 0.891709
v -0.194187 -0.684305 0.912755
v -0.133032 -0.627659 0.925056
v -0.311540 -0.618118 0.891600
v -0.100780 -0.550058 0.933054
v -0.119409 -0.391288 0.920823
v -0.217587 -0.775940 0.902073
v -0.123998 -0.336318 0.918707
v -0.263658 -0.116063 0.862641
v -0.305520 -0.165827 0.861899
v -0.222918 -0.149926 0.875641
v -0.112987 -0.434183 0.928473
v -0.074444 -0.629921 0.939054
v -0.313468 -0.758363 0.890284
v -0.264729 -0.775390 0.897741
v -0.190384 -0.182289 0.892904
v -0.266695 -0.192562 0.872099
v -0.130224 -0.480878 0.920881
v -0.262024 -0.311393 0.891376
v -0.109266 -0.278192 0.916133
v -0.308974 -0.474357 0.891282
v -0.274818 -0.567766 0.899753
v -0.265817 -0.231175 0.880579
v -0.144975 -0.176808 0.901738
v -0.147832 -0.226040 0.902108
v -0.121472 -0.180035 0.905693
v -0.096241 -0.371566 0.923538
v -0.287099 -0.264662 0.881699
v 0.313718 -0.853251 0.921342
v 0.275602 -0.819657 0.932623
v 0.203642 -0.821060 0.933673
v 0.113029 -1.105077 0.795923
v 0.144114 -1.142687 0.741156
v 0.225884 -1.111908 0.789738
v 0.217816 -1.001988 0.862384
v 0.281172 -1.013472 0.855861
v 0.284094 -1.039685 0.839400
v 0.301195 -0.956403 0.877882
v 0.294096 -0.977506 0.859776
v 0.230264 -0.799821 0.942423
v 0.244747 -0.947873 0.886761
v 0.171288 -0.958456 0.878134
v 0.369336 -0.839265 0.920218
v 0.364325 -0.781996 0.939468
v 0.330864 -0.811437 0.932852
v 0.187353 -0.921387 0.899484
v 0.102904 -1.024434 0.853333
v 0.116125 -1.044804 0.834924
v 0.116014 -0.975604 0.876368
v 0.391988 -0.796608 0.937026
v 0.143690 -1.069709 0.821738
v 0.409256 -0.870797 0.902186
v 0.383975 -0.888263 0.900952
v 0.237331 -1.156212 0.744736
v 0.341969 -0.917376 0.899884
v 0.363977 -0.954098 0.877248
v 0.399974 -0.832646 0.921460
v 0.345217 -0.884273 0.909402
v 0.441854 -0.795989 0.935721
v 0.401913 0.783517 0.706861
v 0.351151 0.778934 0.711104
v 0.380686 0.756131 0.725022
v 0.261886 0.827282 0.704796
v 0.239491 0.777945 0.709167
v 0.373320 0.818311 0.691926
v 0.321220 0.796497 0.689771
v 0.397232 0.845069 0.697843
v 0.363482 0.846800 0.727998
v 0.171035 0.730460 0.754966
v 0.170318 0.748931 0.787661
v 0.312896 0.847449 0.714042
v 0.225263 0.734090 0.727882
v 0.285965 0.755109 0.721567
v 0.286095 0.712114 0.755512
v 0.247827 0.837524 0.731970
v 0.198763 0.776614 0.732770
v 0.208950 0.780495 0.791764
v 0.185197 0.757853 0.819202
v 0.252220 0.678080 0.761107
v 0.349714 0.736094 0.743577
v 0.196444 0.713682 0.737278
v 0.309990 0.859636 0.768649
v 0.418646 0.819613 0.693358
v 0.418199 0.752764 0.727999
v 0.250144 0.835959 0.791573
v 0.233105 0.813545 0.773312
v 0.401460 0.863677 0.772477
v 0.417210 0.865407 0.708771
v 0.431996 0.884590 0.738680
v 0.432966 0.780132 0.718789
v 0.326587 0.706540 0.758236
v 1.287102 0.986092 0.346936
v 1.312675 0.986154 0.321076
v 1.298969 1.011013 0.318925
v 1.277593 1.025571 0.290170
v 1.322874 0.861746 0.314734
v 1.349347 0.869863 0.327629
v 1.340086 0.926302 0.326870
v 1.314421 0.947032 0.380382
v 1.279249 0.954046 0.334876
v 1.232320 0.978402 0.290412
v 1.323587 1.005716 0.227585
v 1.279953 1.055417 0.250087
v 1.361331 0.809394 0.277910
v 1.296906 1.054135 0.230628
v 1.322207 0.903073 0.352729
v 1.400187 0.815306 0.228435
v 1.347871 0.911536 0.258284
v 1.265859 0.923781 0.332357
v 1.300580 0.912787 0.343156
v 1.292945 0.856050 0.315984
v 1.392401 0.813648 0.274727
v 1.330507 0.950490 0.283148
v 1.296689 0.817978 0.307278
v 1.319932 0.773174 0.296891
v 1.350965 0.762240 0.258543
v 1.269419 1.029138 0.270519
v 1.245810 1.013444 0.265139
v 1.260447 0.883786 0.331576
v 1.237857 0.947197 0.314042
v 0.430737 0.856756 0.693531
v 0.418246 0.820311 0.695375
v 0.462931 0.938047 0.685012
v 0.460226 0.994151 0.756336
v 0.457110 0.899803 0.685159
v 0.493889 0.943711 0.651878
v 0.512647 0.803102 0.709328
v 0.474845 0.813165 0.707260
v 0.552201 0.872671 0.676442
v 0.516586 0.912014 0.663501
v 0.468664 0.970976 0.658431
v 0.468166 0.998941 0.652371
v 0.401913 0.783517 0.706861
v 0.433036 0.779385 0.717419
v 0.444575 1.035744 0.720467
v 0.447099 1.028715 0.775653
v 0.456655 0.960712 0.770626
v 0.417859 0.865485 0.709474
v 0.431996 0.884590 0.738680
v 0.417377 1.048731 0.687558
v 0.413574 1.058422 0.728580
v 0.603282 0.887735 0.664780
v 0.630121 0.982609 0.619484
v 0.683230 0.967939 0.618544
v 0.656081 0.994546 0.611169
v 0.451408 1.023359 0.672890
v 0.661256 0.929956 0.643191
v 0.396978 0.845356 0.697828
v 0.547552 0.826080 0.693848
v 0.452315 0.920956 0.744057
v 0.460602 0.780533 0.717204
v 0.575794 0.984281 0.624813
v 0.507781 0.982070 0.631081
v 0.537067 1.010297 0.613253
v 0.636577 0.892212 0.659163
v 0.479287 0.982506 0.633877
v 0.738705 -1.183720 0.567123
v 0.726456 -1.157454 0.667489
v 0.681057 -1.147064 0.695039
v 0.524545 -1.056234 0.796021
v 0.585425 -1.082577 0.763061
v 0.572102 -1.048314 0.791970
v 0.237363 -1.156732 0.745507
v 0.404244 -1.114998 0.774544
v 0.225884 -1.111908 0.789738
v 0.221806 -1.184527 0.689640
v 0.381189 -1.216238 0.680216
v 0.503465 -1.171569 0.706942
v 0.402130 -1.027619 0.829452
v 0.808425 -1.140053 0.631578
v 0.599025 -1.112234 0.741177
v 0.665270 -1.097675 0.734617
v 0.570511 -1.217660 0.640931
v 0.648766 -1.218662 0.542187
v 0.499766 -1.237351 0.616280
v 0.270742 -1.217708 0.606598
v 0.283999 -1.038698 0.838459
v 0.281206 -1.013866 0.858077
v 0.401175 -0.987763 0.850194
v 0.292183 -0.984636 0.861430
v 0.444754 -1.014423 0.834140
v 0.363977 -0.954098 0.877248
v 0.492794 -1.006775 0.826827
v 0.444821 -1.243900 0.480014
v 0.159509 -1.198470 0.563223
v 0.064385 -1.185691 0.375248
v 0.520584 -1.242169 0.099452
v 0.745975 -1.220387 0.268557
v 0.223597 -1.197249 -0.186624
v 0.619513 -1.242520 -0.200969
v 0.301195 -0.956403 0.877882
v 0.690222 -1.247126 0.019728
v 1.224479 0.905497 0.341678
v 1.270279 0.754961 0.389333
v 1.296894 0.818793 0.307818
v 1.172985 0.814797 0.459338
v 1.058608 0.983872 0.437133
v 1.068312 0.927172 0.475158
v 1.037744 1.029333 0.418334
v 1.072806 1.040453 0.375171
v 1.137413 0.823661 0.482272
v 1.190427 0.980553 0.304201
v 1.211365 0.984561 0.286466
v 1.154847 0.911347 0.411012
v 1.152495 1.013434 0.321622
v 1.170950 1.011768 0.297059
v 1.190973 0.955699 0.331129
v 1.119387 1.039824 0.334130
v 1.216299 0.772265 0.442339
v 1.034084 1.002797 0.438800
v 1.087381 0.845986 0.510683
v 1.241888 0.733805 0.435997
v 1.231817 0.978850 0.291401
v 1.293345 0.855550 0.316400
v 1.315624 0.739447 0.332508
v 1.237857 0.947197 0.314042
v 1.319932 0.773174 0.296891
v 1.263837 0.712210 0.420538
v 1.265859 0.923781 0.332357
v 1.260447 0.883786 0.331576
v 1.111478 0.811051 0.511306
v 0.740073 -1.061413 0.754823
v 0.706153 -1.015665 0.800085
v 0.661427 -1.026864 0.787727
v 0.726403 -1.157419 0.667161
v 0.680524 -1.145003 0.693929
v 0.993021 -0.919071 0.825983
v 0.949628 -0.893560 0.854219
v 0.619626 -1.061078 0.772014
v 0.792416 -1.102294 0.703130
v 0.870919 -1.054657 0.766146
v 0.889413 -1.105743 0.661072
v 0.920279 -1.058833 0.744330
v 0.665270 -1.097675 0.734617
v 0.599025 -1.112234 0.741177
v 0.583426 -1.077877 0.762869
v 0.572102 -1.048314 0.791970
v 0.869063 -0.949615 0.847319
v 0.895600 -0.903407 0.864533
v 0.808425 -1.140053 0.631578
v 0.841331 -0.995566 0.809604
v 0.819736 -0.961624 0.839855
v 0.779225 -0.980127 0.824950
v 0.901500 -1.003215 0.784274
v 0.756283 -1.024925 0.799701
v 0.937263 -0.990270 0.796049
v 1.181994 -0.821035 0.728998
v 1.154647 -0.847778 0.747709
v 1.182930 -0.869305 0.703351
v 1.078033 -1.004224 0.698810
v 1.074903 -0.861265 0.799105
v 1.030883 -0.878740 0.819603
v 1.126735 -0.838637 0.772501
v 1.205126 -0.818211 0.707096
v 1.114195 -0.943740 0.712182
v 1.233508 -0.807756 0.675780
v 0.965544 -1.097214 0.641702
v 0.965363 -1.071065 0.705913
v 1.006861 -0.953205 0.795341
v 1.036197 -1.034281 0.687210
v 1.010985 -1.075743 0.667944
v 0.062541 1.422358 0.257578
v 0.107484 1.378579 0.275852
v 0.104981 1.419545 0.238802
v 0.125871 1.456959 0.189732
v 0.084907 1.447678 0.214132
v -0.039809 1.412107 0.230280
v -0.037534 1.424009 0.209622
v 0.084452 1.342082 0.315923
v 0.148792 1.363780 0.309435
v 0.129221 1.326151 0.347523
v 0.112367 1.331444 0.328492
v 0.017608 1.448620 0.186730
v -0.003095 1.449042 0.189263
v 0.151708 1.337890 0.326563
v 0.029051 1.407916 0.258617
v 0.043245 1.381916 0.272746
v 0.161181 1.509619 0.157408
v 0.140543 1.524082 0.127736
v 0.124817 1.505633 0.156014
v 0.097208 1.492611 0.164534
v 0.081876 1.476098 0.184263
v 0.022211 1.364362 0.295711
v 0.057472 1.351004 0.311842
v -0.022266 1.438013 0.196772
v 0.034834 1.464614 0.194667
v 0.154919 1.427889 0.226677
v 0.147938 1.416982 0.253318
v 0.134396 1.396053 0.266750
v 0.179148 1.533081 0.133591
v 0.158043 1.541660 0.114212
v 0.102227 1.319428 0.363054
v 0.140437 1.312324 0.365016
v -0.009508 1.395281 0.253502
v 0.184620 1.553177 0.100569
v 0.176785 1.469396 0.188314
v 0.163251 1.428142 0.243610
v 0.149393 1.382004 0.286224
v 0.177180 1.443602 0.207802
v 0.055285 1.465556 0.208671
v 0.012195 1.381487 0.273847
v 0.371398 0.906716 0.871384
v 0.232977 0.866540 0.864755
v 0.197684 0.821419 0.867354
v 0.337080 0.896859 0.884916
v 0.366055 0.873460 0.835649
v 0.421463 0.914342 0.826091
v 0.417883 0.971478 0.853539
v 0.309990 0.859636 0.768649
v 0.281165 0.871094 0.851336
v 0.288916 0.887897 0.881083
v 0.285628 0.915300 0.888984
v 0.259173 0.922901 0.885377
v 0.249233 0.845783 0.819423
v 0.249938 0.836882 0.791687
v 0.170473 0.777900 0.872927
v 0.168030 0.751626 0.848311
v 0.203823 0.781268 0.841016
v 0.322842 0.939918 0.917208
v 0.298871 0.954557 0.918565
v 0.452315 0.920956 0.744057
v 0.456655 0.960712 0.770626
v 0.401460 0.863677 0.772477
v 0.363482 0.846800 0.727998
v 0.391446 0.939284 0.874313
v 0.362538 0.934888 0.902552
v 0.233005 0.919655 0.881077
v 0.207847 0.856353 0.879629
v 0.202656 0.881140 0.886713
v 0.441426 0.998400 0.816622
v 0.459365 0.994039 0.756329
v 0.431996 0.884590 0.738680
v 0.224479 0.895861 0.875762
v 0.277373 0.949309 0.896915
v 0.234343 0.811448 0.773431
v 0.208950 0.780495 0.791764
v 0.397451 0.980050 0.881533
v 0.200305 0.844581 0.873742
v 0.368326 0.976939 0.899835
v 0.185197 0.757853 0.819202
v 0.337526 0.966476 0.910988
v 0.447099 1.028715 0.775653
v -0.096436 1.334716 0.305664
v 0.102227 1.319428 0.363054
v 0.060070 1.348421 0.311503
v -0.128362 1.268689 0.389901
v -0.102049 1.298351 0.366772
v -0.097028 1.377010 0.260500
v 0.022568 1.363357 0.295025
v -0.163847 1.333606 0.286817
v -0.150948 1.334226 0.300734
v -0.147607 1.336784 0.280162
v -0.083658 1.383935 0.249842
v -0.068331 1.395265 0.248516
v 0.040733 1.341237 0.321475
v -0.045780 1.351257 0.301072
v -0.161783 1.325155 0.318541
v -0.137336 1.315864 0.342954
v -0.069227 1.416734 0.235566
v -0.018647 1.346008 0.335701
v 0.005818 1.319678 0.359066
v -0.086124 1.317749 0.342788
v 0.012546 1.378922 0.268779
v 0.084856 1.341458 0.315533
v 0.112371 1.331425 0.328472
v 0.068264 1.292425 0.392098
v 0.024917 1.269574 0.404102
v -0.015295 1.259675 0.407735
v -0.089499 1.247212 0.412766
v -0.046280 1.239143 0.428929
v 0.140437 1.312324 0.365016
v 0.117779 1.283445 0.396604
v -0.039809 1.412107 0.230280
v -0.061168 1.305204 0.368022
v -0.126793 1.236087 0.417648
v -1.097431 -0.767098 -0.724746
v -0.987536 -0.674173 -0.842347
v -0.966136 -0.778151 -0.800677
v -1.095285 -0.659562 -0.765870
v -0.784619 -1.108338 0.381553
v -1.035189 -1.089886 0.155128
v -0.767115 -1.066462 -0.289883
v -0.349483 -1.113880 0.340935
v -0.348990 -1.068970 -0.414799
v 0.223597 -1.197249 -0.186624
v -1.096932 -1.030785 -0.190037
v -1.151936 -0.977401 -0.393232
v -0.983764 -1.018012 -0.453062
v -0.638455 -0.993847 -0.598537
v -0.495189 -0.996158 -0.678825
v -0.781439 -1.076338 -0.541416
v -0.712972 -1.016871 -0.645033
v -0.842692 -1.085381 -0.509733
v -0.707142 -0.951559 -0.694991
v -0.772894 -1.060639 -0.630648
v -0.742608 -0.925676 -0.726903
v -0.861329 -0.816291 -0.814276
v -1.031423 -0.963421 -0.559323
v -1.019076 -0.877932 -0.689063
v -0.922575 -0.932040 -0.662215
v -0.833787 -0.924094 -0.716443
v -0.824953 -1.052324 -0.629998
v -0.951490 -0.989332 -0.567702
v -0.726616 -0.842858 -0.834268
v -0.613382 -0.939137 -0.732632
v -0.594932 -0.880632 -0.830561
v -0.898686 -1.047983 -0.539631
v -1.354491 -0.837065 -0.341786
v -1.390093 -0.794721 -0.310064
v -1.378983 -0.768321 -0.365333
v -1.311011 -0.895702 -0.345517
v -1.281956 -0.863620 -0.452722
v -1.257537 -0.942751 -0.353066
v -1.339473 -0.775695 -0.435208
v -1.293475 -0.763249 -0.511079
v -1.276693 -0.712268 -0.556304
v -1.151645 -0.710258 -0.689743
v -1.226435 -0.691976 -0.621073
v -1.189232 -0.831561 -0.586772
v -1.200096 -0.916389 -0.481432
v 0.064385 -1.185691 0.375248
v 0.131082 0.889244 0.916210
v 0.084727 0.873503 0.923647
v 0.089916 0.933170 0.936669
v 0.012840 0.880520 0.947820
v 0.112272 0.814268 0.906625
v 0.132763 0.798163 0.896709
v 0.198394 0.819224 0.869465
v 0.184932 0.978336 0.895509
v 0.097351 0.986652 0.921873
v 0.177007 0.950619 0.911218
v 0.210756 0.940422 0.889674
v 0.209512 0.967489 0.885480
v 0.078426 0.837345 0.920125
v 0.170473 0.777900 0.872927
v 0.137469 0.744481 0.873569
v 0.168030 0.751626 0.848311
v 0.199902 0.844746 0.872690
v 0.129993 0.768082 0.896361
v 0.177703 1.008632 0.888037
v 0.139969 1.022125 0.895679
v 0.129739 1.070745 0.871505
v 0.097032 1.032356 0.901716
v 0.203083 0.880414 0.888595
v 0.207847 0.856353 0.879629
v 0.002564 1.022804 0.923026
v -0.032089 1.018674 0.926747
v -0.066919 0.999437 0.936484
v -0.095862 0.943281 0.940181
v -0.084308 0.926848 0.940571
v -0.099234 0.974560 0.933410
v -0.020524 0.899081 0.951829
v -0.068194 0.924968 0.946266
v 0.063529 1.045609 0.901215
v 0.034500 0.987863 0.934902
v 0.030512 1.035646 0.915012
v 0.224479 0.895861 0.875762
v 0.232883 0.920060 0.879857
v 0.039444 0.842520 0.940459
v 0.350499 1.104693 0.791632
v 0.322617 1.112912 0.815199
v 0.236537 0.979807 0.877870
v 0.404753 1.077415 0.813284
v 0.310025 1.047163 0.915061
v 0.306437 0.970523 0.921895
v 0.338821 0.966568 0.912930
v 0.447099 1.028715 0.775653
v 0.261463 1.052436 0.883166
v 0.444575 1.035744 0.720467
v 0.298871 0.954557 0.918565
v 0.407388 1.025356 0.859948
v 0.397451 0.980050 0.881533
v 0.417883 0.971478 0.853539
v 0.277373 0.949309 0.896915
v 0.291184 1.100628 0.842090
v 0.297909 1.079554 0.876275
v 0.317184 1.091094 0.849657
v 0.269134 1.097656 0.855484
v 0.291003 1.056109 0.904825
v 0.342519 1.084018 0.871036
v 0.441426 0.998400 0.816622
v 0.177717 1.008637 0.888052
v 0.226299 1.045084 0.873832
v 0.193153 1.068907 0.851843
v 0.213660 1.070158 0.841256
v 0.322842 0.939918 0.917208
v 0.234487 1.067372 0.848999
v 0.278691 1.021249 0.915751
v 0.356238 1.044266 0.898826
v 0.209512 0.967489 0.885480
v 0.360241 1.087224 0.753759
v 0.393182 1.073835 0.748463
v 0.232883 0.920060 0.879857
v 0.210298 0.940436 0.888882
v 0.368326 0.976939 0.899835
v 0.259654 0.923448 0.884030
v 0.139969 1.022125 0.895679
v 0.175656 1.046585 0.874697
v 0.129739 1.070745 0.871505
v 0.253073 1.089721 0.842343
v 0.185112 0.978566 0.896251
v 0.413574 1.058422 0.728580
v -1.175599 -0.872620 0.481950
v -1.064470 -0.925159 0.531844
v -1.089917 -0.776004 0.600517
v -1.187510 -0.777951 0.526273
v -1.048933 -0.671418 0.654271
v -1.139671 -0.701923 0.587391
v -1.107657 -1.034036 0.390456
v -1.179575 -0.981911 0.380280
v -0.801101 -1.069001 0.635635
v -0.837485 -1.099627 0.573716
v -0.863522 -1.135017 0.525294
v -0.877934 -1.080242 0.611501
v -0.718984 -1.063206 0.603335
v -0.920281 -1.133090 0.543369
v -0.976165 -1.116865 0.513734
v -0.943608 -1.065369 0.588122
v -1.037295 -1.037702 0.477260
v -1.091341 -1.078925 0.358119
v -1.158428 -0.941124 0.443557
v -1.028208 -1.147783 0.383425
v -0.981709 -1.143345 0.466056
v -0.926244 -1.159400 0.463503
v -0.971349 -0.982855 0.576204
v -0.576659 -1.094154 0.564531
v -0.349483 -1.113880 0.340935
v -0.469921 -1.072141 0.572485
v -0.417392 -1.064171 0.606742
v -0.333292 -1.098678 0.596648
v -1.061647 -1.098612 0.302099
v -1.035189 -1.089886 0.155128
v -0.829401 -0.792779 0.741104
v -0.761517 -0.906793 0.723969
v -0.769510 -0.838687 0.748888
v -0.799554 -1.001871 0.682930
v -0.833896 -0.919316 0.694947
v -0.758557 -1.016506 0.662061
v -0.699707 -1.000770 0.684166
v -0.708073 -0.939964 0.718139
v -0.954783 -1.144930 0.356505
v -0.638312 -1.056256 0.655513
v -0.784619 -1.108338 0.381553
v -0.973564 -0.735192 0.686418
v -0.886320 -0.750699 0.727072
v -0.560223 -1.059742 0.638561
v 0.159509 -1.198470 0.563223
v -0.010015 -1.154412 0.629551
v 0.064385 -1.185691 0.375248
v -0.227457 -1.126181 0.610376
v -0.644471 -1.006299 0.682254
v -0.620567 -0.983403 0.697910
v -0.584943 -1.015955 0.684899
v -0.643468 -0.963673 0.695940
v 0.206990 0.849011 -1.093496
v 0.160688 0.893771 -1.110169
v 0.197182 0.872270 -1.101344
v 0.161176 0.843091 -1.107046
v 0.107607 0.975033 -1.101959
v 0.204545 0.901115 -1.098244
v -0.353337 1.035460 -1.111366
v -0.386564 0.981388 -1.128046
v -0.422650 1.018903 -1.115954
v -0.192513 0.847326 -1.149649
v -0.150497 0.878749 -1.141940
v 0.165813 0.755927 -1.117540
v 0.129380 0.690204 -1.132940
v 0.066161 0.807106 -1.123932
v -0.234423 0.867464 -1.154122
v -0.252177 1.049983 -1.108655
v -0.199218 1.045198 -1.109547
v 0.136683 1.048167 -1.084260
v -0.034040 0.896305 -1.134864
v -0.145338 1.045855 -1.107772
v 0.243995 1.066984 -1.056435
v 0.258276 0.987799 -1.074121
v 0.193573 1.035819 -1.079920
v -0.030937 0.843401 -1.135504
v -0.084763 0.793934 -1.138906
v -0.022370 1.034424 -1.105684
v -0.073512 1.068660 -1.098947
v 0.259162 1.024804 -1.061468
v 0.042407 1.015740 -1.102684
v 0.083106 1.055923 -1.086145
v 0.208535 0.984727 -1.085458
v 0.017078 0.720784 -1.147909
v 0.063441 0.625886 -1.148955
v -0.255708 0.913839 -1.141994
v -0.296417 1.046153 -1.109682
v -0.338572 0.958211 -1.135074
v -0.037738 0.771270 -1.143075
v 0.273449 1.049693 -1.056121
v 0.216354 0.935069 -1.087979
v -0.157389 0.795366 -1.144450
v 0.146505 0.800726 -1.113158
v -0.300142 0.920014 -1.145008
v 0.602943 -0.637059 1.108183
v 0.636016 -0.686200 1.183520
v 0.625536 -0.627824 1.133742
v 0.684673 -0.590486 1.005781
v 0.623486 -0.591231 1.002005
v 0.651454 -0.805541 1.113107
v 0.686608 -0.799677 1.148715
v 0.658371 -0.768067 1.189191
v 0.718318 -0.662513 1.164246
v 0.619493 -0.765174 1.145591
v 0.674803 -0.647873 1.170367
v 0.727427 -0.602056 1.056654
v 0.744632 -0.640643 1.139934
v 0.765167 -0.649017 1.115852
v 0.718868 -0.607166 1.099052
v 0.624494 -0.725657 1.174083
v 0.584567 -0.687204 1.107933
v 0.756667 -0.697071 1.158453
v 0.698673 -0.711160 1.186542
v 0.733010 -0.760588 1.176772
v 0.766127 -0.745157 1.149034
v 0.584347 -0.739308 1.078980
v 0.563924 -0.693557 0.993844
v 0.578704 -0.758231 0.999940
v 0.545001 -0.778454 0.962434
v 0.660794 -0.612323 1.132531
v 0.648930 -0.595557 1.089859
v 0.593374 -0.788122 1.030680
v 0.641651 -0.539126 0.986896
v 0.512441 -0.791164 0.955808
v 0.692333 -0.585223 0.995599
v 0.716584 -0.551476 0.986311
v 0.669336 -0.557402 0.993541
v 0.583905 -0.650517 1.049116
v 0.726827 -0.608410 1.015090
v 0.609641 -0.550348 1.001356
v 0.736533 -0.590571 0.984528
v 0.744777 -0.780721 1.140465
v 0.480122 -0.740589 0.963592
v 0.441854 -0.795989 0.935721
v 0.602443 -0.624981 1.043550
v 0.613663 -0.606260 1.021863
v 0.519118 -0.702306 0.979777
v 0.573023 -0.659406 1.019012
v 0.693971 -0.761828 1.177570
v 0.749926 -0.626274 0.996904
v 0.750140 -0.634909 1.031063
v 0.615102 -0.791541 1.089812
v 0.772705 -0.662139 1.069066
v 0.718502 -0.784983 1.157985
v 0.778291 -0.701687 1.114271
v 0.743644 -0.568536 0.987677
v 0.132166 -0.846167 0.931600
v 0.083232 -0.885085 0.913295
v 0.187098 -0.921491 0.897403
v 0.203815 -0.822015 0.935854
v 0.088027 -0.793542 0.942078
v 0.196650 -0.782147 0.946604
v 0.046894 -0.838482 0.926281
v 0.154464 -0.800730 0.948595
v -0.020784 -0.847420 0.922395
v -0.057928 -0.915555 0.897721
v 0.230264 -0.799821 0.942423
v 0.156759 -0.725698 0.956389
v 0.126743 -0.750539 0.959136
v -0.003987 -0.804496 0.927981
v 0.170958 -0.959725 0.880869
v -0.080593 -0.976763 0.869174
v -0.052923 -1.018104 0.851284
v -0.024768 -1.048684 0.831578
v 0.006593 -0.998829 0.857864
v -0.179131 -0.870085 0.887931
v -0.230893 -0.841688 0.886734
v 0.195973 -0.751310 0.951675
v 0.011017 -0.760147 0.941564
v -0.147956 -0.940535 0.869205
v -0.216272 -0.768714 0.905062
v -0.105626 -0.813916 0.914997
v 0.103205 -1.025406 0.855273
v 0.116014 -0.975604 0.876368
v 0.021267 -0.678820 0.946100
v -0.054444 -0.739071 0.936971
v -0.083826 -0.629519 0.939715
v -0.194187 -0.684221 0.913244
v -0.133032 -0.627659 0.925056
v -0.015572 -0.633768 0.946726
v 0.084842 -0.637058 0.958143
v 0.115977 -1.045568 0.836758
v 0.143690 -1.069709 0.821738
v 0.113029 -1.105077 0.795923
v 0.028134 -1.086595 0.804038
v 0.165545 -0.684208 0.961400
v 0.123718 -0.688997 0.964556
v 0.743403 -1.074554 -0.823490
v 0.767416 -1.046057 -0.864942
v 0.754944 -1.022089 -0.902622
v 0.709026 -1.018395 -0.936604
v 0.655287 -1.033281 -0.883025
v 0.889206 -1.194953 -1.056665
v 0.849379 -1.176002 -1.067574
v 0.913950 -1.147661 -1.065908
v 0.723857 -1.078655 -1.048835
v 0.719626 -1.047065 -1.024517
v 0.865448 -1.057388 -0.834567
v 0.960108 -1.058399 -0.834977
v 0.975854 -1.028539 -0.854655
v 0.816074 -1.072045 -1.063569
v 0.700064 -1.030763 -0.993685
v 0.808349 -1.016435 -1.016458
v 0.879555 -1.108196 -1.076010
v 0.747947 -1.097455 -1.059185
v 0.866552 -1.127813 -0.801584
v 0.926922 -1.086580 -0.815804
v 0.804869 -1.090692 -0.820914
v 0.664364 -1.091355 -0.801626
v 0.716610 -1.122345 -0.789745
v 0.777211 -1.185680 -1.065899
v 0.870153 -1.035344 -1.046269
v 0.792066 -1.146667 -0.787465
v 0.811932 -0.999867 -0.938610
v 0.761431 -1.129140 -1.067464
v 0.956634 -0.992912 -0.901506
v 0.839531 -1.010788 -0.887297
v 0.664935 -1.054994 -0.837700
v 0.946999 -1.173144 -1.053051
v 0.992561 -1.150669 -1.049682
v 0.975245 -1.075230 -1.056672
v 1.015628 -1.104126 -1.048036
v 0.880162 -1.010309 -1.027893
v 0.878881 -0.987864 -0.989344
v 0.946351 -0.980673 -0.931134
v 0.904731 -1.081158 -1.060192
v 1.043290 -1.017935 -1.010143
v 1.045144 -1.000952 -0.975474
v 0.925234 -1.011691 -1.034642
v 0.930426 -1.209325 -1.043194
v 1.021893 -1.065211 -1.038993
v 1.035131 -1.147073 -1.030976
v 1.049027 -1.055413 -1.021443
v 0.969482 -0.976946 -0.974723
v 1.012161 -0.984606 -0.926809
v 1.019609 -1.011863 -0.880801
v 0.932065 -1.134883 -0.800472
v 1.268229 0.367884 0.565243
v 1.232238 0.349035 0.605278
v 1.272880 0.301288 0.579829
v 1.220057 0.219107 0.661498
v 1.283432 0.149656 0.615304
v 1.284197 0.203091 0.594814
v 1.280559 0.475126 0.504106
v 1.236226 0.503046 0.543315
v 1.269631 0.447686 0.534107
v 1.184695 0.407377 0.625841
v 1.184904 0.380912 0.640067
v 1.241318 0.733050 0.435032
v 1.271287 0.681544 0.433748
v 1.263837 0.712210 0.420538
v 1.216299 0.772265 0.442339
v 1.170740 0.719936 0.512729
v 1.112420 0.811841 0.512936
v 1.172285 0.814619 0.459014
v 1.246971 0.409288 0.567531
v 1.279309 0.406978 0.535990
v 1.108163 0.766636 0.533154
v 1.204937 0.459831 0.588073
v 1.175787 0.459456 0.617084
v 1.168060 0.431537 0.632674
v 1.207622 0.447804 0.594660
v 1.119072 0.637484 0.583025
v 1.171807 0.630202 0.554498
v 1.138747 0.666051 0.560376
v 1.137413 0.823661 0.482272
v 1.202923 0.364125 0.631965
v 1.182594 0.603078 0.550361
v 1.220543 0.546235 0.546254
v 1.224807 0.610516 0.518564
v 1.283709 0.607392 0.449659
v 1.178858 0.522410 0.586703
v 1.166846 0.509009 0.598455
v 1.125695 0.695651 0.555626
v 1.203272 0.631288 0.526911
v 1.290905 0.642307 0.427956
v 1.155042 0.572857 0.587331
v 1.150430 0.547562 0.603466
v 1.256802 0.111586 0.659806
v 1.277308 0.536495 0.491061
v 1.274378 0.561049 0.485128
v 1.113609 0.716313 0.555649
v 1.190240 0.343472 0.644686
v 1.142770 0.609455 0.587186
v 1.157007 0.482941 0.615780
v 1.200767 0.311615 0.650900
v 1.202852 0.262420 0.664030
v 1.152142 0.525835 0.603015
v 1.292018 0.510315 0.482556
v -1.055790 1.241558 -0.542965
v -1.006068 1.291980 -0.560881
v -1.022974 1.271831 -0.604476
v -0.989567 1.340390 -0.497038
v -1.053401 1.268419 -0.456092
v -1.049123 1.249343 -0.611781
v -1.061016 1.215442 -0.613866
v -1.069812 1.209044 -0.594770
v -1.153392 1.080279 -0.571907
v -1.129240 1.126106 -0.527422
v -1.137961 1.098105 -0.598215
v -0.650719 1.683787 -0.605306
v -0.661251 1.666495 -0.631395
v -0.677306 1.676830 -0.587779
v -0.743764 1.652055 -0.513443
v -1.084699 1.192432 -0.578487
v -0.963430 1.353269 -0.551136
v -0.975382 1.332462 -0.614400
v -1.151877 1.091744 -0.509948
v -0.639515 1.701868 -0.600044
v -0.646713 1.708353 -0.576431
v -1.135134 1.105260 -0.509366
v -1.170192 1.053238 -0.570890
v -1.090240 1.177308 -0.537529
v -0.937281 1.363990 -0.606862
v -0.926955 1.416238 -0.509672
v -1.164854 1.063257 -0.504447
v -0.776560 1.538278 -0.610179
v -0.731599 1.567684 -0.678327
v -1.002916 1.286497 -0.618413
v -0.864007 1.447394 -0.649150
v -0.913139 1.378173 -0.642955
v -0.851218 1.475737 -0.572373
v -0.693338 1.609730 -0.686760
v -0.744459 1.601236 -0.590702
v -0.802454 1.547878 -0.539525
v -0.795661 1.569418 -0.509059
v -0.710557 1.681213 -0.488342
v -0.826038 1.475467 -0.661093
v -0.851296 1.504830 -0.465430
v -0.640960 1.725294 -0.549046
v -0.647591 1.725784 -0.504523
v -0.764229 1.616200 -0.524313
v -0.760687 1.519601 -0.659381
v -0.792466 1.491770 -0.674864
v -1.179774 1.041673 -0.535287
v -1.180935 1.024090 -0.565600
v -1.118454 1.147853 -0.574637
v -1.165090 1.092893 -0.466909
v -1.124890 1.162680 -0.415681
v -1.082750 1.226861 -0.434604
v -0.648756 1.652165 -0.677374
v -0.824430 1.530763 -0.493896
v -0.878601 1.472057 -0.459779
v -1.096187 1.192825 -0.383498
v -1.158423 1.120187 -0.400709
v -0.957332 1.383513 -0.441153
v -0.914219 1.443489 -0.441786
v -0.990564 1.337472 -0.445312
v -1.020836 1.296056 -0.413929
v 0.087269 0.459475 -1.156050
v 0.014062 0.329971 -1.171339
v 0.113298 0.276276 -1.151437
v -0.237277 0.139441 -1.181823
v -0.301849 0.157930 -1.180416
v -0.209190 0.236073 -1.177147
v -0.385072 0.217022 -1.172082
v -0.357924 0.265708 -1.177917
v -0.346742 0.183587 -1.172984
v -0.217446 0.433879 -1.192341
v -0.234198 0.477361 -1.165180
v 0.243796 0.148318 -1.122801
v 0.185199 0.307613 -1.143172
v -0.110709 0.526976 -1.166930
v -0.069044 0.555111 -1.162488
v -0.137583 0.483656 -1.162436
v 0.120076 0.508474 -1.135167
v 0.056955 0.554551 -1.149387
v -0.020808 0.492982 -1.156421
v 0.003997 0.527300 -1.158863
v 0.325378 0.291754 -1.104716
v 0.302150 0.256698 -1.107791
v 0.266262 0.219557 -1.120016
v 0.164458 0.436256 -1.141707
v 0.213594 0.343289 -1.135205
v 0.211141 0.413330 -1.137793
v -0.034524 0.458952 -1.171206
v 0.142309 0.468190 -1.142444
v -0.133045 0.462869 -1.172479
v 0.076665 0.071300 -1.154364
v -0.009297 0.110876 -1.164865
v -0.040250 0.426934 -1.171456
v -0.327229 0.377662 -1.188274
v -0.276244 0.431292 -1.185704
v -0.151197 0.370121 -1.184131
v -0.051136 0.336174 -1.175941
v -0.217647 0.514973 -1.169921
v -0.299565 0.301678 -1.190588
v -0.257114 0.460381 -1.178639
v -0.150177 0.260196 -1.180305
v 0.067705 0.221841 -1.157872
v -0.078988 0.137868 -1.176345
v -0.152084 0.513631 -1.169030
v -0.148753 0.126144 -1.182239
v 0.284941 0.333397 -1.116544
v 0.174411 0.084156 -1.140209
v -0.444332 1.006260 0.484419
v -0.369721 0.997956 0.511348
v -0.423542 1.099809 0.428707
v -0.486958 1.078599 0.421447
v -0.491972 1.052577 0.447294
v -0.442150 0.980898 0.500074
v -0.387276 1.116784 0.434266
v -0.429059 0.973391 0.515291
v -0.424776 0.986956 0.557719
v -0.390388 0.990809 0.577919
v -0.410384 0.974024 0.540533
v -0.462204 1.110523 0.412355
v -0.518647 1.069188 0.421149
v -0.058981 1.189838 0.456363
v -0.126751 1.235999 0.417512
v -0.228760 1.095934 0.475154
v -0.085098 1.131349 0.481052
v -0.189907 1.089528 0.491280
v -0.078608 1.068434 0.520335
v -0.015747 1.114106 0.499188
v -0.010047 1.075559 0.519322
v -0.203639 1.210228 0.420720
v -0.245742 1.193938 0.417619
v -0.265997 1.160451 0.434502
v -0.089632 1.247676 0.413438
v -0.046280 1.239143 0.428929
v -0.176750 1.242849 0.403237
v -0.346359 1.133098 0.430321
v -0.294731 1.144275 0.433211
v -0.029178 1.059863 0.550912
v 0.007011 1.081745 0.573673
v -0.048785 1.079283 0.575114
v -0.315504 1.023678 0.504591
v -0.168953 1.066889 0.516052
v -0.142182 1.055312 0.541300
v -0.294905 1.040765 0.559492
v -0.293761 1.080763 0.569078
v -0.181705 1.050561 0.561662
v -0.189076 1.095812 0.579163
v -0.277252 1.091096 0.477873
v -0.208222 1.034638 0.523904
v -0.275134 1.028308 0.535589
v -0.322987 1.021659 0.557458
v -0.235786 1.061880 0.569682
v -0.225918 1.030416 0.554850
v -0.333169 1.056030 0.575315
v -0.105260 1.089899 0.577974
v -0.371732 0.979559 0.546623
v -0.331258 1.005713 0.530286
v -0.001977 1.139611 0.598029
v -0.249627 1.048556 0.512362
v -0.321585 1.150263 0.431945
v -0.061121 1.129800 0.599009
v -0.411040 1.024867 0.603732
v -0.445161 1.034225 0.618137
v -0.111755 1.138622 0.595043
v -0.373993 1.049540 0.603375
v -0.162614 1.139889 0.600513
v -0.556039 -0.661733 0.847613
v -0.543462 -0.625543 0.827169
v -0.589033 -0.612891 0.815211
v -0.573762 -0.711717 0.954999
v -0.624693 -0.673602 0.980556
v -0.654851 -0.620285 0.922011
v -0.631622 -0.621222 0.869855
v -0.584090 -0.648106 0.899316
v -0.611586 -0.613917 0.810885
v -0.640848 -0.610376 0.812036
v -0.712740 -0.657763 0.980468
v -0.702024 -0.631959 0.905108
v -0.738022 -0.681081 0.827927
v -0.674157 -0.622980 0.838150
v -0.721136 -0.647471 0.798313
v -0.534631 -0.765881 0.888621
v -0.644607 -0.725992 1.025225
v -0.688262 -0.611773 0.802060
v -0.694335 -0.739046 1.028375
v -0.358739 -0.733535 0.874078
v -0.311594 -0.616906 0.892420
v -0.364794 -0.615301 0.877731
v -0.422022 -0.589903 0.868232
v -0.748247 -0.705501 0.798046
v -0.753559 -0.679765 0.931431
v -0.764192 -0.720492 0.932280
v -0.394808 -0.731576 0.864503
v -0.428298 -0.734880 0.860045
v -0.462279 -0.607812 0.856190
v -0.771405 -0.770630 0.784537
v -0.777528 -0.724796 0.775288
v -0.313468 -0.758363 0.890284
v -0.756494 -0.752174 0.833119
v -0.740594 -0.794950 0.843592
v -0.463942 -0.718595 0.852803
v -0.502950 -0.618527 0.843643
v -0.602544 -0.833052 0.967138
v -0.644923 -0.830033 0.992038
v -0.656819 -0.804514 1.024430
v -0.568454 -0.802148 0.939569
v -0.708622 -0.801412 1.023575
v -0.548065 -0.787055 0.903733
v -0.598090 -0.811012 0.979221
v -0.628585 -0.759786 1.020590
v -0.511270 -0.681614 0.836339
v -0.527074 -0.713206 0.850262
v -0.496436 -0.725479 0.837356
v -0.748776 -0.793370 0.960596
v -0.739959 -0.772131 1.012545
v -0.717189 -0.757802 1.030714
v -0.739466 -0.703182 0.995246
v -0.722800 -0.820533 0.987903
v -0.731087 -0.819924 0.906813
v -0.686775 -0.832248 0.986702
v -0.522632 -0.743465 0.843018
v -0.531376 -0.762364 0.861307
v -0.686567 -0.833548 0.987048
v -0.600978 -0.831366 0.965592
v -0.451578 -0.793407 0.835640
v -0.051479 -1.020802 0.851325
v -0.106299 -1.080344 0.790817
v -0.024768 -1.048684 0.831578
v -0.361620 -0.880178 0.839623
v -0.080834 -0.975621 0.867285
v -0.642455 -0.914102 0.746582
v -0.602924 -0.870842 0.829838
v -0.724375 -0.824070 0.989031
v -0.321564 -1.009226 0.793626
v -0.179142 -0.870000 0.887812
v -0.547686 -0.879017 0.783478
v -0.572384 -0.851412 0.891429
v -0.148479 -0.941779 0.871821
v -0.398810 -0.774771 0.861668
v -0.231331 -0.843201 0.889936
v -0.689950 -0.852385 0.844636
v -0.344530 -1.082362 0.687651
v -0.441324 -1.015211 0.699681
v -0.506249 -1.030286 0.669975
v -0.551050 -0.984107 0.697399
v -0.446576 -0.937909 0.774267
v -0.247488 -1.060774 0.778619
v -0.020609 -1.118933 0.755714
v -0.568454 -0.802148 0.939569
v -0.547924 -0.818239 0.894649
v -0.536433 -0.822514 0.813310
v -0.313468 -0.758363 0.890284
v -0.217587 -0.775940 0.902073
v -0.740594 -0.794950 0.843592
v -0.731087 -0.819924 0.906813
v -0.556777 -0.855363 0.823034
v -0.705375 -0.940996 0.717022
v -0.711015 -0.884795 0.755573
v -0.704001 -0.863064 0.788871
v -0.358633 -0.733527 0.873826
v -0.394808 -0.731576 0.864503
v -0.161672 -1.126179 0.713352
v -0.746173 -0.792275 0.960224
v -0.428056 -0.734737 0.858970
v -0.769510 -0.838687 0.748888
v -0.761844 -0.906989 0.724763
v 0.113029 -1.105077 0.795923
v 0.028134 -1.086595 0.804038
v -0.829977 -0.792943 0.741898
v -0.771405 -0.770630 0.784537
v -0.818408 -0.724499 0.754498
v -0.548065 -0.787055 0.903733
v 0.237331 -1.156212 0.744736
v 0.144114 -1.142687 0.741156
v 0.221806 -1.184527 0.689640
v -0.264729 -0.775390 0.897741
v -0.417392 -1.064171 0.606742
v -0.777528 -0.724796 0.775288
v -0.523206 -0.745342 0.844877
v -0.531376 -0.762364 0.861307
v -0.510865 -0.787789 0.813492
v -0.496436 -0.725479 0.837356
v -0.644923 -0.830033 0.992038
v -0.505010 -0.841400 0.793268
v -0.483932 -0.878014 0.791792
v -0.627401 -0.977238 0.698037
v -0.584943 -1.015955 0.684899
v -0.560223 -1.059742 0.638561
v -0.469921 -1.072141 0.572485
v -0.663399 -0.954576 0.699523
v -0.333292 -1.098678 0.596648
v -0.227457 -1.126181 0.610376
v -0.010015 -1.154412 0.629551
v -0.463528 -0.718482 0.851492
v -0.538006 -0.765891 0.887478
v 0.159509 -1.198470 0.563223
v -1.426497 -0.366012 0.235966
v -1.333483 -0.281166 0.344900
v -1.503941 -0.503396 0.040735
v -1.451099 -0.692903 0.150482
v -1.449263 -0.542406 0.214608
v -1.295634 -0.531652 0.442555
v -1.218085 -0.485098 0.501057
v -1.383766 -0.503321 0.332361
v -1.253803 -0.204279 0.409288
v -1.473880 -0.714581 -0.066477
v -1.386290 -0.146207 0.255744
v -1.335137 -0.115486 0.306886
v -1.409268 -0.661956 0.273350
v -1.419917 -0.203899 0.216881
v -1.298198 -0.753955 0.421006
v -1.265680 -0.668643 0.483009
v -1.487091 -0.656610 0.022358
v -1.185523 -0.367039 0.519318
v -1.153328 -0.509636 0.554380
v -1.383000 -0.872705 -0.143629
v -1.424909 -0.810155 -0.139934
v -1.311011 -0.895702 -0.345517
v -1.360758 -0.884041 -0.252969
v -1.354491 -0.837065 -0.341786
v -1.126606 -0.602020 0.600480
v -1.327070 -0.951347 -0.186676
v -1.339046 -0.959146 0.027013
v -1.385453 -0.901682 -0.010186
v -1.314840 -0.859983 0.345990
v -1.254329 -0.871380 0.413431
v -1.498138 -0.607730 -0.040336
v -1.503718 -0.544041 -0.008975
v -1.259193 -1.003177 -0.141758
v -1.381384 -0.842806 0.231837
v -1.433640 -0.797668 0.112514
v -1.382871 -0.911142 0.095274
v -1.499710 -0.418852 0.062041
v -1.478196 -0.408235 0.133523
v -1.495634 -0.617929 -0.125003
v -1.257537 -0.942751 -0.353066
v -1.151936 -0.977401 -0.393232
v -1.314929 -0.933580 0.270335
v -1.300600 -0.978822 0.186915
v -1.187510 -0.777951 0.526273
v -1.175599 -0.872620 0.481950
v -1.460227 -0.330368 0.156492
v -1.448866 -0.257240 0.172776
v -1.383507 -0.086026 0.240302
v -1.438347 -0.722132 -0.219291
v -1.417665 -0.763431 -0.256507
v -1.458908 -0.718030 -0.179173
v -1.096932 -1.030785 -0.190037
v -1.230053 -1.014135 0.029835
v -1.091035 -1.078542 0.357855
v -1.179575 -0.981911 0.380280
v -1.105684 -1.032538 0.389027
v -1.202946 -1.024981 0.221378
v -1.158428 -0.941124 0.443557
v -1.139671 -0.701923 0.587391
v -1.390093 -0.794721 -0.310064
v -1.035189 -1.089886 0.155128
v -1.061647 -1.098612 0.302099
v -0.027597 1.641828 -0.604391
v -0.032625 1.616293 -0.665702
v 0.026937 1.607507 -0.626729
v -0.103641 1.667543 -0.604699
v -0.112478 1.700765 -0.545962
v -0.065778 1.667346 -0.542916
v -0.143711 1.648158 -0.694092
v -0.143557 1.671258 -0.669392
v -0.152037 1.731333 -0.588465
v 0.207537 1.656653 -0.564758
v 0.248556 1.655075 -0.581383
v -0.163794 1.714112 -0.628722
v -0.141784 1.687123 -0.632762
v 0.191241 1.653143 -0.547282
v -0.152339 1.737510 -0.516064
v -0.173855 1.768141 -0.551203
v -0.202441 1.785265 -0.537327
v -0.138329 1.605792 -0.735381
v -0.069760 1.588843 -0.733840
v -0.132449 1.573102 -0.776573
v -0.101289 1.527559 -0.820764
v -0.130102 1.550485 -0.810939
v -0.015568 1.526399 -0.788448
v -0.068893 1.606617 -0.694701
v -0.176614 1.768189 -0.583492
v 0.164022 1.613933 -0.623812
v 0.102338 1.587238 -0.674703
v 0.033582 1.638479 -0.570247
v 0.023681 1.641502 -0.540233
v -0.062887 1.515338 -0.817659
v -0.169660 1.635827 -0.725999
v 0.081160 1.650061 -0.529627
v 0.055462 1.651034 -0.538341
v 0.025360 1.562105 -0.724993
v -0.026336 1.489761 -0.832770
v 0.169679 1.641949 -0.557338
v 0.114279 1.554426 -0.728736
v 0.107538 1.641426 -0.534447
v 0.106780 1.610295 -0.612722
v 0.068004 1.628949 -0.590638
v 0.080676 1.487071 -0.812732
v 0.275895 1.631525 -0.645423
v 0.283535 1.552914 -0.759945
v 0.227005 1.549137 -0.754223
v 0.234245 1.602623 -0.670282
v 0.012735 1.498484 -0.813226
v 0.140367 1.650406 -0.541649
v 0.151341 1.498993 -0.808170
v 0.173633 1.536402 -0.762902
v -0.026783 1.661433 -0.529504
v 0.101502 1.498489 -0.794941
v 0.313923 1.609391 -0.691136
v 0.313451 1.584387 -0.725188
v 0.276947 1.609569 -0.678444
v 0.227707 1.661879 -0.566588
v 0.253494 1.665931 -0.551586
v 0.044287 1.476573 -0.832718
v 0.006101 1.655936 -0.514129
v 0.396255 1.059466 -1.018199
v 0.464097 1.093724 -0.986597
v 0.425343 1.024213 -1.012357
v 0.286978 1.122689 -1.036201
v 0.295378 1.085072 -1.049997
v 0.364683 1.043409 -1.027941
v 0.329755 1.049786 -1.040048
v 0.281408 1.447400 -0.872602
v 0.400826 1.429631 -0.877358
v 0.384548 1.460583 -0.857737
v 0.414612 1.361751 -0.908988
v 0.422651 1.327251 -0.923137
v 0.209349 1.529109 -0.783656
v 0.411318 1.400316 -0.892854
v 0.082461 1.487562 -0.810877
v 0.044287 1.476573 -0.832718
v 0.247733 1.222110 -1.007317
v 0.347108 1.309290 -0.954399
v 0.402990 1.294718 -0.944312
v 0.096149 1.208305 -1.025468
v 0.104640 1.247547 -1.005787
v 0.386054 1.145647 -1.004646
v 0.430417 1.204866 -0.970020
v 0.427096 1.250878 -0.958887
v 0.151341 1.498993 -0.808170
v 0.341403 1.375566 -0.916709
v 0.074986 1.361797 -0.942574
v 0.114979 1.332762 -0.958405
v 0.161806 1.440922 -0.869539
v 0.101502 1.498489 -0.794941
v 0.181203 1.338636 -0.947205
v 0.249207 1.324738 -0.957830
v 0.469860 1.035118 -0.993604
v 0.360495 1.544800 -0.785851
v 0.283535 1.552914 -0.759945
v 0.243995 1.066984 -1.056435
v 0.294228 1.039482 -1.050501
v 0.273449 1.049693 -1.056121
v 0.193638 1.035900 -1.080241
v 0.140311 1.097595 -1.072206
v 0.132412 1.131256 -1.058249
v 0.063737 1.412642 -0.895665
v 0.136683 1.048167 -1.084260
v 0.173633 1.536402 -0.762902
v 0.051210 1.443928 -0.863059
v 0.366109 1.503141 -0.824653
v 0.337322 1.572577 -0.753161
v 0.052846 1.383393 -0.924533
v 0.113223 1.179508 -1.037083
v 0.227222 1.548414 -0.753632
v 0.313451 1.584387 -0.725188
v 0.085152 1.281056 -0.990699
v 0.086269 1.306787 -0.973800
v 0.057668 1.331347 -0.964264
v 0.108970 1.154049 -1.053398
v 0.237953 -0.549438 0.977352
v 0.276203 -0.483479 0.993702
v 0.275567 -0.438483 0.994100
v 0.217074 -0.373390 0.982090
v 0.160268 -0.473443 0.977957
v 0.233600 -0.420122 0.986876
v 0.152053 -0.399225 0.978893
v 0.275729 -0.354013 0.992783
v 0.165169 -0.322945 0.973973
v 0.370090 -0.360828 1.005359
v 0.362245 -0.300268 1.003003
v 0.336540 -0.370631 0.999305
v 0.393436 -0.325280 1.000441
v -0.038466 -0.383718 0.941588
v -0.112336 -0.433999 0.925770
v -0.086070 -0.181016 0.918265
v -0.109203 -0.278195 0.915795
v -0.121472 -0.180035 0.905693
v 0.282570 -0.315366 0.994466
v -0.147832 -0.226040 0.902108
v -0.096445 -0.371459 0.924255
v -0.123998 -0.336318 0.918707
v -0.119252 -0.391307 0.919615
v -0.130812 -0.480296 0.923058
v 0.190251 -0.260362 0.978230
v 0.052727 -0.602894 0.959637
v 0.044386 -0.548475 0.957238
v 0.237257 -0.287376 0.987366
v 0.279807 -0.268208 0.989218
v -0.100780 -0.550058 0.933054
v 0.188388 -0.639026 0.964679
v 0.165545 -0.684208 0.961400
v 0.123718 -0.688997 0.964556
v 0.084842 -0.637058 0.958143
v 0.204544 -0.601679 0.970835
v 0.117103 -0.599830 0.966401
v -0.074444 -0.629921 0.939054
v -0.015572 -0.633768 0.946726
v 0.338981 -0.286406 0.995695
v 0.033571 -0.437325 0.953884
v 0.131992 -0.535330 0.969312
v 0.151461 -0.556977 0.965573
v 0.314654 -0.261485 0.995723
v 0.021267 -0.678820 0.946100
v 0.328636 -0.419919 1.001346
v 0.103708 -0.456715 0.965131
v 0.259807 -0.514915 0.987015
v 0.226030 -0.577635 0.977011
v 0.102885 -0.252259 0.961954
v 0.048513 -0.225939 0.953032
v -0.018961 -0.230249 0.935223
v 0.137803 -0.235142 0.968648
v 0.057809 -0.331044 0.952160
v 0.021584 -0.196453 0.943151
v -0.053434 -0.196424 0.924745
v 0.160192 -0.258224 0.976321
v 0.077016 -0.225948 0.950833
v -1.143383 1.544551 -0.269930
v -1.141490 1.564456 -0.291074
v -1.195753 1.558820 -0.286334
v -1.189497 1.555383 -0.296134
v -1.171549 1.553761 -0.303978
v -1.092510 1.505796 -0.317706
v -1.068757 1.489581 -0.302630
v -1.140646 1.434979 -0.307031
v -1.217588 1.552950 -0.269942
v -1.212708 1.456065 -0.296762
v -1.162362 1.477045 -0.283275
v -1.172146 1.502115 -0.279611
v -1.172271 1.469298 -0.313911
v -1.209596 1.474347 -0.309043
v -1.234304 1.517991 -0.290720
v -1.221577 1.510721 -0.314266
v -1.210796 1.480014 -0.294553
v -1.059297 1.546463 -0.251664
v -1.095896 1.481347 -0.283398
v -0.997462 1.526853 -0.226546
v -1.190295 1.384016 -0.287270
v -1.175969 1.411847 -0.314715
v -1.110633 1.391965 -0.217115
v -1.102412 1.560470 -0.275430
v -1.237412 1.399907 -0.284710
v -1.218297 1.444941 -0.319764
v -1.116307 1.561643 -0.302573
v -1.086152 1.534480 -0.263776
v -1.086534 1.398898 -0.193584
v -1.067834 1.411558 -0.214185
v -1.021355 1.398831 -0.181503
v -1.045368 1.467134 -0.250075
v -1.021872 1.424895 -0.224292
v -1.091581 1.557170 -0.300242
v -1.209216 1.425931 -0.333334
v -1.184768 1.378383 -0.249660
v -1.048791 1.469149 -0.283287
v -1.015410 1.450136 -0.253059
v -1.194775 1.411177 -0.250878
v -1.088884 1.418995 -0.193823
v -1.150040 1.412414 -0.230400
v -0.917979 1.472311 -0.186153
v -0.928634 1.502687 -0.196421
v -0.963983 1.502563 -0.207940
v -1.142583 1.459203 -0.267252
v -1.192214 1.520187 -0.330208
v -1.157233 1.516464 -0.330814
v -1.036004 1.561503 -0.270346
v -1.226954 1.403641 -0.321146
v -1.067438 1.559515 -0.285154
v -1.050794 1.460696 -0.224566
v -1.225887 1.540027 -0.305178
v -0.913473 1.435394 -0.181247
v -0.882038 1.439501 -0.168133
v -0.957942 1.463556 -0.206168
v -0.965206 1.452346 -0.200912
v -1.001604 1.461296 -0.228049
v -0.936262 1.428446 -0.159421
v -1.025131 1.392646 -0.153869
v -0.983574 1.450774 -0.176727
v -0.983468 1.428959 -0.145082
v -0.265428 -0.231146 0.879214
v -0.266695 -0.192562 0.872099
v -0.552028 -0.490748 0.832419
v -0.422013 -0.589954 0.868334
v -1.139671 -0.701923 0.587391
v -1.048933 -0.671418 0.654271
v -1.126606 -0.602020 0.600480
v -0.287099 -0.264662 0.881699
v -0.300710 -0.335905 0.884227
v -0.262282 -0.311286 0.893707
v -1.075526 -0.105299 0.534231
v -0.888072 -0.188025 0.684459
v -1.002004 -0.108824 0.584763
v -0.372215 -0.486089 0.878303
v -0.308974 -0.474357 0.891282
v -0.777528 -0.724796 0.775288
v -0.818381 -0.724524 0.754393
v -0.934847 -0.028970 0.613211
v -0.629529 -0.590393 0.796036
v -0.688262 -0.611773 0.802060
v -0.964106 -0.504904 0.690878
v -0.829977 -0.792943 0.741898
v -0.887438 -0.750884 0.729646
v -1.077949 -0.375977 0.604842
v -0.858266 -0.372340 0.713432
v -0.748591 -0.446214 0.769614
v -0.345424 -0.328844 0.875494
v -1.183641 -0.068846 0.435637
v -0.783120 -0.066237 0.704286
v -1.258013 -0.064548 0.373644
v -1.253803 -0.204279 0.409288
v -0.507853 -0.138868 0.812494
v -0.412372 -0.167343 0.841302
v -1.155903 -0.509482 0.557022
v -0.850800 -0.036205 0.657378
v -0.784751 -0.555516 0.768849
v -0.285377 -0.420487 0.891028
v -0.350530 -0.199331 0.857951
v -0.664369 -0.348296 0.803370
v -0.653655 -0.508721 0.781282
v -0.644213 -0.102691 0.761462
v -1.187324 -0.366745 0.521412
v -0.364229 -0.615343 0.875940
v -0.311178 -0.617123 0.893564
v -0.697914 -0.558472 0.786853
v -0.601477 -0.285546 0.811667
v -0.274818 -0.567766 0.899753
v -0.566296 -0.099607 0.789272
v -0.463276 -0.608641 0.852784
v -0.503034 -0.618621 0.842736
v -0.618401 -0.381735 0.809153
v -1.335137 -0.115486 0.306886
v -0.587950 -0.613390 0.814305
v -0.742363 -0.646618 0.779341
v -0.972234 -0.734139 0.683353
v -0.263658 -0.116063 0.862641
v -0.351255 -0.125478 0.844889
v -0.305520 -0.165827 0.861899
v -0.748247 -0.705501 0.798046
v -0.721136 -0.647471 0.798313
v -1.218085 -0.485098 0.501057
v -0.411820 -0.096200 0.825630
v -0.465357 -0.120153 0.812420
v -0.543462 -0.625543 0.827169
v -1.127351 -0.029486 0.482328
v -1.340409 -0.002191 0.265642
v -1.383507 -0.086026 0.240302
v 1.067550 -0.253308 0.873594
v 1.063051 -0.207340 0.874858
v 0.787248 -0.422614 0.977475
v 0.915906 -0.348382 0.945886
v 0.860808 -0.326290 0.958637
v 0.811186 -0.245509 0.968311
v 0.831015 -0.196102 0.959694
v 0.800739 -0.194812 0.969133
v 1.117114 -0.030478 0.810642
v 1.081046 0.010300 0.827905
v 0.719668 -0.346363 0.988688
v 0.673906 -0.350010 0.996954
v 0.665089 -0.378095 0.994890
v 0.856969 -0.185731 0.948635
v 0.801008 -0.316206 0.973035
v 0.985999 -0.289063 0.917432
v 0.870023 -0.504848 0.961768
v 0.911368 -0.513090 0.953903
v 0.916238 -0.463538 0.950177
v 1.016249 -0.164241 0.889371
v 0.956901 -0.451727 0.939714
v 0.978054 -0.416898 0.929438
v 0.753926 -0.296407 0.980042
v 0.700016 -0.487807 0.989167
v 0.908706 -0.109391 0.924067
v 0.895055 -0.176894 0.938629
v 0.808298 -0.546276 0.976154
v 1.047381 -0.341660 0.894784
v 1.057679 -0.304452 0.883831
v 0.643744 -0.478456 0.997420
v 0.646834 -0.439300 1.001460
v 1.035054 -0.060939 0.870067
v 1.055842 -0.120983 0.869209
v 0.954091 -0.041297 0.900971
v 0.946768 -0.076882 0.908336
v 0.977380 -0.085919 0.897054
v 0.623395 -0.510083 0.993332
v 0.873040 -0.135733 0.941111
v 0.731856 -0.313240 0.982100
v 0.987427 -0.015072 0.886713
v 1.038526 -0.003098 0.856176
v 1.016514 0.046837 0.860352
v 0.716584 -0.551476 0.986311
v 0.751611 -0.555330 0.982329
v 1.079640 -0.063658 0.844402
v 1.139282 -0.075102 0.804271
v 0.669336 -0.557402 0.993541
v 0.668364 -0.402729 0.998300
v 1.019823 -0.376599 0.909386
v 1.176682 -0.112568 0.787220
v 0.777759 -0.555698 0.978493
v 1.130953 -0.155539 0.826733
v 1.119744 -0.223608 0.842089
v 0.609641 -0.550348 1.001356
v 0.641948 -0.539499 0.989839
v 0.851183 -0.545340 0.969714
v 0.862372 -0.159783 0.950313
v 0.771057 -0.264913 0.974426
v 0.743644 -0.568536 0.987677
v 1.181450 -0.641680 -0.492216
v 1.181272 -0.877633 -0.387210
v 1.115410 -0.992267 -0.408473
v 0.614726 -1.052594 -0.741185
v 0.650980 -1.064817 -0.698205
v 1.245733 -0.677469 -0.390952
v 1.306362 -0.822612 -0.222660
v 1.007134 -0.745327 -0.638415
v 0.945929 -0.850724 -0.642084
v 0.640626 -1.018574 -0.741035
v 1.111597 -0.692951 -0.553519
v 1.387216 -0.500700 -0.227201
v 1.349686 -0.400454 -0.339427
v 1.401334 -0.429087 -0.219890
v 1.290136 -0.922659 -0.185269
v 1.324218 -0.516517 -0.339804
v 1.326901 -0.628626 -0.290227
v 0.632396 -1.117384 -0.714160
v 0.610690 -1.080003 -0.766698
v 0.649437 -1.155014 -0.712867
v 0.636987 -1.100622 -0.779548
v 0.750234 -1.173819 -0.686862
v 0.734932 -1.165472 -0.633481
v 1.238724 -1.005549 -0.217708
v 0.857439 -0.911550 -0.682057
v 0.924944 -0.949396 -0.603798
v 1.368212 -0.644832 -0.199291
v 0.853764 -1.233771 -0.140464
v 0.841502 -1.234698 -0.361818
v 0.937446 -1.238558 -0.314830
v 1.397838 -0.363240 -0.247586
v 1.331610 -0.440789 -0.354219
v 0.716383 -1.151487 -0.664396
v 1.329672 -0.755231 -0.212909
v 0.963909 -1.215185 -0.356947
v 1.065876 -1.120633 -0.358557
v 1.014805 -1.188832 -0.342259
v 0.681656 -1.142138 -0.666366
v 0.698837 -1.220533 -0.631033
v 0.597579 -1.245279 -0.548902
v 0.696243 -1.250513 -0.730706
v 0.735000 -1.191619 -0.603346
v 1.274683 -0.472679 -0.439404
v 1.267416 -0.525396 -0.428838
v 1.366424 -0.363142 -0.313280
v 0.708909 -1.115683 -0.652207
v 1.204455 -0.542183 -0.510999
v 0.576994 -1.041982 -0.777708
v 0.751829 -1.198879 -0.712847
v 0.733662 -1.214403 -0.688061
v 0.669183 -1.164294 -0.705414
v 0.771347 -1.188366 -0.541291
v 0.738177 -1.226607 -0.461373
v 0.722859 -1.231162 -0.704373
v 0.223597 -1.197249 -0.186624
v 0.262104 -1.220160 -0.691962
v 0.422739 -1.272775 -0.754802
v 0.740702 -1.159416 -0.609342
v 0.533135 -1.036741 -0.828931
v 0.116252 -1.153837 -0.685775
v 0.619513 -1.242520 -0.200969
v 0.760640 -1.129795 -0.590577
v 1.118927 -1.122025 -0.245309
v 0.697424 -1.000940 -0.717959
v 0.757527 -1.068640 -0.634510
v 0.578870 -0.995281 -0.796896
v 1.296190 -0.436444 -0.414663
v 0.530723 -1.031772 -0.887678
v 0.520448 -1.033548 -0.854769
v 0.556423 -1.041725 -0.848911
v 0.760397 -0.949543 -0.714596
v 0.525136 -1.026824 -0.797118
v 0.993663 -1.225488 -0.270357
v 0.916378 -1.173661 -0.465157
v 0.613919 -1.059258 -0.824052
v 1.410109 -0.565502 -0.135853
v 1.199923 -1.080065 -0.188036
v 0.741622 -1.176346 -0.725539
v 0.732420 -1.154983 -0.692865
v 1.351601 -0.709007 -0.195131
v 0.707563 -1.160916 -0.714924
v 0.674105 -1.144324 -0.757288
v 0.606168 -1.280543 -0.804241
v 0.690222 -1.247126 0.019728
v 1.051433 -1.188334 -0.249654
v -0.086724 -1.083613 -0.693138
v -0.348990 -1.068970 -0.414799
v -0.614325 -0.247523 -1.114554
v -0.564851 -0.402343 -1.108437
v -0.704944 -0.046582 -1.073022
v -0.656494 -0.131655 -1.100832
v -0.842329 -0.757402 -0.868729
v -0.592033 -0.796342 -0.926724
v -0.726616 -0.842858 -0.834268
v -0.595778 -0.698778 -0.994471
v -0.635617 -0.099444 -1.095650
v -0.675451 -0.028493 -1.090721
v -0.596387 0.184320 -1.133578
v -0.691829 0.142932 -1.096024
v -0.647853 0.166531 -1.110545
v -0.701546 0.076836 -1.084074
v -0.520226 0.056255 -1.146640
v -0.620016 -0.066000 -1.109428
v -0.512957 -0.108053 -1.131894
v -0.519212 -0.166533 -1.144163
v -0.464777 -0.575935 -1.098454
v -0.847486 -0.618697 -0.936455
v -0.242035 -0.134899 -1.188698
v -0.078776 0.138057 -1.178234
v -0.148753 0.126144 -1.182239
v -0.228408 -0.096728 -1.171657
v -0.119016 -0.058234 -1.178032
v -0.245306 0.068510 -1.185274
v -0.009297 0.110876 -1.164865
v -0.354867 -0.102418 -1.165856
v -0.430163 -0.098289 -1.149947
v -0.386306 -0.046376 -1.169395
v -0.207292 -0.389486 -1.171857
v -0.278803 -0.207557 -1.187355
v -0.035875 -0.030507 -1.172937
v 0.065089 -0.048043 -1.155933
v -0.116343 -0.340990 -1.182622
v -0.045326 -0.246431 -1.185241
v -0.080517 -0.155506 -1.184098
v -0.449144 -0.306481 -1.152394
v -0.359274 -0.441584 -1.156907
v -0.026188 -0.092760 -1.159740
v 0.076665 0.071300 -1.154364
v -0.401962 -0.130091 -1.171831
v 0.108135 0.007290 -1.152583
v -0.776449 -0.374526 -1.031360
v -0.744169 -0.230084 -1.069284
v -0.746917 -0.032282 -1.070462
v -0.419450 -0.193550 -1.173084
v -0.346606 -0.575208 -1.125870
v -0.754794 -0.089120 -1.072550
v -0.072469 -0.091803 -1.170203
v 0.027950 -0.085695 -1.155563
v -0.730687 -0.009737 -1.067921
v -0.735880 0.038550 -1.068125
v -0.874932 -0.481364 -0.969515
v -0.987536 -0.674173 -0.842347
v -0.552059 0.243311 -1.144765
v -0.496726 0.236651 -1.152553
v -0.440724 0.217436 -1.164404
v -0.385072 0.217022 -1.172082
v -0.513471 -0.657720 -1.050578
v -0.861329 -0.816291 -0.814276
v -0.022308 -0.128805 -1.175898
v -0.671523 0.213408 -1.113886
v -0.631853 0.244005 -1.124465
v -0.237277 0.139441 -1.181823
v -0.261857 -0.485229 -1.163403
v -0.302271 0.158106 -1.181211
v -0.346742 0.183587 -1.172984
v -0.592526 0.237691 -1.131573
v -0.966136 -0.778151 -0.800677
v 0.174411 0.084156 -1.140209
v 0.541496 -0.965270 0.837531
v 0.605659 -0.941103 0.848571
v 0.409257 -0.870810 0.902226
v 0.441854 -0.795989 0.935721
v 0.399974 -0.832646 0.921460
v 0.725438 -0.838104 0.987507
v 0.763056 -0.809038 0.970262
v 0.746521 -0.782924 1.141001
v 0.914265 -0.846436 0.883523
v 0.844131 -0.876238 0.878189
v 0.895600 -0.903407 0.864533
v 0.520252 -0.843808 0.923295
v 0.802305 -0.772736 0.944874
v 0.785621 -0.779904 0.961323
v 0.718502 -0.784983 1.157985
v 0.778850 -0.744913 1.002548
v 0.742145 -0.856486 0.914179
v 0.770826 -0.608698 0.981988
v 0.851815 -0.545215 0.971886
v 0.766127 -0.745157 1.149034
v 0.512441 -0.791164 0.955808
v 0.540951 -0.993327 0.829071
v 0.841555 -0.837758 0.907609
v 0.774106 -0.837939 0.918407
v 0.747954 -0.885968 0.896130
v 0.363977 -0.954098 0.877248
v 0.430009 -0.969791 0.849593
v 0.424054 -0.936989 0.881137
v 0.784120 -0.749665 1.069336
v 0.345217 -0.884273 0.909402
v 0.342003 -0.918522 0.901175
v 0.383763 -0.888144 0.900390
v 0.444667 -1.014313 0.833950
v 0.401609 -0.988106 0.850038
v 0.841402 -0.741347 0.949348
v 0.925001 -0.739202 0.918885
v 0.914546 -0.703214 0.932972
v 0.916248 -0.545035 0.952006
v 0.864236 -0.608338 0.962837
v 0.943265 -0.573277 0.941665
v 0.849931 -0.655811 0.965836
v 0.924637 -0.654668 0.938951
v 0.794112 -0.669490 0.967095
v 0.895592 -0.618787 0.953430
v 0.869063 -0.949615 0.847319
v 0.817990 -0.961301 0.837149
v 0.650892 -0.941777 0.843309
v 0.673053 -0.888334 0.917584
v 0.706153 -1.015665 0.800085
v 0.681410 -0.987142 0.817623
v 0.662061 -1.027711 0.788953
v 0.782636 -0.933634 0.846714
v 0.733200 -0.955274 0.824703
v 0.572102 -1.048314 0.791970
v 0.778291 -0.701687 1.114271
v 0.777219 -0.669144 1.078474
v 0.777759 -0.555698 0.978493
v 0.808010 -0.546338 0.975871
v 0.593374 -0.788122 1.030680
v 0.604259 -0.846721 0.951873
v 0.615102 -0.791541 1.089812
v 0.651400 -0.804662 1.112526
v 0.574055 -0.810088 0.972423
v 0.749926 -0.626274 0.996904
v 0.736533 -0.590571 0.984528
v 0.743182 -0.568729 0.985656
v 0.911364 -0.513090 0.953890
v 0.751611 -0.555330 0.982329
v 0.769145 -0.674239 0.980267
v 0.491861 -0.927617 0.868456
v 0.749626 -0.634981 1.030928
v 0.524545 -1.056234 0.796021
v 0.492794 -1.006775 0.826827
v 0.779225 -0.980127 0.824950
v 0.619626 -1.061078 0.772014
v 0.870173 -0.504659 0.963931
v 0.756283 -1.024925 0.799701
v 0.686709 -0.799892 1.148857
v 0.578704 -0.758231 0.999940
v 0.548092 -0.776797 0.967131
v 0.240790 0.555715 -1.120535
v 0.273398 0.741287 -1.102392
v 0.492700 0.804243 -1.012812
v 0.480192 0.844624 -1.016248
v 0.379736 0.502543 -1.079423
v 0.363323 0.469682 -1.094898
v 0.487930 0.765789 -1.030562
v 0.440753 0.867340 -1.037247
v 0.206856 0.849171 -1.094530
v 0.568641 0.833573 -0.982657
v 0.406057 0.801492 -1.049870
v 0.241851 0.491142 -1.114566
v 0.231457 0.455925 -1.129292
v 0.399281 0.757417 -1.065275
v 0.425515 1.024304 -1.012773
v 0.597246 0.666331 -0.999034
v 0.597753 0.722997 -0.998316
v 0.653598 0.758941 -0.968970
v 0.653901 0.816644 -0.958066
v 0.165813 0.755927 -1.117540
v 0.056955 0.554551 -1.149387
v 0.119333 0.508949 -1.134079
v 0.334676 0.854884 -1.066426
v 0.205022 0.903104 -1.096744
v 0.217056 0.934903 -1.092759
v 0.422290 0.576635 -1.070092
v 0.358730 0.886861 -1.062515
v 0.531718 0.975562 -0.986065
v 0.510564 1.022323 -0.987301
v 0.146505 0.800726 -1.113158
v 0.197348 0.871991 -1.104481
v 0.208535 0.984727 -1.085458
v 0.257685 0.987429 -1.072059
v 0.365523 1.044415 -1.031527
v 0.329755 1.049786 -1.040048
v 0.294228 1.039482 -1.050501
v 0.259162 1.024804 -1.061468
v 0.129380 0.690204 -1.132940
v 0.333621 0.332669 -1.103803
v 0.372990 0.396616 -1.094170
v 0.360714 0.352030 -1.098375
v 0.396245 1.059451 -1.018181
v 0.538835 0.644047 -1.023556
v 0.528133 0.530242 -1.031100
v 0.489528 0.500846 -1.041352
v 0.469860 1.035118 -0.993604
v 0.273449 1.049693 -1.056121
v 0.161176 0.843091 -1.107046
v 0.559786 0.882477 -0.994066
v 0.514498 0.578378 -1.036131
v 0.627413 0.841385 -0.968507
v 0.404581 0.426467 -1.086373
v 0.446169 0.443608 -1.070472
v 0.325378 0.291754 -1.104716
v 0.284941 0.333397 -1.116544
v 0.213594 0.343289 -1.135205
v 0.211141 0.413330 -1.137793
v 0.063135 0.626206 -1.146539
v 0.557866 0.938404 -0.981853
v 0.463437 0.489460 -1.059255
v 0.439341 0.481142 -1.067901
v 0.614288 0.877299 -0.973579
v 0.164275 0.436297 -1.141233
v 0.142309 0.468190 -1.142444
v 1.238155 -0.228753 0.753024
v 1.119744 -0.223608 0.842089
v 1.210737 -0.169050 0.766746
v 1.239232 -0.195304 0.746658
v 1.042430 -0.742417 0.865347
v 1.262657 -0.526328 0.730908
v 1.236606 -0.639414 0.738925
v 1.104552 -0.673859 0.844539
v 0.914465 -0.845665 0.883035
v 0.895600 -0.903407 0.864533
v 0.949628 -0.893560 0.854219
v 1.005678 -0.598058 0.917346
v 1.171750 -0.495415 0.825621
v 1.131160 -0.155513 0.827069
v 1.176682 -0.112568 0.787220
v 1.264042 -0.750228 0.662950
v 1.206573 -0.818475 0.707357
v 1.233508 -0.807756 0.675780
v 0.993545 -0.751957 0.888069
v 1.028364 -0.710470 0.879821
v 1.308697 -0.615251 0.640517
v 1.031553 -0.879316 0.820888
v 1.182773 -0.821453 0.730016
v 1.185371 -0.732657 0.769142
v 1.048354 -0.341404 0.897632
v 1.019823 -0.376599 0.909386
v 1.077720 -0.389954 0.886488
v 1.056918 -0.523158 0.893577
v 1.074365 -0.862703 0.801371
v 1.128022 -0.839450 0.774264
v 1.001134 -0.448655 0.923570
v 0.978662 -0.416853 0.930712
v 1.182751 -0.361642 0.808707
v 1.237080 -0.397553 0.763582
v 1.153626 -0.847179 0.746636
v 0.924896 -0.654820 0.939824
v 0.943265 -0.573277 0.941665
v 0.991167 -0.917648 0.822947
v 0.976567 -0.703464 0.909879
v 0.914546 -0.703214 0.932972
v 1.162836 -0.671103 0.808791
v 1.213361 -0.281236 0.783134
v 1.113271 -0.391859 0.864737
v 1.068189 -0.253341 0.874724
v 1.057679 -0.304452 0.883831
v 1.337276 -0.543711 0.611004
v 1.328040 -0.465591 0.637960
v 0.920720 -0.785410 0.905927
v 1.302601 -0.379407 0.684933
v 1.261590 -0.236702 0.730198
v 0.957407 -0.451605 0.940991
v 0.916248 -0.545035 0.952006
v 1.291620 -0.319551 0.700818
v 1.296544 -0.690830 0.638462
v 0.916238 -0.463538 0.950177
v 0.911368 -0.513090 0.953903
v 1.267202 -0.276036 0.726310
v 1.148881 -0.620412 0.824010
v 0.895592 -0.618787 0.953430
v 0.924547 -0.738751 0.917835
v 1.344756 -0.404861 0.618035
v 1.351091 -0.940491 0.106692
v 1.319129 -0.979544 -0.025750
v 1.182681 -1.011623 0.572172
v 1.162350 -0.936475 0.675139
v 1.244736 -0.918729 0.585871
v 1.343024 -0.929041 0.217314
v 1.240398 -1.006632 -0.218329
v 1.290136 -0.922659 -0.185269
v 1.145537 -0.979150 0.646661
v 1.397153 -0.839330 0.234361
v 1.408520 -0.790754 0.144837
v 1.393523 -0.810147 0.055006
v 1.036810 -1.088577 0.579400
v 0.942027 -1.136390 0.461042
v 1.182930 -0.869305 0.703351
v 1.362380 -0.772946 0.470678
v 1.257509 -0.989202 0.483454
v 1.221368 -1.042562 0.375805
v 1.077983 -0.999309 0.697435
v 1.010548 -1.074288 0.667610
v 1.462421 -0.527967 0.118755
v 1.401334 -0.429087 -0.219890
v 1.419985 -0.456806 -0.151977
v 1.387216 -0.500700 -0.227201
v 1.350011 -0.909765 0.309381
v 1.394891 -0.802279 0.343042
v 1.346228 -0.884160 0.417007
v 1.036197 -1.034281 0.687210
v 1.398096 -0.799876 0.285182
v 1.285604 -1.007131 0.188238
v 1.124524 -1.123096 0.160568
v 0.808425 -1.140053 0.631578
v 0.738705 -1.183720 0.567123
v 1.423254 -0.653321 0.250539
v 1.420129 -0.681733 0.312081
v 1.342589 -0.915345 -0.062704
v 1.432605 -0.642383 0.037434
v 1.114195 -0.943740 0.712182
v 1.263260 -0.750194 0.662529
v 1.298653 -0.691021 0.639646
v 1.246457 -1.073262 0.003043
v 1.134345 -1.150945 -0.085520
v 1.196007 -1.112970 -0.119198
v 1.124873 -1.073129 0.530517
v 1.442608 -0.630400 0.209204
v 1.235004 -0.808247 0.676764
v 1.384720 -0.711013 -0.117030
v 1.410109 -0.565502 -0.135853
v 1.372572 -0.470132 0.550977
v 1.344756 -0.404861 0.618035
v 1.328040 -0.465591 0.637960
v 1.199923 -1.080065 -0.188036
v 1.127137 -1.151892 -0.168451
v 1.118927 -1.122025 -0.245309
v 1.447856 -0.571360 0.313133
v 1.439313 -0.624733 0.296533
v 1.293588 -0.896656 0.524596
v 1.408670 -0.512071 0.457806
v 1.308301 -0.615174 0.640252
v 1.338813 -0.543893 0.611770
v 1.351272 -0.708883 -0.194981
v 1.329672 -0.755231 -0.212909
v 1.427921 -0.690284 0.219498
v 1.436358 -0.515177 0.372063
v 1.457291 -0.524342 0.053596
v 1.431029 -0.502640 -0.096511
v 1.304993 -0.822172 -0.221877
v 1.080297 -1.168115 -0.181924
v 0.994539 -1.229277 -0.270687
v 1.051433 -1.188334 -0.249654
v 0.997146 -1.188458 0.009193
v 1.454292 -0.522348 0.239624
v 1.441082 -0.480021 -0.057240
v 1.368332 -0.644870 -0.199351
v 0.745975 -1.220387 0.268557
v 0.853764 -1.233771 -0.140464
v 1.453506 -0.478088 -0.001032
v 1.471408 -0.500638 0.181501
v 0.889413 -1.105743 0.661072
v 0.965544 -1.097214 0.641702
v 0.690222 -1.247126 0.019728
v 1.361331 0.809394 0.277910
v 1.350965 0.762240 0.258543
v 1.386200 0.770316 0.258591
v 1.269416 0.754548 0.388680
v 1.315624 0.739447 0.332508
v 1.469161 0.629311 0.303636
v 1.484990 0.563503 0.308029
v 1.487535 0.538846 0.259139
v 1.388956 0.466754 0.362516
v 1.450911 0.699257 0.138954
v 1.280553 0.474835 0.504473
v 1.269631 0.447686 0.534107
v 1.279961 0.407259 0.536418
v 1.343157 0.429336 0.456674
v 1.444128 0.665391 0.283381
v 1.433076 0.676419 0.300120
v 1.459102 0.639352 0.311928
v 1.350035 0.331993 0.469498
v 1.415783 0.728442 0.256304
v 1.400267 0.741931 0.263347
v 1.457565 0.606753 0.269248
v 1.444066 0.638378 0.173662
v 1.475052 0.651938 0.082787
v 1.422411 0.657134 0.297283
v 1.376324 0.660511 0.289963
v 1.273578 0.303183 0.580231
v 1.327666 0.192271 0.539637
v 1.263773 0.712147 0.420505
v 1.420407 0.490783 0.283874
v 1.435485 0.461995 0.240430
v 1.422296 0.701121 0.215870
v 1.497013 0.493997 0.184424
v 1.492773 0.473151 0.216274
v 1.428893 0.308517 0.317994
v 1.399545 0.279087 0.392033
v 1.319463 0.155699 0.566144
v 1.459320 0.590919 0.138071
v 1.487251 0.511166 0.185348
v 1.416317 0.766794 0.225859
v 1.481953 0.596247 0.059489
v 1.430463 0.759653 0.147900
v 1.381164 0.553384 0.330580
v 1.370940 0.617347 0.314416
v 1.272526 0.681764 0.434934
v 1.290037 0.641925 0.427440
v 1.360863 0.532421 0.384957
v 1.333415 0.656952 0.363008
v 1.488738 0.503964 0.157288
v 1.444425 0.292017 0.268313
v 1.469486 0.570570 0.103640
v 1.345881 0.223461 0.502152
v 1.364750 0.265951 0.456741
v 1.366524 0.729860 0.254701
v 1.398955 0.814916 0.228576
v 1.479106 0.525957 0.118984
v 1.475649 0.542765 0.101765
v 1.369940 0.648928 0.297882
v 1.349908 0.712675 0.283228
v 1.438661 0.426492 0.232763
v 1.406142 0.546297 0.302292
v 1.385001 0.697521 0.276896
v 1.486912 0.504336 0.130478
v 1.407746 0.613191 0.298006
v 1.441958 0.520284 0.283891
v 1.391022 0.813220 0.275149
v 1.462360 0.467918 0.226922
v 1.470567 0.525735 0.285616
v 1.492939 0.461579 0.195110
v 1.455056 0.583384 0.291647
v 1.282015 0.602112 0.452662
v 1.291409 0.510005 0.482024
v 1.274378 0.561049 0.485128
v 1.277449 0.536542 0.491210
v 1.445183 0.719876 0.114705
v 1.284197 0.203091 0.594814
v 1.268229 0.367884 0.565243
v 1.283432 0.149656 0.615304
v 1.319932 0.773174 0.296891
v 0.056669 1.522737 0.115250
v -0.044299 1.509033 0.121466
v 0.095839 1.651239 -0.140088
v 0.130170 1.640988 -0.084564
v -0.080251 1.625277 -0.108969
v -0.134395 1.599542 -0.058069
v 0.157983 1.542343 0.114635
v 0.184620 1.553177 0.100569
v -0.169330 1.637312 -0.119012
v 0.173553 1.612451 -0.009119
v 0.140842 1.596877 0.021032
v -0.216601 1.520171 0.077642
v -0.092576 1.404865 0.243289
v -0.068054 1.393824 0.247194
v -0.069348 1.415965 0.234931
v 0.100410 1.662516 -0.187963
v 0.027016 1.651270 -0.169848
v -0.054536 1.588048 -0.024432
v -0.118226 1.587578 -0.024484
v -0.022266 1.438013 0.196772
v -0.006082 1.457582 0.170651
v -0.201578 1.586460 -0.033223
v -0.134547 1.573698 -0.004607
v -0.003393 1.485977 0.159367
v 0.019580 1.447496 0.185761
v -0.026378 1.664024 -0.223716
v -0.101323 1.654492 -0.192687
v -0.258959 1.579965 -0.016289
v 0.055381 1.465226 0.208378
v 0.080991 1.475934 0.186456
v 0.124817 1.505633 0.156014
v 0.097228 1.492643 0.164513
v -0.192092 1.467602 0.126475
v -0.099272 1.370427 0.259177
v -0.085229 1.383108 0.251060
v -0.036798 1.561892 0.033421
v 0.004791 1.590715 -0.024031
v -0.144863 1.539003 0.040071
v -0.193112 1.426199 0.181150
v -0.190267 1.620059 -0.087004
v -0.237191 1.615908 -0.070232
v -0.153116 1.356125 0.264286
v -0.147342 1.337235 0.280051
v -0.184564 1.487951 0.126100
v -0.170376 1.364769 0.248085
v -0.129961 1.447838 0.165556
v -0.190832 1.385560 0.241827
v -0.164142 1.405419 0.210557
v -0.219649 1.502439 0.112315
v -0.275418 1.468630 0.151959
v -0.119515 1.419190 0.203337
v -0.118071 1.399821 0.228903
v 0.069440 1.662724 -0.218100
v -0.314420 1.481373 0.123286
v -0.052393 1.471095 0.171162
v -0.216548 1.415221 0.214651
v -0.219005 1.394874 0.234541
v -0.117620 1.469212 0.165641
v 0.140668 1.523704 0.127396
v -0.110696 1.517487 0.082477
v -0.092055 1.452646 0.202796
v -0.037582 1.422667 0.208474
v -0.288083 1.561829 0.018669
v -0.267720 1.596714 -0.041356
v -0.039809 1.412107 0.230280
v -0.003095 1.449042 0.189263
v -0.248940 1.448421 0.168049
v -0.077334 1.667946 -0.233264
v -0.225766 1.442170 0.153675
v 0.026462 1.661398 -0.244288
v 0.202420 1.579420 0.069344
v 0.193562 1.606351 0.030388
v 0.034447 1.465053 0.194920
v -0.224301 1.424468 0.205627
v -0.238012 1.431643 0.190003
v -0.327026 1.536518 0.054807
v -0.354864 1.508926 0.084691
v 0.182246 1.633739 -0.049522
v 0.240698 1.599952 0.059454
v -0.011180 1.668040 -0.299953
v -0.077332 1.679320 -0.285669
v -0.010433 1.180272 0.722859
v -0.040413 1.172222 0.664069
v 0.010510 1.190439 0.693898
v -0.009710 1.183281 0.657599
v -0.308136 1.277991 0.703295
v -0.308368 1.274871 0.655057
v -0.353652 1.250521 0.692790
v -0.255924 1.286630 0.667041
v -0.267729 1.271641 0.631836
v -0.320931 1.222314 0.751753
v -0.370738 1.195224 0.758476
v -0.309129 1.244550 0.622584
v -0.261565 1.067520 0.880101
v -0.295773 1.200472 0.766942
v -0.272162 1.275781 0.711001
v -0.047959 1.050992 0.912682
v -0.032089 1.018674 0.926747
v -0.357670 1.023562 0.865224
v -0.283682 1.000433 0.903495
v -0.378768 1.204537 0.648624
v -0.187126 0.985484 0.925261
v -0.161327 0.964934 0.933798
v -0.130422 0.966297 0.938054
v -0.446771 1.057706 0.747241
v -0.447830 1.065671 0.723429
v -0.446667 1.058596 0.703044
v -0.421727 1.077236 0.657968
v -0.445176 1.052971 0.670792
v -0.439655 1.066894 0.635655
v -0.463113 1.062606 0.642664
v -0.277706 1.180194 0.609090
v -0.237905 1.142057 0.598423
v -0.402521 1.087333 0.638754
v -0.445161 1.034225 0.618137
v -0.411040 1.024867 0.603732
v -0.360659 1.162002 0.620295
v -0.333085 1.055961 0.575505
v -0.373993 1.049540 0.603375
v -0.397221 1.193804 0.676417
v -0.403948 1.174749 0.747431
v -0.430509 1.139949 0.715681
v -0.098692 1.188658 0.704693
v -0.113279 1.178237 0.625175
v -0.119362 1.198436 0.666458
v -0.193825 1.207025 0.666935
v -0.164661 1.190573 0.688035
v -0.170684 1.194600 0.659307
v -0.049624 1.167463 0.637645
v -0.146565 1.189244 0.733484
v -0.260504 1.208873 0.744175
v -0.225686 1.253290 0.700500
v -0.213799 1.193688 0.711969
v -0.210129 1.229092 0.667623
v -0.232549 1.258577 0.641858
v -0.200928 1.179499 0.630373
v -0.162614 1.139889 0.600513
v -0.064163 1.132480 0.596267
v -0.187130 1.028660 0.917203
v -0.340250 1.098952 0.829260
v -0.221214 0.983815 0.922749
v -0.419533 1.108185 0.765631
v -0.394244 1.062967 0.799751
v -0.099234 0.974560 0.933410
v -0.071823 0.995310 0.934008
v -0.001657 1.173456 0.628238
v -0.001977 1.139611 0.598029
v -0.293761 1.080763 0.569078
v -0.189076 1.095812 0.579163
v -0.177610 1.166179 0.777604
v -0.237577 1.163434 0.786224
v -0.235786 1.061880 0.569682
v -0.117512 1.072597 0.897299
v -0.239031 1.110245 0.846236
v 0.009315 1.161888 0.789657
v -0.112597 1.170158 0.784920
v -0.015653 1.142113 0.818762
v 0.009593 1.172873 0.760880
v -0.059420 1.105385 0.873013
v -0.028187 1.078228 0.878811
v -0.015851 1.096625 0.858728
v -0.044721 1.070129 0.895769
v -0.112538 0.948433 0.940790
v -0.007140 1.176634 0.744962
v -0.028736 1.120398 0.839918
v -0.095862 0.943281 0.940181
v 0.328636 -0.419919 1.001346
v 0.368102 -0.398389 1.003700
v 0.335363 -0.371557 1.001700
v 0.424210 -0.309680 1.004095
v 0.423259 -0.365482 1.010036
v 0.408629 -0.398556 1.007981
v 0.393436 -0.325280 1.000441
v 0.423285 -0.518508 1.019924
v 0.405056 -0.570370 1.011460
v 0.461928 -0.317008 1.002763
v 0.370090 -0.360828 1.005359
v 0.514371 -0.336842 1.007431
v 0.406163 -0.485640 1.013652
v 0.435320 -0.469398 1.014241
v 0.362891 -0.507789 1.011232
v 0.609649 -0.550357 1.001578
v 0.623918 -0.508502 0.992597
v 0.578662 -0.451075 0.999376
v 0.469046 -0.450157 1.016996
v 0.351107 -0.729388 0.958980
v 0.396840 -0.709767 0.973159
v 0.573360 -0.660983 1.016043
v 0.595922 -0.613152 1.010454
v 0.576689 -0.595202 1.000843
v 0.601417 -0.385342 1.007355
v 0.338924 -0.560794 0.996749
v 0.540792 -0.624134 1.001244
v 0.196574 -0.783540 0.949224
v 0.665520 -0.377476 0.996485
v 0.673906 -0.350010 0.996954
v 0.629983 -0.393413 1.001132
v 0.408805 -0.621634 0.996326
v 0.449348 -0.589125 1.009613
v 0.623439 -0.340118 1.000451
v 0.519215 -0.702314 0.980093
v 0.499453 -0.568261 1.010532
v 0.202386 -0.684548 0.960294
v 0.239773 -0.741689 0.955458
v 0.541840 -0.459297 1.008652
v 0.545250 -0.381192 1.003605
v 0.644166 -0.480589 1.000940
v 0.622212 -0.587318 1.002587
v 0.592503 -0.326286 1.000866
v 0.376430 -0.617675 0.998607
v 0.560739 -0.319124 1.007195
v 0.490959 -0.649013 0.993149
v 0.274733 -0.819085 0.930504
v 0.521537 -0.422699 1.006576
v 0.196094 -0.751077 0.950087
v 0.188843 -0.636912 0.965454
v 0.156759 -0.725698 0.956389
v 0.313975 -0.574307 0.993960
v 0.298294 -0.592445 0.983207
v 0.646793 -0.439204 1.000620
v 0.275567 -0.438483 0.994100
v 0.305577 -0.693423 0.962698
v 0.330864 -0.811437 0.932852
v 0.165545 -0.684208 0.961400
v 0.391832 -0.797250 0.938384
v 0.364325 -0.781996 0.939468
v 0.259807 -0.514915 0.987015
v 0.276203 -0.483479 0.993702
v 0.238599 -0.547774 0.979222
v 0.226145 -0.577460 0.975318
v 0.204544 -0.601679 0.970835
v 0.667931 -0.402946 0.995620
v 0.441854 -0.795989 0.935721
v 0.480122 -0.740589 0.963592
v 0.560509 -0.694595 0.993759
v 0.602443 -0.624981 1.043550
v 0.583905 -0.650517 1.049116
v 0.053263 1.385206 -0.926472
v -0.009849 1.412966 -0.906558
v -0.108257 1.487814 -0.859005
v -0.089754 1.451203 -0.891489
v -0.325904 1.431415 -0.952834
v -0.475516 1.148854 -1.063677
v -0.473504 1.104311 -1.079123
v -0.291514 1.499176 -0.911222
v -0.209446 1.482130 -0.899191
v -0.174975 1.404159 -0.952240
v 0.022283 1.201650 -1.037106
v 0.108934 1.153969 -1.053120
v -0.384359 1.371076 -0.986932
v -0.025994 1.490832 -0.833581
v 0.051210 1.443928 -0.863059
v 0.045226 1.478517 -0.835013
v 0.063737 1.412642 -0.895665
v -0.149101 1.395752 -0.947085
v -0.455162 1.237220 -1.037182
v -0.466681 1.309877 -1.001210
v -0.101289 1.527559 -0.820764
v -0.061847 1.516355 -0.818935
v -0.388654 1.092570 -1.092136
v -0.353337 1.035460 -1.111366
v -0.064018 1.352154 -0.963760
v -0.052223 1.187739 -1.054926
v 0.043493 1.237313 -1.022548
v -0.165082 1.457334 -0.912430
v -0.203415 1.533155 -0.854189
v -0.323000 1.224790 -1.051631
v -0.462894 1.207294 -1.045351
v 0.075480 1.362215 -0.943249
v -0.422650 1.018903 -1.115954
v 0.057829 1.331802 -0.964931
v 0.132392 1.130909 -1.057685
v 0.041322 1.125387 -1.072796
v 0.104459 1.247496 -1.004557
v 0.096149 1.208305 -1.025468
v -0.168942 1.532595 -0.848901
v 0.085524 1.281501 -0.992872
v -0.442163 1.362176 -0.981113
v -0.487552 1.053110 -1.097180
v 0.012735 1.498484 -0.813226
v -0.318493 1.321460 -1.012095
v -0.157419 1.220209 -1.046027
v -0.186209 1.112521 -1.087964
v -0.251736 1.049914 -1.108311
v -0.022964 1.034204 -1.103668
v -0.170227 1.291972 -1.014738
v 0.113223 1.179508 -1.037083
v -0.432464 1.449997 -0.937110
v -0.386807 1.466786 -0.930893
v -0.453194 1.407833 -0.957480
v 0.083106 1.055923 -1.086145
v 0.136914 1.047032 -1.081974
v -0.272103 1.156680 -1.074126
v -0.207250 1.517595 -0.876563
v -0.341429 1.496315 -0.913810
v -0.463543 1.029597 -1.108036
v -0.426761 1.489262 -0.919132
v -0.048827 1.318215 -0.980174
v -0.494744 1.177619 -1.049796
v -0.259761 1.509551 -0.893819
v -0.079345 1.300762 -1.000286
v -0.296417 1.046153 -1.109682
v 0.140301 1.097586 -1.072141
v -0.492043 1.020582 -1.109188
v -0.479267 1.263200 -1.018668
v -0.199359 1.045711 -1.112289
v -0.145338 1.045855 -1.107772
v -0.242800 1.530856 -0.873752
v -0.165263 1.331680 -0.987915
v 0.042407 1.015740 -1.102684
v -0.073512 1.068660 -1.098947
v -0.169600 1.556159 -0.822932
v -0.130102 1.550485 -0.810939
v 0.086269 1.306787 -0.973800
v -0.547922 1.330028 0.162049
v -0.364829 1.439843 0.150940
v -0.409917 1.476136 0.101022
v -0.550761 1.307994 0.202561
v -0.580985 1.264092 0.256487
v -0.592239 1.481267 -0.009277
v -0.629984 1.405546 0.050078
v -0.261223 1.312842 0.322987
v -0.266380 1.319912 0.289403
v -0.216460 1.323376 0.292635
v -0.191362 1.328829 0.292159
v -0.201743 1.359368 0.255929
v -0.729162 1.412100 -0.041192
v -0.683769 1.452164 -0.048084
v -0.544379 1.389887 0.092109
v -0.219005 1.394874 0.234541
v -0.267295 1.370356 0.257285
v -0.209119 1.378070 0.256026
v -0.576188 1.390888 0.099047
v -0.223174 1.313915 0.302308
v -0.237439 1.313761 0.325527
v -0.405635 1.339042 0.234130
v -0.547917 1.430634 0.069540
v -0.466872 1.456449 0.083074
v -0.406654 1.445664 0.118133
v -0.436993 1.355936 0.187499
v -0.293496 1.298338 0.326028
v -0.462603 1.292724 0.254858
v -0.640646 1.488306 -0.058176
v -0.426216 1.508162 0.063577
v -0.300344 1.442181 0.173693
v -0.319084 1.372675 0.242426
v -0.216794 1.415950 0.212921
v -0.770855 1.382790 -0.021113
v -0.781398 1.357637 0.009946
v -0.738390 1.335351 0.078251
v -0.688248 1.353345 0.089343
v -0.794538 1.412747 -0.110202
v -0.735082 1.438112 -0.082530
v -0.232362 1.355236 0.261468
v -0.340020 1.245024 0.349633
v -0.375431 1.210280 0.370526
v -0.365163 1.366299 0.222188
v -0.502341 1.307865 0.201123
v -0.521599 1.487710 0.028762
v -0.272398 1.467104 0.153971
v -0.314420 1.481373 0.123286
v -0.247504 1.449329 0.169927
v -0.381072 1.426774 0.144036
v -0.238012 1.431643 0.190003
v -0.359241 1.285053 0.308178
v -0.412218 1.344726 0.204974
v -0.291654 1.324370 0.300063
v -0.707264 1.305676 0.134120
v -0.508928 1.291595 0.232425
v -0.600976 1.346990 0.144669
v -0.482067 1.506102 0.032048
v -0.547205 1.229556 0.294310
v -0.302042 1.259300 0.342030
v -0.769993 1.459635 -0.150618
v -0.801206 1.429213 -0.143474
v -0.831802 1.400055 -0.134107
v -0.646710 1.310952 0.170339
v -0.173423 1.325787 0.294214
v -0.354864 1.508926 0.084691
v -0.668351 1.258807 0.216823
v -0.710113 1.234685 0.225895
v -0.694371 1.196201 0.262065
v -0.184407 1.377185 0.239752
v -0.712029 1.273531 0.176290
v -0.477808 1.222343 0.323784
v -0.404732 1.233627 0.342996
v -0.468384 1.148982 0.381824
v -0.527137 1.133091 0.379355
v -0.602732 1.144316 0.341184
v -0.636567 1.177861 0.303639
v -0.163847 1.333606 0.286817
v -0.147263 1.336862 0.280064
v -0.153116 1.356125 0.264286
v -0.547971 1.489555 0.009085
v -0.819968 1.425587 -0.158065
v -0.864698 1.406121 -0.154756
v -0.490204 1.120058 0.391052
v -0.504815 1.100566 0.404952
v -0.292806 1.731331 -0.344116
v -0.272522 1.700684 -0.242406
v -0.342767 1.745862 -0.334880
v -0.390344 1.786429 -0.386780
v -0.377307 1.716007 -0.272790
v -0.135952 1.697508 -0.407611
v -0.096336 1.687961 -0.370261
v -0.104631 1.690431 -0.474545
v -0.040492 1.677047 -0.449216
v -0.176362 1.699960 -0.393780
v -0.141574 1.708601 -0.441827
v -0.146684 1.703007 -0.355360
v -0.152339 1.737510 -0.516064
v -0.290521 1.804234 -0.444625
v -0.050860 1.674678 -0.419252
v -0.038436 1.680266 -0.380037
v -0.215402 1.714946 -0.369331
v -0.234330 1.807795 -0.507195
v -0.272629 1.822293 -0.533548
v -0.317723 1.839607 -0.535629
v -0.143882 1.681455 -0.301940
v -0.546096 1.730911 -0.330733
v -0.565358 1.758594 -0.406913
v -0.442166 1.547323 0.009477
v -0.368234 1.568912 0.008434
v -0.376023 1.625267 -0.087333
v -0.624760 1.653082 -0.258737
v -0.650348 1.676729 -0.313133
v -0.392847 1.819022 -0.448899
v -0.058571 1.665281 -0.506631
v -0.112478 1.700765 -0.545962
v -0.065874 1.667925 -0.543095
v -0.364364 1.834645 -0.554886
v -0.384480 1.828828 -0.496302
v -0.464328 1.638816 -0.151296
v -0.258959 1.579965 -0.016289
v -0.311366 1.611336 -0.060884
v -0.288083 1.561829 0.018669
v -0.579469 1.625203 -0.189609
v -0.567365 1.604716 -0.151245
v -0.391894 1.678608 -0.180686
v -0.477144 1.589430 -0.070417
v -0.333669 1.660660 -0.150570
v -0.426216 1.508162 0.063577
v -0.470599 1.696653 -0.251578
v -0.448833 1.819887 -0.500408
v -0.478461 1.812476 -0.537922
v -0.632081 1.514448 -0.080273
v -0.532391 1.515067 -0.009205
v -0.509401 1.792829 -0.533319
v -0.542692 1.776327 -0.521330
v -0.494350 1.805167 -0.485968
v -0.633004 1.533193 -0.109523
v -0.656472 1.613369 -0.226906
v -0.493175 1.782096 -0.404008
v -0.483677 1.732966 -0.304941
v -0.623058 1.559566 -0.144249
v -0.267779 1.595853 -0.041710
v -0.425890 1.826053 -0.543959
v -0.631428 1.603623 -0.190942
v -0.393261 1.831882 -0.536889
v -0.327026 1.536518 0.054807
v -0.640646 1.488306 -0.058176
v -0.626768 1.708838 -0.360158
v -0.637264 1.578194 -0.174861
v -0.292634 1.667546 -0.156882
v -0.534562 1.775778 -0.469516
v -0.050018 1.673611 -0.475813
v -0.482067 1.506102 0.032048
v -0.202441 1.785265 -0.537327
v -0.077332 1.679320 -0.285669
v -0.010677 1.670290 -0.299611
v -0.029202 1.676938 -0.334864
v -0.165710 1.673147 -0.238067
v -0.597734 1.739447 -0.384369
v -0.605977 1.748832 -0.422966
v -0.101323 1.654492 -0.192687
v -0.077334 1.667946 -0.233264
v -0.174071 1.660395 -0.169678
v -0.546699 1.488735 0.008802
v -0.520862 1.485672 0.026935
v -0.354864 1.508926 0.084691
v -0.169084 1.635893 -0.120530
v -0.237245 1.614147 -0.071028
v -0.569482 1.759887 -0.493762
v -0.604181 1.749735 -0.472143
v -0.575027 1.757642 -0.529072
v -0.591816 1.480758 -0.009636
v -0.209228 1.657228 -0.167558
v -0.190267 1.620059 -0.087004
v -1.509019 -0.337963 -0.258116
v -1.485503 -0.334605 -0.311357
v -1.529119 -0.210884 -0.118219
v -1.518897 -0.192601 -0.029752
v -1.524578 -0.190460 -0.208605
v -1.442132 -0.479741 -0.387820
v -1.360701 -0.527841 -0.506251
v -1.520500 -0.137965 -0.251789
v -1.432758 -0.253380 -0.462961
v -1.441124 -0.201064 -0.463016
v -1.518136 -0.320012 -0.197988
v -1.511237 -0.026555 -0.338028
v -1.519810 -0.030755 -0.136419
v -1.519256 -0.052357 -0.108285
v -1.360139 -0.582264 -0.500229
v -1.388967 -0.677899 -0.417421
v -1.522840 -0.083994 -0.297241
v -1.523805 -0.047513 -0.276517
v -1.492892 -0.291711 -0.300872
v -1.516935 -0.017598 -0.318282
v -1.519287 0.012509 -0.333873
v -1.495786 -0.617999 -0.125217
v -1.498138 -0.607730 -0.040336
v -1.513595 -0.523288 -0.171423
v -1.489475 -0.575613 -0.227118
v -1.394068 -0.796668 -0.311532
v -1.494308 -0.234324 -0.303719
v -1.468089 -0.249168 -0.389443
v -1.521096 -0.415023 -0.072413
v -1.470267 -0.568306 -0.265653
v -1.439132 -0.565989 -0.357549
v -1.434921 -0.643106 -0.339220
v -1.498176 0.071482 -0.371802
v -1.516891 0.055773 -0.336198
v -1.417638 -0.050355 0.182506
v -1.419407 -0.200552 0.220083
v -1.383507 -0.086026 0.240302
v -1.440462 -0.722791 -0.219854
v -1.417570 -0.763553 -0.256512
v -1.504555 -0.458837 -0.246586
v -1.399680 -0.372514 -0.479336
v -1.275987 -0.712065 -0.555743
v -1.339473 -0.775695 -0.435208
v -1.285904 -0.655018 -0.563797
v -1.472409 -0.201538 0.117355
v -1.511863 -0.206842 -0.279070
v -1.440456 -0.314960 -0.416461
v -1.491286 0.076878 -0.404027
v -1.481309 0.046936 -0.439977
v -1.386070 -0.408215 -0.490631
v -1.509949 -0.403456 -0.226696
v -1.487302 -0.426683 -0.275727
v -1.477529 -0.388943 -0.327646
v -1.453922 -0.155939 -0.450136
v -1.468105 -0.124260 -0.435824
v -1.398517 -0.462846 -0.457580
v -1.355105 -0.474815 -0.521371
v -1.515868 -0.317446 -0.020782
v -1.411200 -0.321352 -0.478446
v -1.487323 -0.451988 -0.279716
v -1.309940 -0.590393 -0.554119
v -1.520254 -0.043346 -0.198131
v -1.454188 -0.045451 0.124191
v -1.505177 -0.544076 -0.008730
v -1.458747 -0.717924 -0.178960
v -1.478196 -0.408235 0.133523
v -1.462108 -0.332023 0.156635
v -1.499710 -0.418852 0.062041
v -1.501219 -0.503423 0.040052
v -1.503044 -0.236320 0.047715
v -1.448866 -0.257240 0.172776
v -1.526953 -0.104613 -0.162273
v -1.517016 -0.044926 -0.072459
v -1.378983 -0.768321 -0.365333
v -1.487786 -0.061674 0.044271
v -1.461568 -0.000918 -0.470194
v -1.473464 -0.039905 0.075046
v -1.386290 -0.146207 0.255744
v -1.504788 -0.058022 -0.348536
v -1.293475 -0.763249 -0.511079
v -1.340409 -0.002191 0.265642
v -1.226435 -0.691976 -0.621073
v -1.477260 -0.068232 -0.427997
v -1.467670 -0.039393 -0.454184
v -0.847971 0.686101 -1.044669
v -0.843054 0.738095 -1.049153
v -0.730981 0.926536 -1.078180
v -0.772596 0.578812 -1.060535
v -0.776641 0.681600 -1.055654
v -0.538961 0.805205 -1.130578
v -0.526147 0.730218 -1.140496
v -0.749277 1.000661 -1.053753
v -0.775644 1.036735 -1.027276
v -0.779128 0.739615 -1.068085
v -0.400270 0.488843 -1.154521
v -0.345052 0.506865 -1.167446
v -0.519408 0.520371 -1.140510
v -0.346611 0.682930 -1.172071
v -0.821922 0.823902 -1.048804
v -0.322095 0.603836 -1.168105
v -0.551939 0.243268 -1.143831
v -0.592526 0.237691 -1.131573
v -0.671117 0.278603 -1.120928
v -0.678015 0.463360 -1.096986
v -0.435112 0.863455 -1.149173
v -0.418107 0.756036 -1.149956
v -0.397770 0.820400 -1.150636
v -0.592494 0.806054 -1.122264
v -0.656804 0.626153 -1.115158
v -0.646642 0.510217 -1.112826
v -0.411103 0.294628 -1.177350
v -0.496705 0.236714 -1.152326
v -0.730653 0.486201 -1.076731
v -0.723022 0.518029 -1.087671
v -0.769916 0.479192 -1.080767
v -0.447321 0.437660 -1.165452
v -0.482431 0.475409 -1.139467
v -0.611123 0.973938 -1.102703
v -0.607036 1.022539 -1.088765
v -0.441253 0.217361 -1.166776
v -1.037176 0.812777 -0.903922
v -0.998673 0.813291 -0.937698
v -0.357609 0.266107 -1.176675
v -0.385072 0.217022 -1.172082
v -0.605100 0.865392 -1.121722
v -0.654664 1.014190 -1.076268
v -0.483202 0.958481 -1.125942
v -0.571742 0.972670 -1.116969
v -0.517037 0.992946 -1.114636
v -1.073891 0.901687 -0.840444
v -1.031927 0.962643 -0.872791
v -1.061458 0.881612 -0.864384
v -0.272884 0.551548 -1.166667
v -0.974937 0.963887 -0.926147
v -1.001892 0.928705 -0.916844
v -0.930877 0.969322 -0.962835
v -0.463561 0.913305 -1.140810
v -0.234583 0.477729 -1.166268
v -0.257324 0.459560 -1.177860
v -0.334967 0.480127 -1.162033
v -1.086923 0.913993 -0.813301
v -1.092929 0.941930 -0.810773
v -1.074741 0.937300 -0.836654
v -0.560153 1.024390 -1.098147
v -0.474357 0.314940 -1.166667
v -0.598897 0.472361 -1.117660
v -0.646272 0.414372 -1.124464
v -0.879873 0.995315 -0.990561
v -0.687356 0.751292 -1.091563
v -1.117219 0.886983 -0.783334
v -1.100543 0.938939 -0.793088
v -0.882443 0.868862 -1.013412
v -1.107989 0.928185 -0.776783
v -0.696701 1.035444 -1.060561
v -0.365238 0.445226 -1.174982
v -0.774560 0.546678 -1.066172
v -0.299559 0.301811 -1.189871
v -0.264427 0.501111 -1.164340
v -0.631853 0.244005 -1.124465
v -0.857296 0.605879 -1.038110
v -0.882517 0.654477 -1.028296
v -0.935615 0.684249 -0.995828
v -0.932252 0.749545 -0.990963
v -0.963807 0.792194 -0.966877
v -0.953586 0.984241 -0.944840
v -0.826938 1.005619 -1.015770
v -1.004170 0.961392 -0.900463
v -0.276244 0.431292 -1.185704
v -0.327229 0.377662 -1.188274
v -1.029691 0.869513 -0.903038
v -0.906839 1.010304 -0.967025
v -0.515905 1.031968 -1.097883
v -0.850574 1.012085 -0.999646
v -0.808429 0.584275 -1.061857
v -0.802111 0.678450 -1.058821
v -0.809105 0.516792 -1.067904
v -0.679313 0.360913 -1.114702
v -0.749661 0.396144 -1.095235
v -1.057313 0.959523 -0.848683
v -1.119859 0.913598 -0.762344
v -0.754707 0.444522 -1.087857
v -0.938678 1.193509 0.046572
v -0.986330 1.179390 0.021024
v -0.934203 1.166792 0.094180
v -0.898508 1.189317 0.123061
v -0.950197 1.222626 -0.033214
v -0.897776 1.295305 -0.022344
v -0.959032 1.278961 -0.125939
v -0.837050 1.245132 0.113878
v -0.912420 1.117233 0.184525
v -0.950263 1.115192 0.151714
v -0.864464 1.406955 -0.153218
v -0.867992 1.355669 -0.113410
v -0.830868 1.399661 -0.134015
v -1.174715 1.082918 -0.267402
v -1.138015 1.153095 -0.334533
v -1.172736 1.042284 -0.190803
v -1.032913 1.249443 -0.272392
v -1.062618 1.206728 -0.203457
v -1.078548 1.208133 -0.335699
v -1.062419 1.245520 -0.363524
v -1.096187 1.192825 -0.383498
v -0.978237 1.307121 -0.287498
v -1.082750 1.226861 -0.434604
v -1.053401 1.268419 -0.456092
v -1.158423 1.120187 -0.400709
v -0.920819 1.411694 -0.354677
v -0.992078 1.338654 -0.445055
v -1.068349 1.046474 0.064991
v -1.123475 1.161953 -0.415486
v -1.020836 1.296056 -0.413929
v -1.069907 0.977443 0.133702
v -1.187640 0.856671 0.065650
v -0.933001 1.329206 -0.178124
v -0.944071 1.316798 -0.144302
v -0.914219 1.443489 -0.441786
v -0.957332 1.383513 -0.441153
v -1.291263 0.812637 -0.126660
v -1.215113 0.878427 -0.021181
v -1.168960 0.974530 -0.033494
v -1.068928 1.158445 -0.144364
v -1.090376 1.084631 -0.035236
v -1.011585 1.188078 -0.043364
v -0.900567 1.081067 0.234786
v -1.210465 1.026294 -0.355064
v -1.231167 0.975116 -0.311788
v -1.141506 0.847036 0.133691
v -1.089911 0.865712 0.190125
v -0.979428 1.248528 -0.121467
v -1.002882 1.239097 -0.150604
v -0.900234 1.411862 -0.276543
v -0.936896 1.371312 -0.273923
v -0.913694 1.436481 -0.180048
v -0.936262 1.428446 -0.159421
v -1.021355 1.398831 -0.181503
v -0.970153 1.363025 -0.142208
v -1.023835 1.393563 -0.153459
v -0.968246 1.388645 -0.126539
v -0.901081 1.360310 -0.122163
v -0.979119 1.429485 -0.146004
v -1.012800 1.409155 -0.146294
v -0.927536 1.394892 -0.241550
v -0.953795 1.012805 0.251764
v -0.905798 1.413755 -0.237384
v -1.334429 0.780726 -0.245871
v -1.246002 0.931939 -0.228714
v -1.183951 1.074291 -0.358122
v -0.882976 1.146267 0.187826
v -0.738263 1.334913 0.077290
v -0.736355 1.279791 0.156795
v -1.011270 1.127973 0.071695
v -1.315326 0.784991 -0.167972
v -0.712029 1.273531 0.176290
v -0.707264 1.305676 0.134120
v -1.272853 0.798309 -0.060745
v -0.778341 1.229257 0.190211
v -0.908699 1.317742 -0.101290
v -0.811215 1.204690 0.173563
v -0.781896 1.358261 0.010349
v -0.769247 1.379589 -0.022271
v -0.795476 1.414424 -0.109190
v -0.882038 1.439501 -0.168133
v -0.740495 1.202529 0.234165
v -0.710113 1.234685 0.225895
v -0.921258 1.331140 -0.121913
v -0.668191 1.258372 0.216358
v -1.071387 0.914193 0.166868
v -0.949264 1.348435 -0.132511
v -0.927943 1.351542 -0.174239
v -0.954615 1.372396 -0.157728
v -1.331167 0.783024 -0.340929
v -1.347436 0.727376 -0.390420
v -1.357902 0.720234 -0.320341
v -1.033266 1.221130 -0.161128
v -1.270722 0.907761 -0.334819
v -0.959261 1.408254 -0.222784
v -0.935972 1.436084 -0.231752
v -1.024431 0.909543 0.242504
v -0.912214 1.039107 0.258809
v -0.936979 1.380519 -0.217059
v -0.973845 1.452181 -0.244902
v -1.021761 1.421009 -0.222246
v -1.373406 0.663788 -0.382981
v -0.989153 0.985054 0.236153
v -0.850038 1.098487 0.251632
v -0.826997 1.126932 0.245943
v -1.301403 0.842605 -0.365846
v -1.015410 1.450136 -0.253059
v -0.216042 1.600783 -0.788284
v -0.226485 1.635837 -0.776785
v -0.169660 1.635827 -0.725999
v -0.318334 1.635790 -0.808714
v -0.370422 1.623151 -0.835895
v -0.184773 1.674393 -0.711169
v -0.211062 1.692626 -0.696024
v -0.272728 1.821044 -0.533406
v -0.229291 1.811551 -0.581459
v -0.143557 1.671258 -0.669392
v -0.138458 1.604333 -0.734864
v -0.169024 1.557704 -0.824318
v -0.132449 1.573102 -0.776573
v -0.130076 1.550532 -0.810979
v -0.406581 1.824468 -0.614267
v -0.313883 1.820997 -0.631512
v -0.386955 1.807252 -0.660015
v -0.360827 1.589860 -0.854477
v -0.163794 1.714112 -0.628722
v -0.141784 1.687123 -0.632762
v -0.281062 1.656406 -0.776004
v -0.296249 1.828075 -0.598279
v -0.507830 1.786903 -0.573285
v -0.509401 1.792829 -0.533319
v -0.473093 1.813694 -0.569240
v -0.458679 1.803721 -0.641465
v -0.494989 1.790032 -0.616986
v -0.425890 1.826053 -0.543959
v -0.393261 1.831882 -0.536889
v -0.407834 1.822467 -0.594970
v -0.482938 1.810030 -0.537444
v -0.247104 1.590953 -0.818364
v -0.387420 1.512336 -0.905361
v -0.427081 1.489651 -0.919790
v -0.190645 1.751834 -0.642527
v -0.259515 1.750221 -0.699475
v -0.269700 1.806453 -0.637119
v -0.542692 1.776327 -0.521330
v -0.315294 1.793074 -0.664474
v -0.242459 1.771489 -0.662206
v -0.174082 1.767962 -0.551240
v -0.176614 1.768189 -0.583492
v -0.202441 1.785265 -0.537327
v -0.485078 1.514670 -0.888765
v -0.465499 1.482176 -0.915209
v -0.594614 1.753079 -0.537819
v -0.574819 1.758692 -0.529143
v -0.516370 1.631364 -0.796918
v -0.542224 1.681985 -0.736652
v -0.548130 1.737786 -0.657049
v -0.404386 1.668495 -0.798868
v -0.432369 1.712558 -0.756841
v -0.620168 1.599141 -0.769974
v -0.573720 1.651532 -0.738244
v -0.588235 1.600417 -0.789282
v -0.515931 1.545064 -0.867246
v -0.482362 1.595051 -0.840472
v -0.626938 1.631106 -0.725828
v -0.648756 1.652165 -0.677374
v -0.547928 1.602049 -0.808381
v -0.445241 1.609681 -0.843420
v -0.599067 1.734997 -0.593635
v -0.638691 1.700448 -0.599442
v -0.661251 1.666495 -0.631395
v -0.650719 1.683787 -0.605306
v -0.596906 1.711379 -0.650861
v -0.646713 1.708353 -0.576431
v -0.169371 1.531713 -0.847665
v -0.203376 1.533293 -0.854296
v -0.260980 1.546552 -0.866807
v -0.371989 1.726462 -0.747698
v -0.455535 1.735757 -0.707279
v -0.380154 1.766564 -0.708010
v -0.234373 1.807742 -0.507207
v -0.323039 1.756206 -0.716240
v -0.342270 1.678833 -0.778152
v -0.318785 1.836711 -0.536204
v -0.298815 1.698455 -0.744356
v -0.364364 1.834645 -0.554886
v -0.143711 1.648158 -0.694092
v -0.152037 1.731333 -0.588465
v -0.447927 1.775849 -0.683616
v -0.365080 1.481202 -0.921574
v -0.339457 1.496130 -0.912850
v -0.259607 1.510021 -0.894263
v -0.647591 1.725784 -0.504523
v -0.615665 1.743053 -0.540895
v -0.640960 1.725294 -0.549046
v -0.291544 1.499050 -0.911014
v -0.207367 1.517383 -0.876241
v -0.242800 1.530856 -0.873752
v -0.585467 1.729010 -0.629738
v -0.386807 1.466786 -0.930893
v -0.485032 1.771647 -0.648519
v -0.523021 1.761404 -0.591872
v -0.529027 1.762262 -0.606292
v 0.049567 1.677933 -0.434599
v 0.516200 1.776775 -0.543575
v 0.461708 1.771228 -0.553530
v 0.089826 1.676848 -0.397402
v 0.095557 1.658177 -0.476567
v 0.006327 1.656539 -0.514220
v 0.030268 1.653113 -0.494503
v 0.203677 1.662162 -0.081214
v 0.274079 1.639589 0.016707
v 0.284764 1.673408 -0.053456
v 0.308888 1.701242 -0.137207
v 0.332691 1.721113 -0.169851
v 0.224343 1.702880 -0.422067
v 0.179418 1.676503 -0.444869
v 0.240704 1.703454 -0.244697
v 0.176150 1.677032 -0.191267
v 0.252416 1.696885 -0.164143
v 0.159543 1.680113 -0.386596
v 0.119879 1.683091 -0.342653
v 0.248232 1.711794 -0.321067
v 0.346739 1.757233 -0.282302
v 0.352080 1.758856 -0.225839
v 0.064816 1.666325 -0.295538
v 0.048555 1.680666 -0.371244
v 0.007581 1.666618 -0.341828
v -0.029202 1.676938 -0.334864
v 0.037241 1.680780 -0.322062
v 0.338413 1.745420 -0.204995
v -0.050835 1.674775 -0.419204
v -0.039220 1.681034 -0.383382
v 0.169587 1.642731 -0.557485
v 0.140289 1.650874 -0.541778
v 0.124740 1.669891 -0.469631
v 0.275413 1.682538 -0.530359
v 0.297567 1.669559 -0.562887
v 0.253494 1.665931 -0.551586
v 0.386282 1.792006 -0.454565
v 0.348435 1.802366 -0.417886
v 0.409250 1.839939 -0.419188
v 0.374713 1.754628 -0.542421
v 0.304006 1.719222 -0.501854
v 0.421178 1.826374 -0.428704
v 0.438812 1.830153 -0.441718
v 0.058642 1.653684 -0.538368
v 0.337490 1.756172 -0.465511
v 0.288654 1.721863 -0.237003
v 0.023681 1.641502 -0.540233
v 0.469915 1.826087 -0.457027
v 0.469610 1.801649 -0.476595
v 0.095870 1.651066 -0.140188
v 0.130268 1.639232 -0.085670
v 0.191119 1.653866 -0.547268
v 0.207870 1.655961 -0.564330
v 0.064840 1.662421 -0.484433
v 0.015108 1.668142 -0.437899
v 0.182246 1.633739 -0.049522
v 0.267832 1.718794 -0.428649
v 0.300619 1.747482 -0.427623
v 0.418649 1.728836 -0.593937
v 0.256202 1.697384 -0.469225
v 0.201246 1.699405 -0.251834
v 0.124634 1.673889 -0.246300
v 0.416703 1.793380 -0.488057
v 0.138105 1.672046 -0.282725
v -0.052312 1.669598 -0.481329
v -0.040912 1.675839 -0.449182
v 0.123768 1.687340 -0.403781
v 0.297210 1.747041 -0.280315
v 0.320692 1.758155 -0.320679
v 0.436220 1.786320 -0.518785
v 0.227707 1.661879 -0.566588
v 0.359838 1.702717 -0.585921
v 0.188192 1.694219 -0.318331
v 0.286874 1.689654 -0.102364
v 0.215200 1.700675 -0.352323
v 0.499269 1.803290 -0.494197
v 0.515851 1.796048 -0.510571
v 0.193373 1.606665 0.030480
v 0.173263 1.613751 -0.008683
v 0.489156 1.740939 -0.591312
v 0.537138 1.752569 -0.573117
v 0.513487 1.738023 -0.588295
v 0.538297 1.728649 -0.598217
v 0.331358 1.797208 -0.364700
v -0.026753 1.661406 -0.529486
v -0.065874 1.667925 -0.543095
v 0.081145 1.649965 -0.529592
v 0.107187 1.641452 -0.534389
v 0.376957 1.763709 -0.242270
v 0.396176 1.788082 -0.267770
v 0.100410 1.662516 -0.187963
v 0.240698 1.599952 0.059454
v 0.336435 1.671375 -0.595266
v 0.392749 1.710168 -0.603095
v 0.452742 1.731522 -0.598379
v 0.362174 1.811802 -0.385291
v 0.068432 1.665275 -0.218311
v -0.011254 1.667257 -0.299730
v 0.413345 1.848303 -0.397318
v 0.026097 1.662836 -0.244259
v 0.410940 1.830204 -0.355686
v 0.393005 1.812965 -0.313043
v 0.286948 1.737665 -0.347792
v -1.522641 0.021339 -0.189188
v -1.522488 -0.043512 -0.199226
v -0.976639 0.480754 0.450664
v -1.033661 0.477389 0.427858
v -0.944639 0.403993 0.497382
v -1.403431 0.331792 0.083238
v -1.442279 0.151347 0.092042
v -1.469460 0.054106 0.063579
v -1.454424 -0.045440 0.123933
v -1.523805 -0.047513 -0.276517
v -1.519495 0.055280 -0.336429
v -1.516935 -0.017598 -0.318282
v -1.509410 0.095235 -0.345184
v -1.413403 0.466798 -0.416207
v -1.416331 0.519761 -0.361778
v -1.406486 0.503531 -0.405502
v -1.492247 0.227488 -0.061641
v -1.327999 0.451854 0.144841
v -1.085855 0.266620 0.443904
v -1.488149 0.173103 -0.366524
v -1.316425 0.785558 -0.167573
v -1.339841 0.691316 -0.096057
v -1.230930 0.102197 0.366406
v -1.507393 0.246348 -0.189040
v -1.311391 0.224204 0.252899
v -1.196410 0.196859 0.373473
v -1.519933 -0.030742 -0.136414
v -1.185462 0.522460 0.286587
v -1.398889 0.489412 -0.003546
v -1.211655 0.644343 0.190554
v -1.163686 0.048044 0.429971
v -0.979983 0.079062 0.550251
v -1.456115 0.295900 0.000757
v -1.372031 0.675560 -0.222002
v -1.074446 -0.105716 0.533227
v -1.127351 -0.029486 0.482328
v -1.458452 0.362194 -0.380975
v -1.473733 0.318775 -0.336009
v -1.296457 0.688401 0.011977
v -1.253397 0.647113 0.133507
v -1.081870 0.832791 0.231287
v -1.383054 0.642295 -0.297415
v -1.156768 0.354157 0.363719
v -1.454005 0.314764 -0.389074
v -0.951238 0.156697 0.545398
v -0.937303 0.265472 0.531603
v -1.491286 0.076878 -0.404027
v -1.484597 0.114455 -0.385595
v -1.478501 0.146550 -0.419248
v -1.215113 0.878427 -0.021181
v -1.272853 0.798309 -0.060745
v -1.141506 0.847036 0.133691
v -1.186555 0.856139 0.065398
v -1.497503 0.071605 -0.371965
v -1.510152 0.058771 -0.090833
v -1.472611 0.380223 -0.221907
v -1.428329 0.506250 -0.200173
v -1.340981 -0.002057 0.266073
v -1.417638 -0.050355 0.182506
v -1.508229 0.129733 -0.295621
v -1.293373 0.813931 -0.126182
v -1.382399 0.625743 -0.141418
v -1.258013 -0.064548 0.373644
v -1.508994 0.157791 -0.207960
v -1.504659 -0.052292 -0.016452
v -1.030899 0.751505 0.314008
v -1.270522 0.357908 0.247284
v -0.957417 0.544556 0.444849
v -1.489838 0.135540 -0.015555
v -1.510898 0.132665 -0.159989
v -1.030687 0.609582 0.378651
v -1.519033 -0.052377 -0.108304
v -1.513066 -0.045540 -0.075198
v -1.008906 0.695093 0.362597
v -1.519287 0.012509 -0.333873
v -1.478784 0.046995 -0.439027
v -1.473464 -0.039905 0.075046
v -1.485015 0.226904 -0.347606
v -1.467849 0.094384 -0.452634
v -1.486365 0.309647 -0.110455
v -1.470156 0.266714 -0.380070
v -1.429218 0.441331 -0.399496
v -1.487617 -0.061693 0.044185
v -1.478330 0.170444 -0.402461
v -1.396144 0.561039 -0.403016
v -1.374755 0.663860 -0.383410
v -1.383877 0.606593 -0.417282
v -1.441795 0.383348 -0.398838
v -1.463772 0.291482 -0.382322
v -1.433144 0.411346 -0.401617
v -1.184645 -0.068512 0.437149
v -1.002004 -0.108824 0.584763
v -0.934847 -0.028970 0.613211
v -1.331866 0.779372 -0.246112
v -1.026916 0.832109 0.285820
v -1.090508 0.866060 0.190499
v -1.357902 0.720234 -0.320341
v -1.469510 0.125686 -0.441036
v 1.240909 -0.035708 0.716859
v 1.289990 0.020544 0.653376
v 1.210737 -0.169050 0.766746
v 1.239089 -0.195315 0.746533
v 1.435993 -0.019577 0.134052
v 1.442815 0.016570 0.169659
v 1.471172 -0.115997 0.191233
v 1.433015 -0.026595 0.335966
v 1.382349 0.047182 0.491793
v 1.319356 0.155676 0.566081
v 1.469876 -0.251118 0.104321
v 1.444287 -0.251567 0.195954
v 1.457092 0.091101 0.137774
v 1.402933 -0.001920 0.460233
v 1.409146 -0.512147 0.457952
v 1.439283 -0.414836 0.374950
v 1.372572 -0.470132 0.550977
v 1.456445 0.249518 0.179632
v 1.442485 0.141678 0.241837
v 1.347728 -0.057451 0.588593
v 1.428252 -0.115918 0.413323
v 1.450702 -0.257021 0.248983
v 1.455564 -0.314545 0.252392
v 1.444347 -0.229418 0.381365
v 1.070821 0.052992 0.823006
v 1.132323 0.046044 0.782210
v 1.447743 -0.010644 0.091657
v 1.470464 -0.126276 0.120533
v 1.401469 -0.363588 -0.248980
v 1.421951 -0.457319 -0.152078
v 1.368088 0.266825 0.457287
v 1.346442 0.225164 0.500003
v 1.407396 0.171026 0.363384
v 1.441955 0.289960 0.261735
v 1.455660 -0.458295 0.231510
v 1.464743 -0.465387 0.252931
v 1.283432 0.149656 0.615304
v 1.330748 0.084606 0.583621
v 1.474859 -0.317452 0.045722
v 1.452770 -0.209071 -0.074298
v 1.382263 -0.341705 0.541978
v 1.456223 0.169359 0.171713
v 1.431166 -0.297556 0.389444
v 1.436529 -0.515205 0.372109
v 1.452482 -0.404047 -0.046980
v 1.447818 -0.571508 0.312757
v 1.401334 -0.429087 -0.219890
v 1.441013 -0.061707 -0.093046
v 1.435013 -0.132064 -0.126991
v 1.017175 0.046484 0.861117
v 1.038818 -0.002946 0.856808
v 1.221783 0.067478 0.706772
v 1.187050 0.101869 0.724454
v 1.367899 -0.234540 0.581819
v 1.475813 -0.414400 0.080109
v 1.441038 0.065407 0.113893
v 1.455887 0.140768 0.119992
v 1.467463 -0.384005 0.256617
v 1.451297 -0.523106 0.242349
v 1.454342 0.113857 0.085665
v 1.441082 -0.480021 -0.057240
v 1.429780 -0.502446 -0.096194
v 1.117114 -0.030478 0.810642
v 1.139282 -0.075102 0.804271
v 1.176643 -0.112562 0.787188
v 1.237681 -0.228840 0.752466
v 1.260803 -0.236831 0.729553
v 1.327309 0.192234 0.539331
v 1.460837 -0.104701 0.153518
v 1.468462 -0.397337 0.190662
v 1.460878 -0.189903 0.161395
v 1.467286 -0.187593 0.190896
v 1.423312 -0.217681 -0.178199
v 1.471408 -0.500638 0.181501
v 1.302219 -0.379391 0.684642
v 1.291620 -0.319551 0.700818
v 1.315001 -0.168140 0.654022
v 1.267202 -0.276036 0.726310
v 1.081046 0.010300 0.827905
v 1.395597 0.278406 0.391945
v 1.379809 -0.315972 -0.299807
v 1.256802 0.111586 0.659806
v 1.221947 0.104091 0.692149
v 1.459189 -0.383014 0.213832
v 1.344756 -0.404861 0.618035
v 1.453506 -0.478088 -0.001032
v 1.457291 -0.524342 0.053596
v 1.152012 0.077675 0.757635
v 1.451053 0.066113 0.023356
v 1.455441 0.096868 0.054294
v 1.445110 0.034012 -0.021285
v 1.448025 -0.030984 -0.016913
v 1.427449 0.308415 0.317545
v 1.460610 -0.527664 0.118825
v 1.366424 -0.363142 -0.313280
v -0.602767 1.144460 0.341491
v -0.489674 0.970613 0.571731
v -0.458778 0.966449 0.523478
v -0.498795 0.936422 0.548447
v -0.317571 0.923721 0.902091
v -0.520722 0.932755 0.517210
v -0.504692 0.902761 0.566489
v -0.634968 1.052664 0.407027
v -0.719434 1.026261 0.380593
v -0.194138 0.898656 0.929903
v -0.156019 0.899190 0.941935
v -0.445161 1.034225 0.618137
v -0.425466 0.987353 0.558377
v -0.464041 0.997808 0.589962
v -0.532437 0.961430 0.796013
v -0.543603 0.978512 0.754729
v -0.784448 1.159945 0.237349
v -0.112583 0.948458 0.940752
v -0.161327 0.964934 0.933798
v -0.420735 0.907962 0.841177
v -0.385743 0.906093 0.844484
v -0.296630 0.810691 0.880970
v -0.359015 0.828218 0.834631
v -0.489308 0.798491 0.573304
v -0.457643 0.811693 0.583755
v -0.479332 0.835201 0.587405
v -0.398481 0.960112 0.843309
v -0.424346 1.002376 0.810468
v -0.826997 1.126932 0.245943
v -0.221638 0.983317 0.919381
v -1.024805 0.909889 0.242925
v -0.957156 1.012109 0.252298
v -0.535041 0.896164 0.529231
v -0.401577 0.843799 0.802163
v -0.359143 0.798673 0.776033
v -0.893419 0.985372 0.316777
v -0.546944 0.712352 0.590521
v -0.484331 0.716810 0.600752
v -0.724955 1.134338 0.303389
v -0.474869 0.908764 0.848406
v -0.461934 0.848959 0.801646
v -0.216766 0.883629 0.931600
v -0.507132 0.871531 0.609342
v -0.512421 0.852933 0.557224
v -0.357670 1.023562 0.865224
v -0.482986 1.040417 0.661545
v -0.462275 1.062037 0.643682
v -0.381269 0.785231 0.617715
v -0.332753 0.745957 0.650982
v -0.383634 0.793119 0.662381
v -0.236836 0.948310 0.925796
v -0.537559 0.974957 0.653828
v -0.352740 0.720083 0.626158
v -0.711847 1.084526 0.345348
v -0.157723 0.800407 0.947080
v -0.172963 0.736649 0.910080
v -0.032491 0.905738 0.952101
v -0.085476 0.823674 0.959348
v -0.026287 0.866808 0.946782
v -0.938878 0.762305 0.384336
v -0.916184 0.846996 0.375533
v -1.030899 0.751505 0.314008
v -0.514142 1.026076 0.734984
v -0.546703 0.939425 0.660840
v -0.520870 0.870840 0.685653
v -0.548513 0.937479 0.768948
v -0.740969 1.204522 0.235834
v -0.694747 1.196886 0.262724
v -0.068260 0.924940 0.945966
v -0.527535 0.888611 0.759979
v -0.506294 0.899219 0.816827
v -0.187126 0.985484 0.925261
v -0.659472 0.923315 0.473956
v -0.639037 0.726226 0.554857
v -0.767278 0.936038 0.413935
v -1.008731 0.695013 0.362406
v -0.138270 0.778993 0.945041
v -0.283682 1.000433 0.903495
v -0.851334 1.100234 0.253530
v -0.494812 1.006435 0.786801
v -0.596517 0.764180 0.557247
v -0.394242 0.724676 0.614603
v -0.415798 0.703253 0.624684
v -0.900567 1.081067 0.234786
v -0.912214 1.039107 0.258809
v -0.240258 0.736322 0.864719
v -0.414862 0.826629 0.781209
v -0.454776 0.825759 0.735449
v -0.432626 1.040231 0.774736
v -0.275388 0.732505 0.733047
v -0.302213 0.743935 0.794176
v -0.308373 0.751688 0.705269
v -1.026916 0.832109 0.285820
v -0.130396 0.965849 0.936568
v -0.710113 1.234685 0.225895
v -0.527278 1.132511 0.378040
v -0.690026 0.718069 0.533899
v -0.740291 0.759211 0.496206
v -0.038480 0.831935 0.951708
v -0.636567 1.177861 0.303639
v -0.233703 0.710813 0.795844
v -0.479145 0.962956 0.825286
v -0.641123 1.013860 0.428219
v -0.899923 0.731588 0.424642
v -0.496047 0.952281 0.501492
v -0.442227 0.984438 0.502343
v -0.816575 0.741693 0.464509
v -0.084024 0.926799 0.940418
v -0.518463 1.068626 0.420098
v -0.505109 1.101858 0.406953
v -0.546278 1.010609 0.459501
v -0.310189 0.744763 0.678755
v -0.989153 0.985054 0.236153
v -1.081142 0.832450 0.230591
v -0.394244 1.062967 0.799751
v -0.449000 1.066263 0.723303
v -0.468756 1.046818 0.709940
v -0.100776 0.787563 0.949914
v -0.446771 1.057706 0.747241
v -0.095862 0.943281 0.940181
v -1.090508 0.866060 0.190499
v -0.419533 1.108185 0.765631
v 0.012840 0.880520 0.947820
v -0.445176 1.052971 0.670792
v -0.423643 0.971497 0.521784
v -0.793077 0.856562 0.443742
v -0.491869 1.052327 0.446897
v -0.410384 0.974024 0.540533
v -0.444875 1.007864 0.485873
v 0.430401 1.206103 -0.969683
v 0.427096 1.250878 -0.958887
v 0.505699 1.196646 -0.951702
v 0.648390 0.887259 -0.959248
v 0.614288 0.877299 -0.973579
v 0.557933 0.938427 -0.982033
v 0.723594 0.891721 -0.924218
v 0.559786 0.882477 -0.994066
v 0.850231 1.545614 -0.532179
v 0.851400 1.450413 -0.639849
v 0.774562 1.550152 -0.624306
v 0.878595 1.402036 -0.635738
v 0.903216 1.426827 -0.582989
v 0.624517 1.007057 -0.945756
v 0.725134 1.005767 -0.900078
v 0.531236 0.975786 -0.985424
v 0.894506 1.488897 -0.526707
v 0.422867 1.328572 -0.926259
v 0.510339 1.021906 -0.987105
v 0.947059 1.426848 -0.509014
v 0.464957 1.091229 -0.988403
v 0.402990 1.294718 -0.944312
v 0.653176 0.816686 -0.956640
v 0.693184 0.863615 -0.943894
v 0.627413 0.841385 -0.968507
v 0.469860 1.035118 -0.993604
v 0.527419 1.290942 -0.913268
v 0.475953 1.660424 -0.670818
v 0.418348 1.594313 -0.737150
v 0.428398 1.636786 -0.682486
v 0.513498 1.738104 -0.588390
v 0.452740 1.731829 -0.598716
v 0.362445 1.647376 -0.634875
v 0.418733 1.728773 -0.593850
v 0.313391 1.584746 -0.725417
v 0.392749 1.710168 -0.603095
v 0.336435 1.671375 -0.595266
v 0.359838 1.702717 -0.585921
v 0.414885 1.361183 -0.910320
v 0.493823 1.362843 -0.891357
v 0.617265 1.617500 -0.684395
v 0.519032 1.589591 -0.741270
v 0.541681 1.680165 -0.643404
v 0.411449 1.400453 -0.893430
v 0.440401 1.545465 -0.790543
v 0.366570 1.500298 -0.824240
v 0.400498 1.428329 -0.875388
v 0.433101 1.472289 -0.840126
v 0.590820 1.473763 -0.802811
v 0.605844 1.556069 -0.743492
v 0.522435 1.543934 -0.779117
v 0.666509 1.458222 -0.776967
v 0.538297 1.728649 -0.598217
v 0.805528 1.415372 -0.707554
v 0.489501 1.740302 -0.590621
v 0.384548 1.460583 -0.857737
v 0.627268 1.705803 -0.589777
v 0.872998 1.515249 -0.521374
v 0.958456 1.374683 -0.529318
v 0.522069 1.416377 -0.858389
v 0.528629 1.481437 -0.815432
v 0.360515 1.544635 -0.785639
v 0.751049 1.386082 -0.765261
v 0.575605 1.737488 -0.580485
v 0.686562 1.355824 -0.815304
v 0.297953 1.668995 -0.562682
v 0.814177 1.059502 -0.831459
v 0.791573 1.047286 -0.849505
v 0.736304 0.930998 -0.908504
v 0.664204 1.182089 -0.886684
v 0.735634 1.133612 -0.861281
v 0.705850 1.069455 -0.892734
v 0.751823 0.965283 -0.893500
v 0.848483 1.264620 -0.733451
v 0.881414 1.359147 -0.663265
v 0.730860 1.260463 -0.825111
v 0.748226 0.950387 -0.897064
v 0.793601 1.168171 -0.803950
v 0.966362 1.330449 -0.542228
v 0.961359 1.310506 -0.566097
v 0.337322 1.572577 -0.753161
v 0.859123 1.159235 -0.759696
v 0.844876 1.136122 -0.779455
v 0.899328 1.265527 -0.678268
v 0.275895 1.631525 -0.645423
v 0.248594 1.654696 -0.580909
v 0.942717 1.242525 -0.628844
v 0.313993 1.608900 -0.690885
v 0.808008 1.585027 -0.553512
v 0.886203 1.180774 -0.723581
v 0.921429 1.197140 -0.684305
v 0.253492 1.665947 -0.551596
v 0.957164 1.276907 -0.586060
v 0.730464 1.461799 -0.733234
v 0.843194 1.101290 -0.798094
v 0.276947 1.609569 -0.678444
v 0.831261 1.074275 -0.812722
v 0.677792 1.672539 -0.589729
v 0.647346 1.302761 -0.858742
v 0.713493 1.637490 -0.591191
v 0.703258 1.604471 -0.634907
v 0.802517 1.001307 -0.857391
v 0.772349 0.981979 -0.879074
v 0.693501 1.321198 -0.832069
v 0.590984 1.328926 -0.873422
v 0.604489 1.159285 -0.921126
v 0.674220 1.558998 -0.707194
v 0.405393 1.042407 0.640796
v 0.417377 1.048731 0.687558
v 0.453113 1.019654 0.648253
v 0.377340 1.075156 0.712882
v 0.220269 1.343049 0.330573
v 0.232046 1.323927 0.369836
v 0.357613 1.043984 0.625595
v 0.678403 1.118641 0.521295
v 0.712183 1.090007 0.542031
v 0.320839 1.080844 0.596492
v 0.308698 1.121992 0.585984
v 0.351328 1.084233 0.721693
v 0.341757 1.083815 0.688084
v 0.333680 1.115375 0.711298
v 0.129204 1.325600 0.347013
v 0.162895 1.319122 0.345299
v 0.151684 1.338638 0.327161
v 0.140482 1.312716 0.365105
v 0.187283 1.308898 0.374644
v 0.492799 1.188857 0.483477
v 0.444072 1.111500 0.548644
v 0.549704 1.167618 0.506352
v 0.293620 1.133290 0.516527
v 0.472502 1.249548 0.445241
v 0.327888 1.229380 0.454502
v 0.405189 1.058612 0.581935
v 0.409449 1.037453 0.602754
v 0.641782 1.063677 0.569552
v 0.325001 1.104654 0.533744
v 0.822384 1.039053 0.543572
v 0.393182 1.073835 0.748463
v 0.413574 1.058422 0.728580
v 0.616347 1.292787 0.388297
v 0.651704 1.272794 0.402043
v 0.347695 1.055381 0.585901
v 0.740334 1.172404 0.462097
v 0.196015 1.508190 0.174081
v 0.177289 1.467450 0.185999
v 0.201355 1.471195 0.190598
v 0.339846 1.130824 0.670953
v 0.313332 1.209876 0.630648
v 0.336454 1.178715 0.667550
v 0.511298 1.106695 0.547809
v 0.363329 1.536355 0.190234
v 0.312068 1.489127 0.220766
v 0.458187 1.349483 0.337178
v 0.122559 1.097232 0.536196
v 0.143345 1.133876 0.569196
v 0.231711 1.141997 0.551094
v 0.581973 1.133463 0.519829
v 0.650598 1.116843 0.521249
v 0.346169 1.447922 0.264710
v 0.369913 1.502442 0.222853
v 0.630273 0.982308 0.618918
v 0.304249 1.109901 0.547909
v 0.234529 1.479353 0.222762
v 0.335689 1.432660 0.288824
v 0.377846 1.481010 0.234756
v 0.524060 1.361509 0.344687
v 0.514159 1.376284 0.310570
v 0.177782 1.440830 0.206734
v 0.154919 1.427889 0.226677
v 0.197230 1.265470 0.418129
v 0.364623 1.361369 0.346635
v 0.803200 1.019532 0.558346
v 0.738769 1.000774 0.592213
v 0.385207 1.243306 0.453494
v 0.432951 1.177805 0.498537
v 0.795837 1.120788 0.496811
v 0.772759 1.162063 0.466613
v 0.584702 1.307519 0.387670
v 0.464413 1.342218 0.366429
v 0.247318 1.359267 0.348614
v 0.158994 1.419214 0.266424
v 0.200022 1.361766 0.313593
v 0.209138 1.397218 0.302482
v 0.521878 1.327138 0.386266
v 0.639401 1.203441 0.461775
v 0.391651 1.331868 0.380826
v 0.377047 1.403894 0.294836
v 0.235560 1.187531 0.579715
v 0.251230 1.216595 0.592494
v 0.531298 1.082930 0.558337
v 0.537150 1.010655 0.613852
v 0.475999 1.412401 0.292651
v 0.656121 0.994756 0.611430
v 0.213119 1.445158 0.247317
v 0.699685 1.184270 0.461373
v 0.705381 1.219615 0.427529
v 0.671038 1.234851 0.424641
v 0.456577 1.028671 0.612831
v 0.647332 1.174706 0.477895
v 0.560519 1.345595 0.356523
v 0.116365 1.237794 0.433827
v 0.129435 1.202886 0.454924
v 0.451408 1.023359 0.672890
v 0.163251 1.428142 0.243610
v 0.279513 1.224853 0.606054
v 0.277935 1.146236 0.556817
v 0.162623 1.384813 0.296701
v 0.575794 0.984281 0.624813
v 0.257115 1.155822 0.487954
v 0.276617 1.533100 0.160812
v 0.118879 1.159942 0.474464
v 0.189483 1.122679 0.500763
v 0.683230 0.967939 0.618544
v 0.225922 1.543829 0.134486
v 0.112585 1.116177 0.495330
v 0.429997 1.452799 0.247546
v 0.403555 1.455438 0.241086
v 0.197092 1.181165 0.578455
v 0.717824 0.985098 0.602200
v 0.184620 1.553177 0.100569
v 0.179148 1.533081 0.133591
v 0.149393 1.382004 0.286224
v 0.789375 1.148132 0.477997
v 0.161181 1.509619 0.157408
v 0.387111 1.464894 0.240844
v 0.310881 1.533724 0.179959
v 0.116757 1.098193 0.519154
v 0.208886 1.140185 0.496657
v 0.466793 0.999943 0.653422
v 0.479585 0.982478 0.633759
v 0.238179 1.134377 0.517404
v 0.134396 1.396053 0.266750
v 0.360241 1.087224 0.753759
v 0.230746 1.574223 0.097216
v 0.849656 1.051648 0.513840
v 0.827211 1.090782 0.502847
v 0.117779 1.283445 0.396604
v 0.147938 1.416982 0.253318
v 0.507781 0.982070 0.631081
v 0.485948 1.026810 0.603689
v 0.202420 1.579420 0.069344
v -0.532790 1.440059 -0.916973
v -0.548412 1.380524 -0.950952
v -0.540755 1.480075 -0.887708
v -0.618360 1.083669 -1.066387
v -0.495077 1.360330 -0.974144
v -0.465499 1.482176 -0.915209
v -0.426761 1.489262 -0.919132
v -0.432464 1.449997 -0.937110
v -0.567829 1.244167 -1.013085
v -0.657682 1.433600 -0.870872
v -0.733192 1.467151 -0.792608
v -0.656414 1.374282 -0.904955
v -0.698429 1.363673 -0.895975
v -0.765353 1.247126 -0.930857
v -0.718243 1.227791 -0.966339
v -0.759569 1.312953 -0.893704
v -0.661794 1.303205 -0.946500
v -0.639836 1.347517 -0.931352
v -0.613167 1.408145 -0.915498
v -0.831573 1.202508 -0.929999
v -0.770643 1.165770 -0.982328
v -0.594870 1.351717 -0.951082
v -0.547379 1.316787 -0.980169
v -0.775185 1.036234 -1.026063
v -0.714092 1.102465 -1.028363
v -0.725894 1.399109 -0.861759
v -0.847913 1.107009 -0.967899
v -0.886632 1.143079 -0.935963
v -0.656297 1.509791 -0.792443
v -0.581162 1.564023 -0.828567
v -0.926348 1.141022 -0.900444
v -0.601229 1.491497 -0.851997
v -0.692980 1.493077 -0.778451
v -0.668861 1.568349 -0.754745
v -0.702419 1.509438 -0.745386
v -0.620168 1.599141 -0.769974
v -0.691982 1.607649 -0.685387
v -0.626938 1.631106 -0.725828
v -0.548032 1.602742 -0.809265
v -0.588235 1.600417 -0.789282
v -0.494712 1.177490 -1.049507
v -0.487871 1.053382 -1.098720
v -0.695930 1.034503 -1.058093
v -0.453194 1.407833 -0.957480
v -0.484934 1.514435 -0.888604
v -0.654737 1.014297 -1.076749
v -0.479081 1.262945 -1.017843
v -0.442163 1.362176 -0.981113
v -0.850705 1.012176 -0.999887
v -0.648756 1.652165 -0.677374
v -0.466681 1.309877 -1.001210
v -0.873334 1.249733 -0.867915
v -0.516410 1.545644 -0.867259
v -0.922940 1.189117 -0.876791
v -1.154472 1.068118 -0.617217
v -1.138562 1.098493 -0.598216
v -0.475252 1.148421 -1.062063
v -0.473504 1.104311 -1.079123
v -0.945259 1.275735 -0.784058
v -0.894254 1.271066 -0.833919
v -0.854225 1.305240 -0.821308
v -0.876217 1.341630 -0.768567
v -1.122155 1.150351 -0.574652
v -1.110433 1.115109 -0.669829
v -1.120188 1.081633 -0.662625
v -1.043897 1.015125 -0.836550
v -1.089995 1.056478 -0.736889
v -1.042357 1.079383 -0.818154
v -1.080780 1.094165 -0.736636
v -1.170192 1.053238 -0.570890
v -1.180935 1.024090 -0.565600
v -1.170290 1.031365 -0.587939
v -1.153392 1.080279 -0.571907
v -0.802503 1.383880 -0.820261
v -0.965984 1.087480 -0.893090
v -0.993277 1.118505 -0.840898
v -0.985235 1.049647 -0.890430
v -0.748833 1.000307 -1.052717
v -1.059016 1.122426 -0.755465
v -0.978378 1.168900 -0.837085
v -1.081358 1.175757 -0.665618
v -1.071798 1.170477 -0.709067
v -1.030122 1.176629 -0.767442
v -0.964035 1.235612 -0.792378
v -0.975188 1.216859 -0.787385
v -1.030208 1.215355 -0.669592
v -1.084857 1.192507 -0.578487
v -1.069812 1.209044 -0.594770
v -1.063768 1.218762 -0.616408
v -1.021122 1.208353 -0.729511
v -0.455224 1.237589 -1.038161
v -0.462890 1.206683 -1.044354
v -0.990724 1.269515 -0.713578
v -1.015282 1.266668 -0.656828
v -0.849359 1.421992 -0.723272
v -0.827259 1.478645 -0.662377
v -0.938691 1.335664 -0.699825
v -1.002916 1.286497 -0.618413
v -0.897422 1.371158 -0.682638
v -0.975382 1.332462 -0.614400
v -0.936759 1.363645 -0.606730
v -0.911274 1.377286 -0.642316
v -0.792198 1.491314 -0.674664
v -0.862633 1.445871 -0.648663
v -0.759546 1.520150 -0.658902
v -1.024710 1.273117 -0.604527
v -0.735231 1.556692 -0.673585
v -0.826681 1.005429 -1.015249
v -0.607036 1.022539 -1.088765
v -1.148585 0.948738 -0.695000
v -1.125068 0.935452 -0.744121
v -1.099545 0.938594 -0.792580
v -1.126060 1.002629 -0.746813
v -1.107989 0.928185 -0.776783
v -1.156305 1.013327 -0.615328
v -1.146393 0.997145 -0.678238
v -1.161724 0.977360 -0.656685
v -1.145347 1.051330 -0.669607
v -0.560153 1.024390 -1.098147
v -0.515905 1.031968 -1.097883
v -1.091482 0.995131 -0.802594
v -1.119859 0.913598 -0.762344
v -0.952542 0.983713 -0.943632
v -1.017853 1.027798 -0.857083
v -0.929140 0.968886 -0.960484
v -0.906839 1.010304 -0.967025
v -0.974937 0.963887 -0.926147
v -1.004102 0.961393 -0.900521
v -1.092929 0.941930 -0.810773
v -1.034450 0.962971 -0.874030
v -1.057313 0.959523 -0.848683
v -0.879387 0.995157 -0.989810
v -1.074741 0.937300 -0.836654
v -0.492043 1.020582 -1.109188
v -0.376427 0.203408 0.758814
v -0.437353 0.218033 0.744369
v -0.319164 0.463491 0.713136
v -0.276055 0.511560 0.714586
v -0.387520 0.541607 0.677606
v -0.175869 0.272245 0.805853
v -0.323871 0.325937 0.743417
v 0.097323 0.724502 0.896114
v 0.012840 0.880520 0.947820
v 0.039444 0.842520 0.940459
v 0.069541 0.601041 0.756835
v 0.050564 0.621053 0.741126
v 0.000188 0.643170 0.746241
v -0.171307 0.709957 0.863512
v -0.088094 0.716421 0.923098
v -0.172963 0.736649 0.910080
v -0.486595 0.476981 0.664787
v -0.233703 0.710813 0.795844
v -0.067064 0.684346 0.864318
v 0.047935 0.512147 0.796455
v 0.062298 0.533717 0.792041
v -0.016412 0.492597 0.780266
v -0.865837 0.134769 0.596137
v -0.936997 0.265233 0.531082
v -0.000866 0.681102 0.849196
v -0.071454 0.676951 0.788514
v 0.008908 0.668998 0.771591
v -0.519897 0.356119 0.685721
v -0.566443 0.436654 0.647443
v -0.281801 0.445780 0.734007
v 0.132343 0.709612 0.779124
v 0.102713 0.664503 0.736353
v 0.154794 0.696064 0.745500
v -0.145975 0.140318 0.848588
v -0.116555 0.168611 0.856947
v -0.945507 0.403822 0.499327
v -0.788373 0.588944 0.523416
v -0.899820 0.731869 0.425542
v 0.211464 0.596297 0.786941
v 0.004463 0.375482 0.826724
v 0.121980 0.403802 0.847022
v -0.630508 0.493611 0.617380
v 0.224406 0.532061 0.817758
v -0.418237 0.284571 0.732923
v 0.089007 0.763210 0.920480
v -0.391832 0.427394 0.705423
v -0.152848 0.530622 0.738813
v -0.739120 0.758653 0.493962
v 0.003014 0.690052 0.890400
v -0.078224 0.654351 0.736121
v 0.108381 0.482537 0.823887
v 0.151672 0.433942 0.841013
v 0.181108 0.469643 0.836690
v -0.100776 0.787563 0.949914
v -0.033507 0.760644 0.940526
v -0.427087 0.580088 0.652929
v -0.419103 0.629082 0.639600
v -0.745457 0.440650 0.588376
v -0.006704 0.732553 0.923191
v -0.150089 0.627704 0.697119
v -0.085656 0.623998 0.703484
v -0.125283 0.654071 0.708501
v 0.021244 0.773152 0.931640
v 0.014916 0.830549 0.948260
v -0.816575 0.741693 0.464509
v -0.016449 0.724631 0.925089
v -0.219420 0.110703 0.828407
v -0.938878 0.762305 0.384336
v -0.035352 0.556838 0.752092
v -0.068842 0.538274 0.754614
v -0.133773 0.420798 0.777151
v 0.035030 0.468064 0.810570
v -0.141136 0.357921 0.798578
v -0.392720 0.063888 0.793016
v -0.254489 0.054980 0.832611
v -0.690320 0.718189 0.534670
v -0.612763 0.563951 0.603434
v 0.170451 0.659818 0.746634
v -1.030687 0.609582 0.378651
v -1.008731 0.695013 0.362406
v -0.415523 0.702945 0.623576
v -0.485009 0.716730 0.599692
v -0.502451 0.595897 0.633539
v -0.016365 0.361403 0.829540
v 0.007553 0.317181 0.844522
v -0.076569 0.336215 0.823548
v 0.005392 0.598698 0.742461
v -0.029712 0.608199 0.730716
v 0.101940 0.709915 0.864642
v -0.192731 0.508607 0.732027
v -0.724921 -0.081782 0.731540
v -0.788377 -0.064211 0.700084
v -0.546701 0.712151 0.589539
v -0.163807 0.693940 0.740129
v 0.057395 0.801984 0.931184
v -0.643718 -0.102898 0.760620
v 0.216287 0.491361 0.833380
v 0.097096 0.554729 0.788014
v 0.129993 0.768082 0.896361
v 0.133612 0.798648 0.897998
v -0.957937 0.544888 0.446016
v -0.637266 0.725130 0.550341
v -0.239412 0.737427 0.863231
v -0.106791 0.535938 0.742209
v -0.583229 0.117965 0.717053
v -0.536483 0.032858 0.760199
v -0.566011 -0.099756 0.788951
v 0.078426 0.837345 0.920125
v -0.361747 -0.057773 0.824048
v 0.171847 0.748906 0.848737
v -0.311019 0.743396 0.680116
v -0.275388 0.732505 0.733047
v -0.038480 0.831935 0.951708
v -0.026287 0.866808 0.946782
v 0.192943 0.714307 0.734264
v 0.236820 0.688783 0.752091
v -0.978999 0.078521 0.548396
v -0.951238 0.156697 0.545398
v -0.465657 -0.119893 0.813568
v -0.412214 -0.096018 0.826396
v -0.280178 -0.007485 0.838355
v -0.356520 0.673281 0.643967
v -0.394339 0.724748 0.614920
v -0.507066 -0.139553 0.810132
v 0.098138 0.368474 0.852517
v -0.214716 0.579775 0.700515
v -0.353645 0.721623 0.631670
v -0.084749 0.209437 0.858897
v 0.290541 0.648516 0.779681
v -0.281641 0.651027 0.663488
v 0.171035 0.730460 0.754966
v 0.137469 0.744481 0.873569
v 0.171026 0.748597 0.788003
v 0.185197 0.757853 0.819202
v 0.273584 0.591826 0.800656
v -0.071361 0.247085 0.851647
v -0.327029 -0.041286 0.834508
v -0.850800 -0.036205 0.657378
v -0.799867 0.090557 0.644545
v -0.085339 0.823983 0.957587
v -0.934847 -0.028970 0.613211
v -0.596517 0.764180 0.557247
v -0.271121 0.702841 0.666165
v -0.188114 0.685890 0.694175
v -0.976639 0.480754 0.450664
v 0.236127 0.567628 0.801281
v 0.059003 0.330650 0.851239
v -0.332753 0.745957 0.650982
v -0.138397 0.778853 0.945282
v -0.596585 0.203836 0.695351
v -0.308507 0.751501 0.705260
v -0.738081 0.250076 0.629724
v -0.006089 0.278235 0.850756
v -0.095667 0.182480 0.857464
v -0.172236 0.099292 0.846866
v -0.030053 0.243824 0.859195
v 0.080826 0.175048 0.904641
v 0.030054 0.164341 0.898249
v 0.030602 0.245270 0.879568
v -0.005909 0.279263 0.851279
v -0.051349 0.133984 0.883357
v -0.007277 0.213189 0.874083
v 0.221507 0.139185 0.935518
v 0.173815 0.252546 0.905119
v 0.309779 0.180302 0.938028
v 0.079992 0.249994 0.883295
v 0.118964 0.295622 0.880923
v 0.098178 0.367928 0.851616
v 0.123684 0.032110 0.943178
v 0.184569 -0.039600 0.962324
v 0.006959 0.318121 0.847275
v 0.059003 0.330650 0.851239
v 0.212201 0.441900 0.846412
v 0.264503 0.464876 0.849131
v 0.216287 0.491361 0.833380
v 0.065749 0.073254 0.926199
v 0.036134 0.121459 0.913652
v 0.181108 0.469643 0.836690
v 0.043293 -0.052719 0.940027
v 0.108178 -0.111028 0.959106
v 0.025746 0.037965 0.920176
v -0.047329 0.029160 0.908115
v 0.299719 0.039754 0.959734
v 0.313035 0.483132 0.845984
v 0.126566 0.123672 0.922104
v 0.257963 -0.157105 0.982588
v 0.306975 -0.123057 0.982455
v 0.211022 -0.111791 0.970604
v 0.299722 0.270854 0.910324
v -0.030053 0.243824 0.859195
v 0.175593 -0.168216 0.972335
v 0.309139 0.412526 0.872728
v 0.224637 0.532371 0.816988
v 0.273584 0.591826 0.800656
v 0.241546 0.013912 0.958321
v 0.275164 -0.035037 0.970712
v -0.071361 0.247085 0.851647
v 0.250572 0.312055 0.897293
v 0.177573 -0.060004 0.960216
v 0.060155 -0.137435 0.946271
v 0.414785 0.439030 0.871424
v 0.330682 0.592955 0.805446
v 0.235026 -0.215620 0.982764
v 0.121659 0.403826 0.847767
v 0.179754 0.370942 0.870007
v 0.261265 0.414615 0.867997
v 0.280189 0.326643 0.899728
v 0.154116 0.437153 0.841471
v -0.172099 0.099220 0.846540
v -0.146007 0.140842 0.849407
v -0.121738 0.166238 0.859567
v 0.564673 0.013726 0.975375
v 0.579021 -0.080087 0.985874
v 0.418710 0.108481 0.954972
v 0.508492 0.038164 0.968887
v 0.675366 0.040617 0.967846
v 0.532423 0.098505 0.959597
v 0.392608 0.179906 0.940541
v 0.667832 -0.090788 0.982547
v 0.610225 0.193080 0.936265
v 0.552816 0.368425 0.890055
v 0.522908 0.449169 0.862369
v 0.516431 0.481317 0.848328
v 0.443921 0.448163 0.866980
v 0.450014 -0.001220 0.974616
v 0.404528 -0.018176 0.974653
v 0.681653 -0.195779 0.989713
v 0.450955 0.318279 0.905805
v 0.407623 0.288276 0.914562
v 0.482218 -0.110901 0.990503
v 0.522068 -0.172253 0.997625
v 0.381246 -0.065170 0.981326
v 0.423222 0.511795 0.842069
v 0.466505 0.494766 0.849222
v -0.097478 0.036005 0.888314
v -0.073057 -0.039332 0.905958
v -0.186720 -0.033985 0.865256
v -0.222750 -0.150264 0.874619
v -0.095746 0.182586 0.857793
v -0.263973 -0.115912 0.863879
v -0.254551 0.054232 0.831004
v -0.145160 -0.177348 0.899303
v 0.404229 0.536351 0.830828
v 0.354937 0.584769 0.809969
v -0.351468 -0.125593 0.844545
v -0.327142 -0.041134 0.835067
v -0.362134 -0.058571 0.822438
v -0.412214 -0.096018 0.826396
v -0.280178 -0.007485 0.838355
v 0.489396 -0.257058 1.004986
v 0.385832 -0.184707 0.995065
v 0.456336 -0.263165 1.004505
v 0.590732 -0.267079 0.999797
v 0.624989 -0.340838 0.998066
v 0.753781 -0.296490 0.979448
v 0.731912 -0.313236 0.982643
v 0.719668 -0.346363 0.988688
v 0.673906 -0.350010 0.996954
v 0.560739 -0.319124 1.007195
v 0.592503 -0.326286 1.000866
v 0.514371 -0.336842 1.007431
v 0.335520 0.303070 0.905914
v 0.314866 0.624990 0.790151
v 0.290541 0.648516 0.779681
v 0.314567 0.602170 0.800856
v 0.236127 0.567628 0.801281
v 0.703158 0.207754 0.923509
v 0.641103 0.255810 0.915247
v 0.461928 -0.317008 1.002763
v 0.362399 -0.300428 1.003397
v 0.338981 -0.286406 0.995695
v 0.424683 -0.309884 1.003850
v 0.371376 -0.270771 0.997579
v 0.237257 -0.287376 0.987366
v 0.279807 -0.268208 0.989218
v 0.190809 -0.260770 0.976523
v 0.393436 -0.325280 1.000441
v 0.314666 -0.261564 0.994834
v -0.086474 -0.181100 0.920668
v 0.076232 -0.226118 0.954285
v 0.021584 -0.196453 0.943151
v 0.049225 -0.226148 0.950914
v 0.160192 -0.258224 0.976321
v 0.137803 -0.235142 0.968648
v -0.053736 -0.196245 0.925204
v 0.102852 -0.252250 0.962177
v -0.018995 -0.230251 0.935278
v -0.083369 0.210946 0.856536
v -0.190590 -0.182469 0.890396
v -0.219475 0.110740 0.828694
v 0.765224 -0.120988 0.972056
v 0.862090 -0.160100 0.949435
v 0.875756 0.141650 0.895806
v 0.884674 0.089565 0.907909
v 0.839789 -0.088352 0.950300
v 0.822989 -0.057761 0.949998
v 0.800709 -0.194811 0.968941
v 0.747773 0.087860 0.945909
v 0.579249 0.416914 0.868163
v 0.598621 0.381390 0.877469
v 0.927267 0.034103 0.902454
v 0.946521 0.013753 0.900567
v 0.771057 -0.264913 0.974426
v 0.811186 -0.245509 0.968311
v 0.815358 0.121594 0.920604
v 0.946768 -0.076882 0.908336
v 0.954238 -0.041284 0.901377
v 0.987427 -0.015072 0.886713
v 0.831396 -0.196114 0.961062
v 0.873040 -0.135733 0.941111
v 0.908706 -0.109391 0.924067
v 0.926438 0.062023 0.898544
v 0.856969 -0.185731 0.948635
v 0.784242 0.230822 0.897819
v 0.822572 0.190414 0.898805
v 0.713913 0.288775 0.891956
v 0.644100 0.338175 0.885041
v 0.554757 0.439191 0.861582
v 0.765298 0.270709 0.886480
v -1.376964 -0.331243 -0.535860
v -1.419133 -0.004769 -0.558327
v -1.387131 -0.109971 -0.593697
v -1.439858 -0.026166 -0.509495
v -1.231167 0.975116 -0.311788
v -1.210013 1.026052 -0.355068
v -1.270722 0.907761 -0.334819
v -1.329772 -0.168118 -0.661393
v -1.183951 1.074291 -0.358122
v -1.161178 1.121951 -0.400854
v -0.742858 0.111352 -1.075994
v -0.691242 0.142959 -1.094819
v -0.701546 0.076836 -1.084074
v -1.182853 0.826132 -0.721802
v -1.218100 0.776047 -0.684508
v -1.242306 0.774068 -0.647063
v -1.273397 0.670007 -0.615535
v -1.274942 0.749514 -0.597853
v -1.195553 0.005307 -0.808464
v -1.191960 0.081073 -0.812696
v -1.282967 0.177157 -0.726966
v -1.198009 0.287900 -0.813549
v -1.170880 0.392542 -0.830220
v -1.347497 0.571389 -0.552916
v -1.380665 0.455449 -0.542637
v -1.403561 0.451859 -0.474399
v -1.188012 0.678103 -0.751330
v -1.137515 0.560254 -0.827325
v -1.405174 0.504088 -0.405002
v -1.100921 0.738177 -0.847378
v -1.373230 0.539005 -0.499224
v -1.351275 0.209061 -0.632178
v -1.382981 0.097665 -0.606445
v -1.248825 0.501489 -0.728883
v -1.171515 0.536871 -0.796990
v -1.154676 0.445717 -0.836842
v -1.351740 -0.038588 -0.647955
v -1.270992 0.338714 -0.734570
v -1.345204 0.473563 -0.609620
v -1.331351 0.703254 -0.488547
v -1.326640 0.647772 -0.542301
v -1.076335 0.226372 -0.925497
v -1.165394 0.230067 -0.845171
v -1.246853 0.857417 -0.599989
v -1.249183 0.673146 -0.658561
v -1.367975 0.613134 -0.456156
v -1.319775 0.053715 -0.691334
v -1.325360 0.246294 -0.672986
v -1.329892 0.153363 -0.670152
v -1.353690 0.300178 -0.622418
v -1.086371 -0.014182 -0.899393
v -0.985523 0.047392 -0.974616
v -1.366612 0.579829 -0.511305
v -1.286591 0.481484 -0.688420
v -1.383962 0.549531 -0.470042
v -1.300139 0.574786 -0.636517
v -1.294649 -0.015685 -0.717782
v -1.262460 0.615235 -0.666436
v -1.173801 0.715244 -0.761989
v -1.086172 0.490359 -0.886484
v -1.262968 0.779376 -0.597344
v -1.270487 0.854185 -0.525742
v -1.183687 0.757439 -0.745643
v -1.452462 0.240392 -0.436654
v -1.473136 0.126967 -0.441337
v -1.435357 0.139518 -0.516471
v -1.307500 0.740783 -0.505150
v -1.477841 0.170423 -0.401538
v -1.221726 0.603965 -0.721314
v -1.249869 0.549130 -0.709331
v -1.271994 0.560778 -0.679674
v -1.386459 -0.408298 -0.490862
v -1.398517 -0.462846 -0.457580
v -1.371042 -0.166736 -0.604510
v -1.349307 -0.263231 -0.610669
v -1.107672 -0.203390 -0.867202
v -1.257347 -0.299803 -0.704906
v -1.329125 -0.518895 -0.551003
v -1.312409 -0.591031 -0.556179
v -1.421332 -0.292318 -0.472851
v -1.408143 -0.326580 -0.477872
v -1.202076 -0.160050 -0.791488
v -0.984837 -0.472235 -0.918075
v -1.036702 -0.489566 -0.873518
v -1.334063 0.401077 -0.644308
v -1.279084 0.372030 -0.718007
v -1.448617 0.060124 -0.501547
v -1.403695 0.400549 -0.520517
v -1.325868 -0.100760 -0.673920
v -1.389974 0.363786 -0.552557
v -1.449234 -0.087678 -0.484239
v -1.409627 0.290181 -0.522276
v -1.148761 0.948736 -0.695399
v -1.061846 0.881676 -0.865013
v -1.091547 0.861778 -0.836285
v -1.070730 0.707999 -0.886085
v -1.086923 0.913993 -0.813301
v -1.117219 0.886983 -0.783334
v -1.477517 0.145982 -0.419513
v -1.120742 0.914168 -0.762786
v -1.127132 0.936297 -0.744950
v -1.199661 0.877628 -0.673055
v -1.159603 0.973881 -0.660291
v -1.069693 0.759572 -0.884307
v -1.155886 1.013486 -0.614864
v -1.181724 1.024331 -0.566100
v -1.170290 1.031365 -0.587939
v -1.158333 0.993994 -0.635694
v -1.467849 0.094384 -0.452634
v -1.009443 -0.162401 -0.943009
v -1.453922 -0.155939 -0.450136
v -1.467778 -0.124369 -0.435739
v -1.119150 -0.397755 -0.813488
v -0.877816 -0.066254 -1.023936
v -1.441124 -0.201064 -0.463016
v -1.463595 0.225611 -0.402673
v -1.485015 0.226904 -0.347606
v -1.319794 0.787871 -0.418617
v -1.288948 0.820083 -0.470662
v -1.429491 0.378998 -0.449335
v -1.383877 0.606593 -0.417282
v -1.350124 0.669550 -0.447723
v -1.467670 -0.039393 -0.454184
v -1.460387 -0.059416 -0.463376
v -1.470156 0.266714 -0.380070
v -1.463772 0.291482 -0.382322
v -1.396274 0.558554 -0.402652
v -1.432973 0.411499 -0.401572
v -1.429218 0.441331 -0.399496
v -1.461568 -0.000918 -0.470194
v -1.478784 0.046995 -0.439027
v -0.984292 0.533587 -0.960102
v -0.946335 0.491700 -0.987206
v -1.073428 0.579524 -0.888661
v -1.310313 0.761719 -0.456210
v -1.347436 0.727376 -0.390420
v -1.331167 0.783024 -0.340929
v -1.012528 0.633900 -0.941472
v -1.303886 0.843455 -0.366011
v -1.423180 0.322064 -0.479787
v -1.486088 0.172987 -0.365909
v -1.439498 0.383451 -0.398042
v -1.413403 0.466798 -0.416207
v -1.454005 0.314764 -0.389074
v -0.809508 0.516807 -1.068810
v -0.770442 0.479729 -1.082654
v -0.865806 0.454926 -1.041095
v -1.373406 0.663788 -0.382981
v -0.814149 0.330367 -1.068086
v -0.857296 0.605879 -1.038110
v -1.072468 0.303023 -0.926799
v -0.671668 0.213318 -1.114620
v -0.647853 0.166531 -1.110545
v -0.749661 0.396144 -1.095235
v -0.872172 0.222542 -1.045449
v -0.754707 0.444522 -1.087857
v -0.671475 0.278680 -1.121894
v -0.679313 0.360913 -1.114702
v -1.455996 0.361856 -0.380151
v -0.808429 0.584275 -1.061857
v -0.815435 0.106731 -1.061842
v -1.227224 -0.458808 -0.686673
v -1.122458 -0.509003 -0.791334
v -1.226376 -0.691960 -0.621028
v -1.095582 -0.659676 -0.766145
v -1.285811 -0.655000 -0.563724
v -1.151645 -0.710258 -0.689743
v -1.165090 1.092893 -0.466909
v -0.631853 0.244005 -1.124465
v -1.226605 0.937834 -0.583095
v -1.257062 0.898138 -0.478467
v -1.164854 1.063257 -0.504447
v -1.178504 1.040506 -0.535852
v -1.198745 1.004104 -0.501238
v -1.232229 0.956300 -0.482871
v -1.071082 0.664904 -0.887329
v -1.037580 0.812909 -0.904462
v -0.935615 0.684249 -0.995828
v -1.073891 0.901687 -0.840444
v -1.029691 0.869513 -0.903038
v -0.998991 0.813375 -0.937986
v -0.965776 0.792292 -0.970861
v -1.355105 -0.474815 -0.521371
v -1.399709 -0.372796 -0.479459
v -0.882517 0.654477 -1.028296
v -0.932218 0.749537 -0.990904
v -1.359765 -0.582182 -0.500041
v -1.431756 -0.252445 -0.462289
v -0.890074 -0.322597 -0.994752
v -0.847486 -0.618697 -0.936455
v -0.874932 -0.481364 -0.969515
v -0.987536 -0.674173 -0.842347
v -0.744169 -0.230084 -1.069284
v -0.776449 -0.374526 -1.031360
v -0.735880 0.038550 -1.068125
v -0.746949 -0.032244 -1.070515
v -0.730687 -0.009737 -1.067921
v -0.754601 -0.088140 -1.071915
v -1.360981 -0.528142 -0.506354
v 1.151379 0.525377 0.601824
v 0.429481 0.595856 0.811248
v 0.389199 0.648287 0.786464
v 1.119158 0.637504 0.583156
v 1.119219 0.490161 0.647945
v 1.186023 0.174621 0.704908
v 0.390417 0.585068 0.809641
v 0.402912 0.537464 0.829787
v 1.157007 0.482941 0.615780
v 1.128946 0.464220 0.647743
v 1.175787 0.459456 0.617084
v 0.466505 0.494766 0.849222
v 1.202852 0.262420 0.664030
v 1.201111 0.312513 0.651243
v 1.066726 0.929967 0.471961
v 0.423343 0.511472 0.841399
v 1.058558 0.983880 0.437092
v 1.099661 0.607166 0.607376
v 1.083683 0.641358 0.613616
v 1.044337 0.169166 0.805533
v 1.042592 0.251913 0.780460
v 1.168060 0.431537 0.632674
v 1.097061 0.682394 0.585291
v 0.991234 0.804188 0.584528
v 1.056441 0.740535 0.583065
v 1.056595 0.780377 0.566315
v 1.112781 0.715490 0.554344
v 1.108163 0.766636 0.533154
v 0.658934 0.926154 0.644685
v 0.683230 0.967939 0.618544
v 1.190412 0.343525 0.644845
v 1.153374 0.383192 0.661328
v 0.740737 0.883601 0.648204
v 0.760010 0.932692 0.619356
v 1.030989 0.815702 0.559970
v 1.187050 0.101869 0.724454
v 1.151406 0.077523 0.756352
v 1.117566 0.219903 0.743697
v 1.068625 0.578761 0.641513
v 0.720732 0.989156 0.605232
v 1.015825 0.417292 0.731690
v 1.058246 0.428159 0.707336
v 1.032174 0.502693 0.683862
v 1.040078 0.544657 0.666481
v 0.949516 0.503690 0.727114
v 1.009678 0.479123 0.710843
v 1.108143 0.402487 0.684020
v 0.922164 0.493422 0.736935
v 0.904442 0.470936 0.754150
v 1.072264 0.471321 0.677508
v 0.940805 0.872208 0.582206
v 1.033907 0.457212 0.701648
v 0.997724 0.880891 0.548301
v 1.111059 0.810972 0.510728
v 1.201139 0.362770 0.630001
v 1.016512 0.319163 0.769264
v 1.001743 0.455129 0.718687
v 1.070160 0.119925 0.806689
v 1.087437 0.846024 0.510752
v 1.085992 0.536991 0.639312
v 0.960290 0.583249 0.685616
v 0.976603 0.586062 0.673143
v 1.220220 0.217321 0.661091
v 0.921799 0.387781 0.781562
v 1.167329 0.509221 0.599097
v 1.057687 0.315474 0.747559
v 1.088784 0.322522 0.725541
v 1.070967 0.053037 0.823235
v 0.879099 0.563138 0.728474
v 0.904393 0.526313 0.734850
v 0.997475 1.000810 0.470890
v 1.017187 1.020715 0.443970
v 1.125695 0.695651 0.555626
v 1.138747 0.666051 0.560376
v 0.907719 1.030469 0.506666
v 0.883392 1.053242 0.504085
v 0.849944 1.052277 0.514646
v 0.822193 1.038414 0.542067
v 1.000517 0.099224 0.855332
v 1.113187 0.568525 0.616758
v 0.861738 0.851935 0.625945
v 0.512632 0.804077 0.712024
v 0.563881 0.752469 0.728494
v 0.817769 0.747580 0.676757
v 0.852608 0.789799 0.654071
v 0.797445 0.801788 0.663550
v 0.911830 0.795192 0.626316
v 0.252220 0.678080 0.761107
v 0.290539 0.648523 0.779701
v 0.285800 0.710285 0.752421
v 0.418379 0.753931 0.729695
v 0.380686 0.756131 0.725022
v 0.349714 0.736094 0.743577
v 1.134369 0.276608 0.717529
v 0.314848 0.625174 0.791242
v 0.326590 0.706626 0.758475
v 0.355082 0.584566 0.809688
v 0.618311 0.828397 0.690679
v 0.475132 0.811903 0.704298
v 0.460587 0.780115 0.716284
v 0.547524 0.826512 0.694788
v 0.552201 0.872671 0.676442
v 0.432966 0.780132 0.718789
v 1.132608 0.046115 0.782587
v 1.185052 0.380983 0.640221
v 0.738769 1.000774 0.592213
v 0.928565 0.903565 0.566198
v 1.256802 0.111586 0.659806
v 1.221947 0.104091 0.692149
v 1.150430 0.547562 0.603466
v 1.155042 0.572857 0.587331
v 1.142770 0.609455 0.587186
v 0.474062 0.684898 0.763104
v 1.016780 0.216249 0.804098
v 0.602558 0.888598 0.667177
v 0.884355 0.089196 0.906937
v 0.875950 0.142079 0.896885
v 0.896945 0.246011 0.854213
v 0.700268 0.632953 0.754590
v 0.731596 0.666786 0.732621
v 0.714283 0.288860 0.892501
v 1.185608 0.407614 0.626623
v 0.672536 0.317267 0.887944
v 0.926803 0.033667 0.901161
v 0.945413 0.013235 0.898067
v 0.987270 -0.014730 0.887252
v 0.926438 0.062023 0.898544
v 0.951657 0.186242 0.851397
v 0.926456 0.626461 0.684497
v 0.973085 0.611753 0.673376
v 0.598883 0.381601 0.878806
v 0.635787 0.345761 0.884526
v 0.651981 0.436196 0.849607
v 0.524836 0.668377 0.769457
v 0.775715 1.011191 0.574098
v 0.619896 0.758817 0.714363
v 0.795808 0.493980 0.783974
v 0.789248 0.389901 0.831484
v 0.478598 0.629165 0.795271
v 0.580803 0.688067 0.754369
v 0.762278 0.732166 0.697260
v 0.721088 0.727102 0.711833
v 0.654776 0.670136 0.747673
v 1.001959 0.629100 0.653007
v 0.814907 0.422944 0.807566
v 0.916376 0.649081 0.681871
v 0.564108 0.568272 0.810524
v 0.827790 0.684792 0.696928
v 0.514841 0.589137 0.807851
v 0.609881 0.647005 0.763930
v 0.883064 0.710852 0.669856
v 0.516685 0.482135 0.850802
v 0.554796 0.439323 0.861926
v 0.592899 0.489451 0.837891
v 0.995206 0.696977 0.626410
v 0.828190 0.624572 0.724016
v 0.522908 0.449169 0.862369
v 1.045657 0.648510 0.625086
v 1.005565 0.615140 0.651898
v 0.862018 0.652767 0.696108
v 0.765548 0.270945 0.887252
v 0.784233 0.230808 0.897781
v 0.814825 0.557937 0.750691
v 0.813433 0.510011 0.774429
v 0.737595 0.567396 0.771423
v 0.939063 0.123360 0.879609
v 0.928879 0.280093 0.823781
v 0.579237 0.417100 0.868438
v 0.668391 0.499764 0.820040
v 0.876056 0.339287 0.822284
v 0.702683 0.447444 0.831955
v 0.819982 0.882048 0.621760
v 0.720004 0.815936 0.679020
v 0.699429 0.841131 0.669527
v 0.884957 0.938331 0.574358
v 0.648897 0.870649 0.669299
v 0.636458 0.891881 0.658235
v 0.806387 1.023165 0.559756
v 0.944719 0.756582 0.629168
v 0.940941 1.030267 0.487597
v 0.985896 0.745977 0.617301
v 0.988009 0.935705 0.523015
v 0.822572 0.190414 0.898805
v 0.968177 1.032682 0.465932
v 0.874962 0.441997 0.777489
v 1.017175 0.046484 0.861117
v 0.314567 0.602170 0.800856
v 0.330459 0.593380 0.807199
v 1.187647 1.265894 -0.074178
v 1.183141 1.272570 -0.049997
v 0.714963 1.373223 0.282800
v 1.183446 1.259292 -0.024863
v 0.780427 1.350295 0.267260
v 0.828428 1.536417 0.038645
v 0.787272 1.588485 0.017338
v 0.785179 1.533768 0.076329
v 0.537428 1.591750 0.132037
v 0.584320 1.306637 0.386642
v 0.616259 1.292012 0.387525
v 0.658324 1.298658 0.374139
v 1.219993 1.236261 -0.118052
v 1.196624 1.272440 -0.124369
v 1.236716 1.189054 -0.214761
v 1.253850 1.209291 -0.145840
v 1.279146 1.153264 -0.227125
v 0.627383 1.544005 0.150475
v 1.216088 1.238986 -0.171313
v 0.662534 1.461789 0.212544
v 1.200795 1.236568 -0.030000
v 0.569095 1.693957 0.000115
v 0.565529 1.727631 -0.064432
v 0.741531 1.444947 0.198285
v 0.715413 1.507152 0.145262
v 0.622747 1.683826 -0.009001
v 1.216101 1.222585 -0.015938
v 1.257778 1.216084 -0.104306
v 0.743515 1.251093 0.380738
v 0.483814 1.635062 0.074740
v 0.569693 1.624666 0.074366
v 0.738851 1.667921 -0.050835
v 0.826120 1.207034 0.405916
v 1.267894 1.122483 0.049441
v 0.685530 1.601078 0.070498
v 0.332691 1.721113 -0.169851
v 0.356044 1.716363 -0.122559
v 0.775478 1.411352 0.208138
v 0.817615 1.433060 0.161868
v 0.645485 1.574085 0.110764
v 0.655061 1.344737 0.331490
v 1.292402 1.066654 0.082813
v 0.593949 1.781070 -0.167583
v 0.795049 1.120316 0.495271
v 0.845087 1.134094 0.470573
v 0.698207 1.751237 -0.177537
v 0.472686 1.856297 -0.412625
v 0.473551 1.845089 -0.445774
v 0.598225 1.436740 0.261149
v 0.558525 1.410930 0.276484
v 0.751378 1.311935 0.320753
v 0.533680 1.443563 0.242197
v 0.537563 1.754694 -0.575561
v 0.516352 1.776292 -0.543791
v 0.515802 1.795698 -0.510252
v 0.886475 1.609911 -0.304663
v 0.913304 1.556076 -0.322790
v 0.934820 1.457801 0.062896
v 0.922548 1.455922 0.047254
v 0.891977 1.478028 0.096833
v 0.643977 1.808107 -0.458646
v 0.583739 1.416356 0.285318
v 0.893550 1.208032 0.360509
v 1.194446 1.388654 0.047509
v 1.208775 1.357167 0.046495
v 1.195142 1.386789 0.019680
v 1.127151 1.308161 0.058874
v 1.163321 1.319172 0.066366
v 1.178212 1.335464 0.086041
v 1.067325 1.344715 0.113897
v 1.125013 1.352364 0.104165
v 0.424921 1.682255 -0.005134
v 0.809965 1.479590 0.127376
v 0.762018 1.479613 0.149082
v 0.454986 1.527361 0.206076
v 0.481537 1.486750 0.221758
v 0.494617 1.524140 0.199791
v 0.636349 1.785435 -0.500517
v 0.683146 1.754275 -0.507799
v 1.131834 1.431848 0.038618
v 1.172523 1.348006 -0.012392
v 0.549737 1.485338 0.229417
v 0.387111 1.464894 0.240844
v 0.402622 1.454860 0.239756
v 1.196726 1.371422 0.072005
v 0.429433 1.451963 0.245735
v 0.377846 1.481010 0.234756
v 0.451489 1.863730 -0.396568
v 1.193865 1.322752 0.043490
v 1.197023 1.337351 0.007423
v 0.488762 1.865974 -0.374536
v 0.726218 1.771993 -0.392660
v 0.643146 1.838484 -0.377115
v 1.088602 1.423517 0.132273
v 1.076973 1.474161 0.097565
v 1.122756 1.446557 0.065767
v 0.477088 1.411191 0.293173
v 0.514110 1.376671 0.310784
v 0.706120 1.789659 -0.313287
v 0.810794 1.655125 -0.430512
v 0.767357 1.634495 -0.535612
v 0.754826 1.690329 -0.492559
v 1.150374 1.261283 -0.177319
v 1.151043 1.265624 -0.138896
v 1.022852 1.477630 0.138547
v 0.369482 1.503852 0.222627
v 1.093579 1.435665 0.042533
v 1.071735 1.391206 0.054881
v 1.075225 1.285024 -0.395107
v 1.047298 1.332057 -0.374447
v 0.517937 1.867107 -0.424638
v 0.544648 1.830992 -0.472563
v 1.126199 1.283096 -0.313883
v 1.197105 1.164330 -0.298290
v 1.198786 1.147355 -0.319440
v 1.174170 1.158707 -0.336310
v 0.762110 1.748361 -0.325177
v 1.203152 1.297332 0.013157
v 1.201373 1.318807 -0.013837
v 1.154130 1.192231 -0.305042
v 1.171875 1.226601 -0.212587
v 0.717316 1.774861 -0.442161
v 0.958387 1.483150 0.076291
v 1.014080 1.416745 0.068223
v 1.011745 1.498331 0.106761
v 0.834820 1.486653 0.099663
v 0.874978 1.516405 -0.522298
v 0.877889 1.591213 -0.425759
v 1.176097 1.176221 -0.286336
v 0.789375 1.148132 0.477997
v 1.137860 1.177209 -0.329205
v 1.065435 1.474101 0.068213
v 0.992408 1.411224 0.009050
v 0.968915 1.504777 0.100951
v 1.202016 1.218728 -0.206856
v 1.234214 1.191159 -0.275521
v 1.190005 1.195755 -0.258938
v 0.929097 1.504643 0.145448
v 1.030557 1.472785 0.071854
v 0.410940 1.830204 -0.355686
v 0.455977 1.849249 -0.350718
v 0.412713 1.850044 -0.398035
v 0.651663 1.272730 0.401948
v 0.671074 1.234946 0.424727
v 1.156183 1.228869 -0.291515
v 0.781451 1.718540 -0.393759
v 1.185444 1.295599 -0.028585
v 0.923916 1.459942 -0.519042
v 0.895773 1.488228 -0.527197
v 1.175521 1.258941 -0.145340
v 0.772867 1.714711 -0.444502
v 0.421244 1.828022 -0.431094
v 0.409660 1.839216 -0.418930
v 1.246894 1.163384 -0.314406
v 1.229348 1.138904 -0.329757
v 0.831600 1.657065 -0.361394
v 0.705381 1.219615 0.427529
v 0.743633 1.621216 0.004244
v 0.438812 1.830153 -0.441718
v 0.829762 1.236917 0.355864
v 1.317215 1.064659 -0.069499
v 1.307968 1.082886 -0.072693
v 1.313009 1.052655 -0.031622
v 1.324083 1.063472 -0.135242
v 1.289407 1.131694 -0.142649
v 1.310621 1.071977 -0.106876
v 1.283594 1.112140 -0.083707
v 1.330689 1.047348 -0.108577
v 1.271533 1.186497 -0.084216
v 0.469610 1.801649 -0.476595
v 0.469915 1.826087 -0.457027
v 0.501411 1.826013 -0.472025
v 1.259551 1.131975 0.014770
v 0.497587 1.744447 -0.083209
v 0.713619 1.637644 -0.591336
v 0.388077 1.593434 0.130603
v 0.633293 1.740816 -0.559840
v 0.575605 1.737488 -0.580485
v 0.625810 1.707639 -0.590480
v 0.814076 1.579527 -0.550155
v 0.767775 1.610372 -0.571550
v 0.676823 1.672356 -0.589131
v 0.846023 1.546975 -0.532288
v 1.115697 1.234627 -0.348606
v 1.036903 1.436920 0.073629
v 0.350644 1.760803 -0.224990
v 0.377488 1.747085 -0.147461
v 0.429755 1.764616 -0.148502
v 0.451256 1.771961 -0.182390
v 0.375683 1.715504 -0.095587
v 0.927813 1.571043 -0.267350
v 0.926946 1.529360 -0.321569
v 0.745600 1.529845 0.102666
v 1.148366 1.257451 -0.083604
v 1.253806 1.169505 -0.299136
v 1.243962 1.167619 -0.247410
v 1.263705 1.152251 -0.336706
v 0.909832 1.481964 0.173024
v 0.928923 1.459825 0.184266
v 0.859688 1.498451 0.129425
v 0.918670 1.484825 -0.007913
v 1.111653 1.199986 -0.342420
v 0.988737 1.408269 0.043612
v 1.146748 1.273086 -0.240389
v 0.511923 1.553354 0.172171
v 1.119815 1.268725 -0.074695
v 1.099514 1.298601 -0.053910
v 1.080116 1.335649 -0.032033
v 1.234739 1.184403 0.018414
v 1.066867 1.380216 -0.197115
v 1.034122 1.389078 0.033196
v 0.499933 1.804032 -0.495417
v 1.094532 1.336268 0.005976
v 0.887324 1.587394 -0.369417
v 1.155423 1.087138 0.243490
v 1.180508 1.081510 0.208816
v 1.099045 1.246195 -0.394372
v 1.193690 1.079399 0.187907
v 1.052309 1.359179 -0.010573
v 1.065408 1.372600 0.039964
v 0.976062 1.485428 -0.234413
v 0.981973 1.464742 -0.321487
v 1.052479 1.372695 -0.303831
v 1.083899 1.350771 -0.257499
v 0.363424 1.535997 0.189636
v 1.061694 1.376038 -0.229899
v 1.007045 1.429941 -0.059327
v 0.836830 1.472754 0.151189
v 0.961657 1.485260 -0.115970
v 0.996126 1.342459 -0.475214
v 0.981255 1.388821 -0.473702
v 0.866040 1.406959 0.172207
v 0.838201 1.391635 0.184367
v 0.822201 1.175510 0.442772
v 0.895978 1.556629 -0.090308
v 0.628208 1.845647 -0.338626
v 0.484330 1.842046 -0.303598
v 0.434094 1.796546 -0.240135
v 0.609946 1.839608 -0.302154
v 0.523070 1.799440 -0.214248
v 0.798010 1.681765 -0.142358
v 0.393005 1.812965 -0.313043
v 1.277967 1.117717 -0.031119
v 0.822131 1.681313 -0.280657
v 0.538297 1.728649 -0.598217
v 0.958299 1.458608 -0.426615
v 0.945803 1.425850 -0.508326
v 1.339460 1.070491 -0.263334
v 0.861842 1.594101 -0.078101
v 0.866510 1.629921 -0.174482
v 1.251556 1.144579 0.110740
v 0.771881 1.516103 0.095558
v 1.248563 1.092893 0.183098
v 1.269495 1.101186 0.140022
v 1.213358 1.191869 0.028280
v 0.904309 1.535855 -0.414326
v 0.524428 1.359101 0.343183
v 0.958456 1.374683 -0.529318
v 1.121827 1.276549 -0.040148
v 0.646667 1.630451 0.050533
v 0.560519 1.345595 0.356523
v 1.154184 1.170749 0.148530
v 0.962202 1.212446 0.279598
v 0.996028 1.203908 0.264067
v 1.035525 1.146492 0.299796
v 1.019061 1.102192 0.367368
v 1.103783 1.214348 0.149446
v 1.111673 1.216909 0.084292
v 1.074056 1.165483 0.243807
v 1.175991 1.174343 0.057516
v 1.133704 1.071195 0.284291
v 1.118845 1.039326 0.333633
v 0.917110 1.163197 0.391937
v 1.203607 1.117089 0.131915
v 1.100554 1.183880 0.211978
v 1.127798 1.350805 0.017219
v 1.140486 1.321750 0.008538
v 1.258100 1.143507 -0.244387
v 1.271237 1.120911 -0.327521
v 1.273814 1.105306 -0.298443
v 1.306992 1.105787 -0.268485
v 1.286993 1.095071 -0.282186
v 1.299289 1.078079 -0.004204
v 1.282311 1.105283 0.003131
v 1.299075 1.068278 0.035151
v 1.008462 1.315016 -0.456154
v 0.903495 1.179504 0.375959
v 0.865028 1.467113 0.172828
v 0.843818 1.282673 0.300858
v 1.192937 1.167905 0.054065
v 0.376957 1.763709 -0.242270
v 0.396847 1.786620 -0.268512
v 1.231206 1.132016 0.120376
v 1.215731 1.080378 0.174359
v 1.215463 1.119166 0.123558
v 1.179572 1.200489 -0.013105
v 1.151188 1.232138 -0.009060
v 1.149249 1.208031 0.006612
v 0.922828 1.298133 0.234738
v 1.161580 1.187466 0.018858
v 1.013667 1.329298 0.123595
v 0.973332 1.321475 0.162712
v 0.934673 1.245584 0.275243
v 0.909328 1.072332 0.469307
v 1.073600 1.294951 0.088470
v 0.970762 1.234918 0.252758
v 0.901171 1.324489 0.211098
v 0.958438 1.320739 0.180838
v 0.914498 1.354707 0.205160
v 0.993603 1.232178 0.254035
v 1.156962 1.264409 0.009848
v 1.002192 1.232619 0.220064
v 0.873607 1.330236 0.227269
v 0.956049 1.275573 0.218377
v 1.017641 1.021122 0.444668
v 1.028282 1.209571 0.231570
v 0.826490 1.090523 0.501743
v 0.960531 1.343797 0.182253
v 0.968399 1.032984 0.466287
v 0.940941 1.030267 0.487597
v 1.154625 1.373321 0.104613
v 1.037744 1.029333 0.418334
v 0.849944 1.052277 0.514646
v 0.998425 1.001570 0.472256
v 0.883392 1.053242 0.504085
v 0.907743 1.030587 0.506824
v 1.034084 1.002797 0.438800
v 1.065987 1.278975 0.099431
v 1.033124 1.241934 0.177732
v 1.072806 1.040453 0.375171
v 1.190071 1.280428 0.020499
v 1.065081 1.241104 0.136737
v 0.962959 1.371702 0.209086
v 0.939699 1.377968 0.209520
v 0.907836 1.424992 0.184574
v 1.047503 1.379558 0.152637
v 0.338413 1.745420 -0.204995
v 0.328875 1.680788 -0.046452
v 1.040415 1.281195 -0.448720
v 1.010316 1.411976 0.167094
v 0.423958 1.726737 -0.081899
v 0.284764 1.673408 -0.053456
v 0.311116 1.532887 0.179308
v 0.289697 1.608490 0.082006
v 0.307594 1.702944 -0.136060
v 0.286874 1.689654 -0.102364
v 0.276617 1.533100 0.160812
v 0.273998 1.639789 0.016888
v 0.240698 1.599952 0.059454
v 0.230746 1.574223 0.097216
v 0.202420 1.579420 0.069344
v 0.225922 1.543829 0.134486
v 0.772723 1.162252 0.466776
v 0.699685 1.184270 0.461373
v 0.740334 1.172404 0.462097
v 1.366507 -0.363138 -0.313315
v 1.350734 -0.400683 -0.340054
v 1.337802 -0.296875 -0.383004
v 1.253333 -0.404738 -0.493118
v 1.272335 -0.251413 -0.490072
v 1.373503 -0.165005 -0.318271
v 1.424494 -0.217521 -0.178438
v 1.379077 -0.316029 -0.299504
v 1.140531 -0.134981 -0.652109
v 1.355348 0.006634 -0.348520
v 1.330948 0.144025 -0.383247
v 1.394438 0.056181 -0.250358
v 1.257418 -0.110455 -0.517956
v 1.315217 -0.109015 -0.428545
v 0.774965 -0.819548 -0.781175
v 0.761180 -0.949774 -0.715185
v 0.616084 -0.907055 -0.847606
v 0.719908 0.225394 -0.946202
v 0.811975 0.215346 -0.891140
v 0.812688 -0.077208 -0.889352
v 1.280690 0.103172 -0.477484
v 1.435013 -0.132064 -0.126991
v 0.509963 -0.819157 -0.955098
v 0.478012 -0.918112 -0.921503
v 1.430424 0.055433 -0.120118
v 1.384913 0.177711 -0.252850
v 0.416157 0.272371 -1.075175
v 0.442152 0.244375 -1.069541
v 0.365755 0.179726 -1.091043
v 1.336813 0.301184 -0.355061
v 0.367095 -1.095521 -0.955237
v 0.325466 -1.079784 -0.938646
v 1.290996 0.259327 -0.446340
v 0.593906 0.099858 -1.009275
v 0.556863 -0.074159 -1.010270
v 0.433868 -0.035979 -1.062303
v 0.078471 -0.133547 -1.164907
v 0.169656 -0.116627 -1.145074
v 1.196740 -0.320161 -0.578828
v 0.521950 -0.636615 -0.989062
v 0.655542 -0.729988 -0.895520
v 0.736430 -0.061592 -0.926575
v 1.266006 0.026853 -0.496802
v -0.289715 -0.908155 -0.988532
v -0.292010 -0.984650 -0.940237
v 1.495589 0.571991 0.021046
v 1.518286 0.574705 -0.161493
v 0.630067 0.232431 -0.996089
v 0.339755 -0.556990 -1.078242
v 0.251765 -0.038652 -1.120854
v 0.261741 -0.079640 -1.108165
v 1.417724 0.233168 -0.169608
v 0.325429 0.291589 -1.105148
v 0.333220 0.332624 -1.102470
v 0.361171 0.352165 -1.099809
v 1.284988 1.094787 -0.437410
v 1.243306 1.115568 -0.388622
v 1.283015 1.108885 -0.402331
v 1.257641 1.081681 -0.452110
v 1.390238 0.241022 -0.244176
v 0.065776 -0.047724 -1.157553
v 0.103013 -0.082709 -1.143540
v 1.290545 1.054759 -0.471226
v 1.263010 1.152939 -0.336957
v 1.229348 1.138904 -0.329757
v 0.646688 -0.078243 -0.974603
v 0.691370 -0.579869 -0.922146
v 1.267416 -0.525396 -0.428838
v 1.274683 -0.472679 -0.439404
v 0.898356 -0.018781 -0.849064
v 0.672246 -0.502909 -0.952014
v 1.442438 -0.061568 -0.093266
v 0.298337 -0.818131 -1.044588
v 0.402062 -0.730761 -1.027077
v 0.624937 -0.240276 -0.996863
v 0.632565 -0.111526 -0.995500
v 1.331610 -0.440789 -0.354219
v 1.296190 -0.436444 -0.414663
v 1.206359 -0.542767 -0.512555
v 0.291191 -0.280143 -1.111777
v 0.129420 -0.560128 -1.134233
v 0.046677 -0.437036 -1.160423
v 1.445509 0.346551 0.254841
v -0.416127 -0.870987 -0.955472
v -0.363120 -0.980446 -0.893684
v -0.424897 -0.942550 -0.868860
v 0.658167 0.174916 -0.977524
v 0.156540 -0.745235 -1.089792
v -0.006847 -0.654572 -1.132849
v 1.080532 0.291325 -0.725867
v 1.070754 -0.053967 -0.717341
v 1.428474 0.507114 -0.240630
v 1.478445 0.439940 -0.166576
v 1.406942 0.445784 -0.211694
v 1.504481 0.630332 -0.202934
v 1.526642 0.517630 -0.208675
v 1.525188 0.437869 -0.116707
v 1.516778 0.567081 -0.293306
v 1.078222 1.145429 -0.469178
v 1.046121 1.105215 -0.580663
v 0.195571 -0.849475 -1.055461
v 1.056147 1.244039 -0.473273
v 1.099516 1.246106 -0.394490
v 1.115697 1.234627 -0.348606
v 0.778409 0.075033 -0.921293
v 1.475616 0.628154 -0.024722
v 1.481953 0.596247 0.059489
v 0.794538 -0.581726 -0.870709
v 0.263304 -0.115351 -1.127764
v -0.592033 -0.796342 -0.926724
v -0.596317 -0.699345 -0.996357
v -0.022276 -0.128843 -1.176304
v 0.383638 -1.052533 -0.915577
v -0.485903 -0.868639 -0.904686
v 0.897171 0.226406 -0.839300
v 0.671037 0.211118 -0.965341
v 1.456275 0.378662 0.150060
v 1.060209 -0.230562 -0.724908
v -0.594932 -0.880632 -0.830561
v -0.726616 -0.842858 -0.834268
v 0.873944 0.171578 -0.866444
v 1.467558 0.306528 0.107906
v 1.456445 0.249518 0.179632
v 0.443372 -1.025826 -0.882257
v -0.044971 -0.246253 -1.187828
v -0.139811 -0.566673 -1.151442
v -0.270049 -0.735488 -1.096193
v 1.174170 1.158707 -0.336310
v 1.169868 1.142317 -0.389592
v 1.137860 1.177209 -0.329205
v 1.109383 1.198894 -0.341316
v 0.376317 -0.988692 -0.903771
v 0.385405 -0.988301 -0.900707
v 1.040415 1.281195 -0.448720
v 1.013180 1.262105 -0.505855
v 1.461486 0.155240 0.061308
v 1.452054 0.066344 0.023611
v 0.869308 -0.058264 -0.854532
v 1.475805 0.542762 0.101812
v 0.922521 -0.073465 -0.822408
v 0.313256 -1.054886 -0.928008
v 0.257050 -1.084102 -0.910938
v 0.856978 -0.908595 -0.677801
v 0.866043 -0.740849 -0.767226
v 0.544597 -1.076358 -0.992740
v 0.547103 -1.045760 -0.948928
v 0.868214 0.277743 -0.872184
v 0.306360 -0.894065 -1.011082
v 1.458725 0.256491 0.082984
v 0.698626 -0.088055 -0.950465
v 1.371681 1.015182 -0.247690
v 1.384009 0.972966 -0.217243
v 1.409620 0.927371 -0.269643
v 1.100883 1.188466 -0.395088
v 0.521711 -1.029864 -0.855571
v 0.341210 0.223602 -1.103827
v 0.301383 0.256068 -1.106819
v 0.174411 0.084156 -1.140209
v 0.244263 0.148439 -1.126022
v 0.223021 -0.084057 -1.117005
v 0.108843 0.008230 -1.152224
v 0.881924 -0.606552 -0.808672
v 1.364625 0.545485 -0.289692
v 1.390467 0.528924 -0.262531
v 1.363199 0.499834 -0.294206
v 0.851702 -0.105341 -0.882411
v 0.902851 -0.093880 -0.847136
v 1.010625 -0.747112 -0.642203
v 0.323438 -1.011944 -0.924556
v 1.441773 0.292397 0.267386
v 0.201754 -0.378339 -1.137801
v -0.513471 -0.657720 -1.050578
v 0.121963 -0.955830 -1.014239
v 0.237520 -0.930315 -1.001275
v 0.198427 -1.048380 -0.905579
v 0.291815 -1.162137 -0.939127
v 0.250286 -1.116866 -0.908854
v 1.438661 0.426492 0.232763
v 0.347377 -1.142713 -0.971074
v 1.133454 1.070920 -0.516302
v 1.113059 1.163458 -0.399774
v 0.958456 1.374683 -0.529318
v 0.996725 1.342430 -0.475352
v 0.966362 1.330449 -0.542228
v 0.780266 -0.108419 -0.918723
v -0.113834 -0.849814 -1.068202
v -0.310015 -0.814554 -1.046711
v 1.199336 1.148974 -0.320379
v 0.445610 -1.196794 -1.006260
v 0.488105 -1.161056 -1.018053
v -0.116343 -0.340990 -1.182622
v 0.164618 -1.092969 -0.870366
v 0.211508 -1.100348 -0.887397
v 0.063042 -1.058314 -0.916745
v 0.024125 -0.985654 -0.986948
v -0.346606 -0.575208 -1.125870
v 1.451335 0.150924 0.096233
v 1.451679 0.113754 0.085056
v 1.514037 0.607287 -0.289349
v 1.496391 0.675581 -0.328341
v 1.328297 0.528705 -0.398505
v 1.516758 0.618822 -0.330620
v 1.256355 0.703718 -0.515659
v 0.505702 -0.097958 -1.042359
v 0.814517 0.248681 -0.897657
v 0.981255 1.388821 -0.473702
v 1.217710 1.085393 -0.419910
v 1.169387 1.027986 -0.502848
v 1.185294 1.098007 -0.419154
v 1.455441 0.096868 0.054294
v 1.325677 0.626783 -0.389549
v 1.351792 0.607590 -0.357464
v -0.040038 -0.786350 -1.099652
v 1.075225 1.285024 -0.395107
v 1.377071 0.577200 -0.296279
v 0.984816 -0.109616 -0.791998
v -0.113466 -0.917326 -1.019561
v -0.205523 -1.025821 -0.884735
v -0.078999 -0.988440 -0.950247
v 1.447487 0.278984 -0.048803
v 1.245086 0.254015 -0.526664
v 1.455498 0.412543 -0.153511
v 1.451699 0.333611 -0.117129
v 1.308428 0.392944 -0.415251
v 1.040059 1.174392 -0.535023
v 1.175245 0.475275 -0.620487
v 1.218838 0.413745 -0.561873
v 1.283460 0.524812 -0.482135
v 1.263560 0.454770 -0.505455
v 1.493243 0.394090 -0.047587
v 1.472593 0.412260 -0.092648
v 1.295847 0.345878 -0.439017
v 1.087260 0.544310 -0.714114
v 1.107505 0.575466 -0.698006
v 1.177922 0.191037 -0.611870
v 1.410170 0.362746 -0.172991
v 1.431908 0.307250 -0.127750
v 1.431912 0.390095 -0.175009
v 1.386218 0.465522 -0.235572
v 1.448025 -0.030984 -0.016913
v 1.139257 0.408608 -0.666965
v 1.502038 0.384798 -0.021655
v 1.431401 0.248570 -0.113629
v 1.459123 0.305637 -0.053977
v 1.171647 0.530042 -0.624371
v 1.445110 0.034012 -0.021285
v 1.454319 0.349253 0.057817
v 1.463350 0.331341 0.023770
v 1.235743 0.597707 -0.548604
v 1.377838 0.621753 -0.361465
v 1.229808 0.628960 -0.564506
v 1.201865 0.080783 -0.584378
v 1.105395 0.206856 -0.693727
v 1.400117 0.595287 -0.329830
v 0.943268 1.242860 -0.629410
v 1.389228 0.432917 -0.223955
v 1.357685 0.699803 -0.373870
v 1.369510 0.760812 -0.402551
v 1.412434 0.714508 -0.415047
v 1.347851 0.671422 -0.372431
v 1.415114 0.646167 -0.380632
v 1.330208 0.808651 -0.429895
v 1.466398 0.253671 0.044873
v 1.345649 0.782495 -0.407792
v 1.279886 0.806911 -0.457692
v 1.388593 0.791444 -0.399752
v 1.414106 0.759672 -0.421811
v 1.318784 0.728316 -0.407185
v 1.406176 0.872093 -0.075859
v 1.458046 0.701299 -0.023015
v 1.476912 0.688783 -0.156145
v 1.486665 0.510967 0.185460
v 1.496834 0.494101 0.184432
v 1.504728 0.456505 0.107004
v 1.479106 0.525957 0.118984
v 1.486912 0.504336 0.130478
v 1.405605 0.306217 -0.186315
v 1.184537 0.528528 -0.611021
v 1.455718 0.678416 0.053879
v 1.468709 0.634321 0.040797
v 1.488345 0.503811 0.157396
v 1.501140 0.437391 0.139871
v 1.112636 0.148344 -0.684379
v 1.521975 0.416174 -0.046419
v 0.983084 0.398958 -0.818201
v 1.469771 0.570601 0.103640
v 1.039440 0.512270 -0.761261
v 1.109267 0.051567 -0.684904
v 0.383368 -0.333779 -1.079585
v 1.178807 0.717404 -0.616430
v 1.333785 0.826789 -0.399981
v 1.120340 0.724333 -0.681431
v 1.191131 0.620777 -0.610188
v 1.140340 0.660461 -0.664183
v 0.283100 -1.004105 -0.917514
v 0.245347 -0.993115 -0.928688
v 0.106622 -1.093581 -0.877347
v 1.456028 0.142740 0.123063
v 0.781367 0.590975 -0.924447
v 1.028733 0.757417 -0.737972
v 1.000806 0.747615 -0.759840
v 0.372879 0.396822 -1.093476
v 0.523523 0.356448 -1.046737
v 0.442803 0.291235 -1.071938
v 0.824857 0.296260 -0.898969
v 0.772376 0.267399 -0.916468
v 0.299855 -0.968291 -0.942280
v 0.515272 0.271900 -1.041688
v 1.456022 0.169332 0.171657
v 0.446605 0.443625 -1.071779
v 0.682493 0.302515 -0.973412
v 0.559197 0.254305 -1.025706
v 0.734494 0.795435 -0.920938
v 0.769249 0.769636 -0.914995
v 1.469336 0.403571 0.117001
v 1.492939 0.461579 0.195110
v 1.520190 0.451267 -0.167588
v 1.503955 0.392442 0.052645
v 1.465337 0.369461 0.086982
v 0.587447 0.298347 -1.022650
v 1.462360 0.467918 0.226922
v 0.594775 0.505741 -0.999873
v 0.404581 0.426467 -1.086373
v 0.653690 0.758948 -0.969193
v 1.042138 0.694017 -0.729967
v 0.562706 0.467465 -1.029085
v 1.056528 0.938945 -0.677645
v 1.093530 0.899025 -0.656894
v 1.260263 0.790930 -0.480632
v 1.465574 0.378342 -0.061420
v 1.223021 0.702715 -0.560843
v 0.528133 0.530242 -1.031100
v 0.514498 0.578378 -1.036131
v 1.118500 0.934755 -0.617726
v 0.489528 0.500846 -1.041352
v 0.759538 0.855452 -0.913979
v 1.223178 0.723045 -0.563798
v 0.697508 -1.001162 -0.718221
v 0.476272 -1.048965 -0.946099
v 0.705326 0.427866 -0.966371
v 0.652677 0.401962 -0.988856
v 1.130783 0.788486 -0.653477
v 1.196619 1.009253 -0.503644
v 1.496725 0.468319 0.034149
v 0.439341 0.481142 -1.067901
v 0.463437 0.489460 -1.059255
v 1.491495 0.368838 -0.000775
v 1.471873 0.354565 -0.049713
v 1.079124 0.657289 -0.724005
v 0.654269 0.816632 -0.958951
v 0.693184 0.863615 -0.943894
v 1.412742 0.922947 -0.402121
v 1.371079 0.861901 -0.390692
v 1.386035 0.934106 -0.390214
v 0.647620 0.472709 -0.992266
v 1.321326 0.911124 -0.433981
v 1.319059 0.872631 -0.454105
v 1.280651 1.001935 -0.518992
v 1.287365 0.955545 -0.522965
v 1.331521 0.854608 -0.405103
v 1.344656 0.837463 -0.386598
v 1.421122 0.845049 -0.415987
v 1.013374 0.288015 -0.779524
v 1.302275 0.993030 -0.439827
v 1.264532 0.971939 -0.540291
v -0.463560 -0.574878 -1.094717
v 0.517893 -0.201904 -1.036004
v 1.341373 0.887850 -0.391095
v 1.238668 1.047265 -0.477787
v 1.274072 1.046502 -0.514590
v 1.246639 1.032688 -0.522223
v -0.261857 -0.485229 -1.163403
v 1.254758 0.998706 -0.544412
v 1.494224 0.774350 -0.476324
v 1.505681 0.728933 -0.496461
v 1.470327 0.751220 -0.509633
v 1.330394 0.934502 -0.403916
v 1.472419 0.840899 -0.445625
v 1.467667 0.799334 -0.392336
v 1.442045 0.891895 -0.432896
v 1.417370 0.953776 -0.373361
v 1.452706 0.801897 -0.457889
v 0.986200 0.470461 -0.807625
v 0.923993 0.266125 -0.827314
v 0.992576 0.199359 -0.782132
v 1.035789 0.113528 -0.747506
v 0.735102 0.475571 -0.952459
v 0.790709 0.443467 -0.926059
v 0.947555 0.500206 -0.821900
v 0.835729 0.512975 -0.887064
v 0.930442 0.548913 -0.833808
v 0.978878 0.531601 -0.799617
v 0.963143 0.493241 -0.806455
v 1.064884 0.014984 -0.698330
v 0.903389 0.350642 -0.867425
v 0.942617 0.222085 -0.808699
v 0.884623 0.411828 -0.877602
v 1.085828 0.160150 -0.696201
v 0.958847 1.309782 -0.564703
v 1.031749 0.235830 -0.743291
v 1.046789 0.258256 -0.745931
v 1.038317 0.631431 -0.735155
v 1.138397 -0.519500 -0.599410
v 0.945628 -0.850590 -0.641793
v 0.768046 0.392564 -0.931210
v 0.985521 -0.077512 -0.778540
v 1.044976 0.174401 -0.727950
v 0.988473 0.230363 -0.773942
v 1.022598 0.532718 -0.758960
v 0.980788 0.985284 -0.734054
v 1.111597 -0.692951 -0.553519
v 0.957164 1.276907 -0.586060
v 0.918790 0.472232 -0.856571
v 1.069925 0.734176 -0.724335
v 0.994428 0.021221 -0.779617
v 0.855141 0.942433 -0.840435
v 0.538835 0.644047 -1.023556
v 0.676568 0.615975 -0.974664
v 0.995782 0.904198 -0.753904
v 0.972168 0.562968 -0.802826
v 1.044385 0.060244 -0.735150
v 1.039155 -0.032800 -0.730446
v 0.802131 1.001179 -0.856530
v 0.954218 1.000222 -0.746354
v 1.013955 1.024515 -0.679604
v 0.933007 0.862401 -0.811309
v 1.011350 1.315342 -0.456880
v 0.336604 -0.026258 -1.097625
v 0.881099 1.033271 -0.793966
v 1.342826 1.071062 -0.263597
v 0.794043 -0.353701 -0.921151
v 0.963435 0.602530 -0.817625
v 1.041597 0.829568 -0.731754
v 0.389238 -0.115916 -1.083933
v 0.338956 -0.098221 -1.090349
v 0.962268 -0.527593 -0.762373
v 0.768253 0.511816 -0.924477
v 1.273717 1.105327 -0.298519
v 1.285803 1.096124 -0.284204
v 1.306042 1.040443 -0.323879
v 1.314936 0.950236 -0.415977
v 1.314639 0.996684 -0.372372
v 1.071406 0.591398 -0.733507
v 1.270697 1.120747 -0.327549
v 0.701136 0.499622 -0.956264
v 1.391292 0.976334 -0.372338
v 1.163188 0.950133 -0.556677
v 1.334919 0.989778 -0.362699
v 0.490069 -1.025036 -0.860932
v 1.253324 0.874934 -0.470417
v 1.209633 0.893066 -0.508013
v 0.476818 -1.001971 -0.840120
v 1.311855 1.016346 -0.339796
v 0.921548 1.197212 -0.684384
v 1.053917 0.065693 -0.714047
v 0.578870 -0.995281 -0.796896
v 0.427287 -1.015428 -0.867988
v 0.816433 1.060924 -0.832872
v 0.749122 0.951162 -0.898576
v 0.942321 0.766236 -0.817217
v 0.889074 1.182426 -0.724635
v 1.231545 0.925567 -0.497618
v 0.723651 0.891751 -0.924325
v 0.851299 1.002457 -0.822809
v 1.006272 0.813319 -0.753767
v 0.736304 0.930998 -0.908504
v 0.825590 0.891129 -0.872440
v 0.673021 -0.431761 -0.959010
v 1.308116 1.108125 -0.269304
v 1.292808 0.868981 -0.474064
v 0.899327 1.265527 -0.678266
v 0.930693 0.797071 -0.807720
v 0.859378 1.159527 -0.760067
v 0.027950 -0.085695 -1.155563
v -0.080517 -0.155506 -1.184098
v 0.901463 0.997907 -0.794895
v 0.831261 1.074275 -0.812722
v 1.501776 0.683270 -0.460540
v 1.509496 0.625890 -0.403074
v 1.424102 0.939615 -0.334680
v 1.445678 0.868983 -0.301114
v 0.844876 1.136122 -0.779455
v 0.640626 -1.018574 -0.741035
v 1.433786 0.775506 0.010801
v 0.597507 0.666388 -0.999802
v 1.479589 0.710981 -0.472445
v 1.460921 0.739762 -0.471751
v 1.219156 0.990763 -0.512258
v 1.193262 0.972164 -0.515013
v 0.843265 1.101405 -0.798097
v 0.852605 0.767108 -0.872055
v 1.482534 0.640293 -0.128280
v 1.484239 0.677514 -0.222719
v 1.455419 0.808749 -0.265314
v 1.424685 0.877585 -0.212700
v 1.512632 0.409563 -0.007261
v 1.403810 0.902945 -0.129248
v 1.401266 0.921645 -0.152694
v 1.493269 0.420902 0.019874
v 0.791217 1.047114 -0.848926
v 1.410895 0.922726 -0.223883
v 1.419299 0.885189 -0.229255
v 1.395428 0.931148 -0.192959
v 0.772349 0.981979 -0.879074
v 1.469467 0.758671 -0.276343
v 0.752333 0.965593 -0.894342
v 1.401082 0.949262 -0.194315
v 0.739950 -0.252738 -0.952448
v 0.598139 -0.315858 -0.999960
v 1.381387 0.955267 -0.165057
v -0.010861 -1.034654 -0.917436
v 1.392464 0.930907 -0.141609
v -0.207253 -0.389572 -1.172707
v -0.026052 -0.092915 -1.160317
v 0.550620 -1.108993 -1.011805
v 0.703488 -0.117254 -0.965111
v 0.363436 -1.186827 -0.979520
v -0.067904 -1.028277 -0.860774
v 0.266262 0.219557 -1.120016
v 0.877861 0.805663 -0.842057
v 0.814985 -0.289715 -0.912708
v 0.885452 -0.365708 -0.855568
v 0.876537 -0.315538 -0.869582
v 0.831973 0.804628 -0.867879
v 0.835990 0.836201 -0.873216
v 1.000620 -0.447287 -0.740222
v 0.514612 -0.386521 -1.030702
v 0.426174 -0.072741 -1.056684
v 0.597601 0.722937 -0.997837
v 1.152807 -0.390707 -0.613846
v 0.502807 -0.074553 -1.029617
v 0.567641 -0.098164 -1.019502
v 1.108651 -0.521696 -0.624879
v 0.534449 -1.162524 -1.025648
v 0.525136 -1.026824 -0.797118
v 0.532521 -1.038879 -0.829408
v 1.181543 -0.641712 -0.492283
v 1.448982 0.624592 -0.380994
v 1.484743 0.578730 -0.315299
v 1.490262 0.510845 -0.228510
v 1.428254 0.557037 -0.283855
v 1.433483 0.797627 -0.424306
vn -0.4096 0.6370 0.6530
vn -0.3923 0.6954 0.6021
vn -0.4471 0.6558 0.6083
vn -0.2404 0.1296 -0.9620
vn -0.2446 -0.0042 -0.9696
vn -0.2787 -0.0491 -0.9591
vn -0.2363 0.1725 -0.9562
vn -0.8850 -0.0973 -0.4553
vn -0.9141 -0.1032 -0.3922
vn -0.9178 -0.1051 -0.3830
vn -0.9028 -0.0674 -0.4247
vn -0.8934 -0.1091 -0.4358
vn -0.5277 -0.0372 -0.8486
vn -0.6314 -0.2842 -0.7215
vn -0.4545 -0.2555 -0.8533
vn -0.5639 -0.0585 -0.8238
vn -0.6731 -0.3883 -0.6294
vn -0.4852 -0.3001 -0.8213
vn -0.4082 -0.0740 -0.9099
vn -0.4001 0.7858 0.4717
vn -0.4591 0.7330 0.5019
vn -0.3716 0.7816 0.5010
vn -0.5754 0.6908 0.4378
vn -0.4431 0.7427 0.5020
vn 0.7313 -0.0918 0.6758
vn 0.5610 -0.3780 0.7365
vn 0.7155 -0.5820 0.3864
vn 0.4265 0.0796 0.9010
vn 0.4868 0.3733 0.7898
vn 0.2121 0.7595 0.6150
vn 0.2090 0.4474 0.8696
vn 0.7930 0.3494 0.4991
vn 0.9313 -0.3609 -0.0497
vn -0.0058 0.4424 0.8968
vn -0.0013 0.2308 0.9730
vn 0.0969 0.2303 0.9683
vn 0.0047 0.6337 0.7736
vn -0.0039 0.5492 0.8357
vn 0.0240 0.6227 0.7821
vn 0.1816 0.7655 0.6172
vn 0.1341 0.8284 0.5439
vn 0.9468 0.3201 0.0334
vn 0.9802 0.1631 -0.1119
vn 0.9617 0.2285 -0.1513
vn 0.9586 0.2848 0.0081
vn 0.9754 0.1676 0.1430
vn 0.9604 0.2782 -0.0176
vn 0.9490 0.3023 0.0902
vn 0.9500 0.3122 0.0082
vn 0.9558 0.2816 0.0852
vn 0.2722 0.0429 -0.9613
vn 0.2966 -0.3138 -0.9020
vn 0.5068 0.2489 -0.8253
vn -0.1361 0.0514 -0.9894
vn -0.0320 -0.1309 -0.9909
vn 0.1500 -0.4891 -0.8593
vn 0.5123 0.6842 -0.5190
vn 0.4028 0.6304 -0.6636
vn -0.3591 0.5800 -0.7311
vn 0.0199 0.2577 -0.9660
vn 0.2646 -0.6468 -0.7153
vn 0.3293 -0.4686 -0.8198
vn 0.0555 0.8631 0.5020
vn 0.4381 0.7530 -0.4909
vn 0.5490 0.7359 -0.3963
vn 0.4296 0.3136 -0.8468
vn 0.5222 0.2414 -0.8180
vn -0.3626 0.2246 0.9045
vn -0.0305 0.7620 0.6469
vn -0.1619 0.4934 0.8546
vn 0.4302 -0.2340 -0.8719
vn 0.2994 -0.2886 -0.9095
vn -0.1723 0.4116 0.8949
vn 0.9300 0.3651 0.0416
vn 0.9066 0.4207 -0.0315
vn 0.7633 0.6256 0.1615
vn -0.0262 0.8396 0.5425
vn -0.1982 0.8129 0.5476
vn -0.4976 0.6603 0.5624
vn 0.6276 0.7465 0.2212
vn 0.0170 0.8136 0.5811
vn 0.2420 0.8029 0.5448
vn -0.1147 0.8392 0.5316
vn 0.5364 0.6613 0.5243
vn 0.1683 -0.5013 0.8488
vn 0.3723 -0.6151 0.6950
vn 0.1293 -0.1028 0.9863
vn 0.1928 -0.9342 0.3001
vn 0.2507 -0.9598 -0.1265
vn 0.3488 -0.9372 -0.0086
vn 0.4409 -0.8702 0.2199
vn 0.0824 0.2424 0.9667
vn 0.2978 -0.0637 0.9525
vn 0.7324 -0.5397 0.4150
vn 0.5518 -0.4230 0.7187
vn 0.1666 0.4844 0.8588
vn 0.1079 -0.1191 -0.9870
vn 0.3246 -0.2504 -0.9121
vn 0.4304 -0.6420 -0.6345
vn 0.4271 -0.3523 -0.8328
vn 0.5458 -0.8310 -0.1070
vn 0.6854 -0.6509 -0.3264
vn 0.9522 -0.3026 -0.0414
vn 0.4457 -0.8274 -0.3417
vn 0.4664 -0.8674 0.1733
vn 0.3488 -0.9372 -0.0087
vn 0.2671 -0.9489 -0.1681
vn 0.5779 -0.6994 -0.4206
vn 0.5470 -0.5331 -0.6454
vn -0.7553 0.6352 0.1612
vn -0.6971 0.7144 0.0602
vn -0.7833 0.6202 -0.0431
vn -0.3786 0.6192 -0.6879
vn -0.1227 -0.0480 -0.9913
vn -0.5848 0.5650 -0.5820
vn -0.7569 0.6380 0.1416
vn -0.7012 0.6952 0.1580
vn -0.7437 0.6582 0.1169
vn -0.3939 0.8095 -0.4354
vn 0.0311 0.2608 -0.9649
vn 0.2140 0.9141 -0.3443
vn 0.4285 0.6479 -0.6297
vn -0.4554 0.7127 0.5336
vn -0.5741 0.6877 0.4444
vn -0.4842 0.6780 0.5530
vn -0.4674 0.6937 0.5480
vn -0.4912 0.6837 0.5397
vn -0.4772 0.6803 0.5563
vn -0.4325 0.7426 0.5113
vn -0.7700 0.6207 0.1477
vn -0.7442 0.6537 0.1374
vn -0.7387 0.6341 0.2287
vn -0.4437 0.6434 0.6238
vn -0.7537 0.6070 0.2519
vn -0.4777 0.6745 0.5629
vn -0.4425 0.7395 0.5072
vn -0.8240 0.5491 0.1397
vn -0.5416 0.6084 0.5801
vn -0.5944 0.6936 0.4070
vn -0.5779 0.7168 0.3902
vn -0.5333 0.6160 0.5798
vn -0.3292 0.6669 0.6685
vn -0.6880 0.5192 0.5070
vn 0.6905 0.4944 0.5280
vn 0.3717 0.7113 0.5965
vn 0.6575 0.5195 0.5457
vn 0.6510 0.5670 0.5046
vn 0.6121 0.5775 0.5402
vn -0.1271 0.6087 0.7831
vn -0.1298 0.8423 0.5231
vn -0.1904 0.7639 0.6167
vn 0.2230 0.6709 0.7072
vn 0.5155 0.6169 0.5948
vn 0.6485 0.5993 0.4694
vn 0.1641 0.7773 0.6074
vn 0.6033 0.5534 0.5742
vn 0.0667 0.5875 0.8065
vn 0.0239 0.6971 0.7165
vn -0.0123 0.6700 0.7422
vn -0.0035 0.7566 0.6538
vn 0.1733 0.6840 0.7086
vn 0.1002 0.5007 0.8598
vn -0.2266 0.9264 0.3007
vn 0.1196 0.6514 0.7493
vn 0.1045 0.6918 0.7145
vn -0.0727 0.7559 0.6507
vn 0.0579 0.7168 0.6949
vn 0.3764 0.5457 0.7487
vn 0.0130 0.4359 0.8999
vn 0.1986 0.6777 0.7080
vn 0.1310 0.3442 0.9297
vn 0.2086 0.5262 0.8244
vn -0.3978 -0.8778 -0.2668
vn -0.2165 -0.7234 -0.6556
vn -0.2552 -0.9417 -0.2191
vn -0.5579 -0.3325 -0.7604
vn -0.4398 -0.7672 -0.4669
vn -0.0928 -0.6240 -0.7759
vn -0.3067 -0.8163 -0.4894
vn -0.3502 -0.8996 -0.2607
vn -0.2255 -0.8981 -0.3775
vn -0.1234 -0.7979 -0.5900
vn -0.3164 -0.8464 -0.4283
vn -0.3589 -0.8348 -0.4175
vn -0.3096 -0.9372 -0.1604
vn -0.2960 -0.7457 -0.5969
vn -0.3947 -0.6718 -0.6268
vn -0.1208 -0.7738 -0.6218
vn -0.0387 -0.9243 -0.3798
vn -0.2327 -0.9616 -0.1458
vn -0.6182 -0.6790 -0.3960
vn -0.6194 -0.3454 -0.7050
vn -0.2413 -0.9591 -0.1478
vn -0.3480 -0.9352 -0.0658
vn -0.1443 -0.9806 -0.1328
vn -0.2072 -0.9483 -0.2404
vn -0.5627 -0.8152 -0.1373
vn -0.4312 -0.9018 0.0284
vn 0.0238 0.5430 -0.8394
vn -0.1896 0.1217 -0.9743
vn -0.3861 0.8173 -0.4276
vn -0.0535 0.9547 0.2926
vn 0.3267 0.9295 -0.1714
vn 0.1631 0.8180 0.5516
vn 0.3757 -0.2662 -0.8877
vn 0.3070 0.3507 -0.8847
vn 0.3585 -0.3898 -0.8483
vn 0.1647 -0.0527 -0.9849
vn 0.0932 0.9899 -0.1064
vn -0.0251 0.9859 -0.1653
vn 0.2439 0.8944 -0.3749
vn 0.2351 0.9710 -0.0436
vn 0.4112 -0.5202 -0.7485
vn 0.2999 0.5259 -0.7959
vn -0.0940 0.9715 0.2176
vn 0.3314 -0.5785 -0.7453
vn -0.3886 0.3348 -0.8585
vn -0.8280 0.4540 -0.3291
vn -0.5794 0.5576 0.5945
vn 0.0480 0.9171 -0.3957
vn -0.1863 0.9825 -0.0062
vn 0.2336 -0.0502 -0.9710
vn -0.3779 0.9258 0.0051
vn -0.5459 0.8346 -0.0732
vn -0.4139 0.9103 0.0018
vn -0.3594 0.9332 0.0026
vn -0.4471 0.8857 0.1247
vn -0.6037 0.7883 0.1187
vn -0.4219 0.9057 -0.0404
vn -0.3232 0.9349 -0.1467
vn -0.4682 0.8070 0.3599
vn -0.5828 0.7202 0.3763
vn -0.3790 0.8376 0.3934
vn -0.8097 0.5840 0.0577
vn -0.7467 0.6215 0.2370
vn -0.7480 0.6479 0.1443
vn -0.7081 0.6884 0.1571
vn -0.7326 0.6762 0.0775
vn -0.8128 0.5702 0.1195
vn -0.6940 0.7079 0.1310
vn -0.7082 0.7031 -0.0634
vn -0.7711 0.6128 0.1729
vn -0.4000 0.7897 0.4652
vn -0.3443 0.8187 0.4596
vn -0.6485 0.7554 -0.0938
vn -0.7806 0.6161 -0.1059
vn -0.8108 0.5565 -0.1812
vn -0.7362 0.6639 -0.1311
vn -0.1193 0.1099 -0.9868
vn -0.0684 -0.1256 -0.9897
vn -0.2739 0.1856 -0.9437
vn -0.0882 0.9959 0.0222
vn -0.2154 0.8697 -0.4442
vn -0.2053 0.8737 -0.4409
vn -0.2483 0.5668 -0.7855
vn -0.1374 0.9072 -0.3976
vn -0.0152 0.9307 0.3655
vn -0.1243 0.9918 0.0287
vn -0.2129 0.3754 -0.9021
vn -0.2108 0.6647 -0.7168
vn -0.2200 0.3657 -0.9043
vn -0.1586 0.7313 -0.6633
vn 0.0736 0.9584 0.2756
vn 0.2433 0.8408 0.4836
vn 0.0406 0.7969 0.6027
vn -0.2532 0.2304 -0.9396
vn -0.1577 0.2127 -0.9643
vn -0.2829 -0.0533 -0.9577
vn 0.0693 -0.1700 -0.9830
vn 0.1292 -0.3261 -0.9365
vn 0.8723 0.4685 0.1398
vn 0.8723 0.4636 0.1554
vn 0.8483 0.4921 0.1955
vn 0.8124 0.5708 0.1195
vn 0.8719 0.4819 0.0874
vn 0.8368 0.4935 0.2373
vn 0.8808 0.4602 0.1109
vn 0.8957 0.4256 0.1290
vn 0.8656 0.4993 0.0379
vn 0.8870 0.4538 0.0853
vn 0.9072 0.4071 0.1060
vn 0.8998 0.4247 0.0994
vn 0.8983 0.3922 0.1978
vn 0.9371 0.3315 0.1090
vn 0.9305 0.3574 0.0799
vn 0.5172 0.7117 0.4753
vn 0.8673 0.4885 0.0959
vn 0.9054 0.3816 0.1860
vn 0.9132 0.3660 0.1791
vn 0.8913 0.4393 0.1123
vn 0.8126 0.5828 0.0085
vn 0.2699 0.7701 0.5781
vn 0.6801 0.7032 0.2076
vn 0.3861 0.9152 0.1158
vn 0.4476 0.1698 -0.8780
vn 0.6610 0.0653 -0.7475
vn 0.3625 -0.0452 -0.9309
vn 0.1276 0.8313 0.5409
vn 0.5772 0.5948 -0.5595
vn 0.3523 0.8989 -0.2605
vn 0.9142 0.3224 -0.2457
vn 0.8056 -0.0986 -0.5842
vn 0.4851 -0.2713 -0.8313
vn 0.4454 0.3735 -0.8137
vn 0.3646 0.6177 -0.6968
vn 0.4870 0.4817 0.7285
vn 0.6606 -0.5383 -0.5233
vn 0.5585 -0.4583 -0.6914
vn 0.2115 0.9594 0.1868
vn 0.9746 -0.0587 -0.2159
vn 0.6899 -0.6077 -0.3933
vn 0.8532 0.3281 0.4055
vn 0.8207 -0.0534 0.5689
vn -0.1211 0.9528 0.2785
vn -0.3939 0.9109 0.1229
vn -0.1428 0.9048 0.4011
vn -0.0414 0.9991 -0.0096
vn -0.0172 0.9802 0.1971
vn -0.2704 0.9266 -0.2612
vn -0.3505 0.7354 -0.5799
vn -0.1322 0.8890 0.4385
vn -0.1385 0.9781 -0.1551
vn -0.5826 0.7933 -0.1768
vn -0.4981 0.6765 -0.5424
vn -0.3020 0.5401 -0.7856
vn -0.2206 0.4276 -0.8766
vn -0.1869 0.3638 -0.9125
vn -0.2132 0.4866 -0.8472
vn -0.4574 0.8673 0.1963
vn -0.2789 0.9289 0.2436
vn -0.3854 0.8735 0.2974
vn -0.1652 0.9820 0.0919
vn -0.1003 0.9624 0.2525
vn -0.1803 0.9220 0.3427
vn -0.0532 0.3101 -0.9492
vn -0.5653 -0.0397 -0.8240
vn 0.0283 0.3847 -0.9226
vn 0.5931 0.2622 0.7613
vn 0.3359 0.7168 0.6111
vn 0.7281 0.4395 0.5260
vn 0.5500 0.6092 -0.5713
vn 0.6985 0.7131 -0.0600
vn 0.7957 0.5697 -0.2057
vn 0.8244 0.4814 0.2978
vn 0.2073 0.3531 -0.9123
vn 0.0322 0.3643 -0.9307
vn -0.0853 0.3425 -0.9356
vn 0.7013 0.4403 0.5607
vn 0.9103 0.2534 0.3275
vn 0.0973 0.7012 0.7063
vn 0.6162 0.4149 0.6694
vn 0.9340 0.3551 -0.0395
vn 0.1975 0.9477 0.2509
vn -0.0862 0.9680 0.2357
vn 0.1482 0.9644 0.2190
vn 0.3465 0.9380 0.0042
vn 0.3581 0.4522 0.8169
vn 0.5314 0.8377 -0.1258
vn 0.6105 0.7861 0.0968
vn 0.3415 0.9167 -0.2074
vn 0.9255 0.2623 0.2731
vn 0.2600 0.4771 -0.8395
vn 0.5570 0.4483 -0.6991
vn 0.3556 0.9308 -0.0843
vn -0.0072 0.9255 0.3786
vn 0.9968 0.0612 -0.0520
vn 0.0946 -0.9843 0.1492
vn 0.1069 -0.9865 0.1239
vn 0.2909 -0.9254 0.2430
vn 0.0648 -0.9428 -0.3270
vn 0.1653 -0.6667 -0.7268
vn 0.2811 -0.8306 -0.4806
vn 0.2439 -0.9612 -0.1288
vn 0.1227 -0.3179 -0.9401
vn 0.1487 -0.6179 -0.7720
vn 0.0529 -0.2670 -0.9623
vn 0.6512 0.0421 0.7578
vn 0.1874 -0.1144 0.9756
vn 0.1929 0.4261 0.8839
vn 0.1897 -0.9358 0.2972
vn 0.3322 -0.7599 0.5588
vn 0.2512 0.7689 0.5880
vn 0.3541 0.7621 0.5420
vn 0.1618 0.6068 0.7782
vn 0.9092 -0.1118 0.4010
vn 0.6234 -0.7107 0.3260
vn 0.0110 -0.1268 -0.9919
vn 0.1701 -0.5708 0.8033
vn 0.0005 0.2333 0.9724
vn 0.0102 0.2894 0.9571
vn 0.1420 -0.0603 0.9880
vn 0.6631 0.7484 0.0176
vn 0.1216 0.9924 -0.0182
vn 0.0178 -0.9561 -0.2925
vn 0.2406 -0.3477 -0.9062
vn 0.4928 0.6977 0.5200
vn 0.1789 0.6802 0.7109
vn 0.2161 0.8647 0.4535
vn 0.0406 0.7969 0.6028
vn 0.6758 -0.7321 0.0862
vn 0.0687 0.5553 0.8288
vn 0.3338 0.8994 0.2823
vn 0.0871 0.8319 0.5481
vn -0.6094 0.6984 0.3753
vn -0.5679 0.6285 0.5314
vn -0.4114 0.6492 0.6398
vn -0.7237 0.6694 0.1676
vn -0.5420 0.7421 0.3943
vn -0.7510 0.6037 0.2675
vn 0.2295 0.8840 -0.4073
vn 0.5012 0.7307 -0.4635
vn -0.5980 0.6308 0.4944
vn -0.5325 0.6261 0.5696
vn -0.6186 0.6736 0.4045
vn -0.4976 0.6763 0.5431
vn -0.4917 0.6682 0.5583
vn -0.4631 0.6850 0.5623
vn -0.0424 0.5830 0.8114
vn -0.1991 0.7044 0.6813
vn -0.0950 0.4215 0.9018
vn 0.0924 0.4026 0.9107
vn 0.3402 0.8922 0.2971
vn -0.5202 0.6822 0.5138
vn -0.5252 0.6589 0.5385
vn -0.4340 0.8571 0.2775
vn -0.3282 0.1219 0.9367
vn -0.6815 0.7278 0.0766
vn -0.0707 0.9975 -0.0018
vn -0.2700 0.8698 -0.4129
vn -0.3061 0.9516 0.0264
vn -0.0383 0.5503 0.8341
vn -0.0628 0.5498 0.8329
vn -0.0184 0.4930 0.8699
vn -0.0443 0.5948 0.8026
vn -0.0526 0.4824 0.8744
vn -0.0678 0.5931 0.8023
vn -0.0120 0.6216 0.7832
vn -0.0061 0.7793 0.6266
vn -0.0097 0.4616 0.8871
vn 0.0070 0.4618 0.8869
vn -0.1045 0.4256 0.8989
vn -0.0461 0.5472 0.8357
vn -0.0485 0.6975 0.7149
vn -0.3008 0.6607 -0.6877
vn -0.1563 0.5957 -0.7879
vn -0.1823 0.5184 -0.8355
vn -0.3422 0.5746 -0.7435
vn -0.2104 0.4490 -0.8684
vn -0.0049 0.5413 0.8408
vn 0.0095 0.7380 0.6747
vn -0.1098 0.9647 -0.2395
vn -0.3570 0.7224 -0.5922
vn -0.1810 0.6147 0.7677
vn -0.1997 0.4968 -0.8446
vn -0.0412 0.4390 0.8975
vn -0.3178 0.8554 -0.4090
vn -0.2239 0.8822 0.4142
vn -0.0195 -0.9617 -0.2734
vn -0.1521 -0.5836 -0.7976
vn 0.0680 -0.5888 -0.8054
vn -0.2339 -0.4535 -0.8600
vn -0.4016 -0.7045 -0.5852
vn -0.4828 -0.2889 -0.8267
vn -0.2831 -0.0674 -0.9567
vn -0.2521 -0.1217 -0.9600
vn 0.1211 -0.9848 0.1246
vn 0.0768 -0.9807 0.1796
vn 0.0062 -0.9990 0.0435
vn 0.0299 -0.9478 -0.3174
vn -0.1206 -0.9852 0.1217
vn -0.5240 -0.8299 -0.1917
vn -0.1933 -0.9793 -0.0602
vn -0.6615 -0.4167 -0.6235
vn -0.1166 -0.9205 -0.3730
vn -0.0194 -0.8903 -0.4549
vn -0.2130 -0.0405 -0.9762
vn -0.0623 -0.2084 -0.9761
vn -0.4200 -0.9074 0.0123
vn 0.0658 -0.3514 -0.9339
vn -0.2096 0.1640 -0.9639
vn -0.2507 -0.0185 -0.9679
vn -0.3958 -0.1005 -0.9128
vn -0.5712 -0.8085 -0.1417
vn -0.6537 -0.7083 -0.2665
vn -0.1341 -0.4283 -0.8936
vn -0.6426 -0.1810 -0.7445
vn -0.4302 -0.7640 -0.4809
vn 0.0772 0.5896 0.8040
vn 0.1104 0.6528 0.7495
vn 0.0472 0.7872 0.6149
vn 0.3844 0.5561 0.7369
vn -0.1855 0.8321 0.5227
vn -0.2701 0.9125 0.3072
vn -0.0729 0.8497 0.5222
vn 0.0819 0.5947 0.7998
vn 0.1117 0.5426 0.8325
vn -0.0288 0.5992 0.8001
vn 0.1109 0.4381 0.8921
vn -0.0926 0.7068 0.7014
vn -0.0270 0.7297 0.6833
vn -0.0791 0.7516 0.6549
vn 0.0719 0.5895 0.8046
vn -0.1780 0.8827 0.4349
vn 0.0136 0.9105 0.4133
vn -0.2394 0.9459 0.2192
vn -0.3503 0.9064 0.2361
vn 0.0674 0.7551 0.6522
vn -0.2051 0.8717 0.4451
vn -0.0782 0.7449 0.6625
vn -0.0864 0.9135 0.3976
vn 0.2275 0.6767 0.7003
vn 0.2647 0.5585 0.7861
vn 0.3844 0.4224 0.8209
vn 0.1076 0.3297 0.9379
vn 0.1088 0.5948 0.7965
vn -0.5179 0.8211 0.2399
vn -0.0618 0.8684 0.4920
vn -0.3820 0.5703 0.7272
vn 0.5415 0.2239 0.8104
vn 0.9297 0.3656 0.0435
vn 0.9656 0.2553 0.0496
vn 0.9265 0.3704 0.0671
vn 0.9086 0.4039 0.1063
vn 0.8873 0.4420 0.1318
vn 0.8619 0.4837 0.1522
vn 0.8795 0.4613 0.1170
vn 0.8534 0.5076 0.1184
vn 0.8850 0.4396 0.1531
vn 0.8815 0.4610 0.1022
vn 0.9316 0.3526 0.0888
vn 0.9101 0.4084 0.0700
vn 0.9174 0.3807 0.1157
vn 0.9285 0.3550 0.1093
vn 0.8607 0.4993 0.0996
vn 0.8904 0.4551 -0.0097
vn 0.9214 0.3849 0.0538
vn 0.8562 0.5082 0.0927
vn 0.9142 0.4049 -0.0142
vn 0.8948 0.4433 0.0525
vn 0.9442 0.3158 0.0933
vn 0.8061 0.5556 0.2038
vn 0.9549 0.2883 -0.0715
vn 0.8943 0.4159 0.1653
vn 0.9360 0.3350 0.1080
vn -0.2381 0.5529 0.7985
vn -0.2482 0.6408 0.7265
vn -0.1780 0.6037 0.7771
vn -0.1744 0.5548 0.8135
vn -0.1642 0.5888 0.7914
vn -0.1880 0.7018 0.6871
vn -0.2708 0.5390 0.7976
vn -0.2583 0.5598 0.7874
vn -0.1896 0.5543 0.8105
vn -0.2553 0.5723 0.7793
vn -0.2408 0.5599 0.7928
vn -0.2150 0.5546 0.8039
vn -0.2401 0.5369 0.8088
vn -0.2420 0.5864 0.7731
vn -0.2351 0.5594 0.7949
vn -0.0795 0.8350 0.5445
vn -0.3683 0.8619 0.3485
vn -0.0603 0.3017 0.9515
vn -0.1291 0.6516 0.7475
vn -0.1782 0.5571 0.8111
vn -0.0906 0.8151 0.5722
vn -0.1510 0.8801 0.4502
vn -0.1084 0.7399 0.6639
vn -0.4514 0.8893 -0.0736
vn -0.2051 0.9075 0.3665
vn -0.1687 0.5608 0.8106
vn -0.2684 0.5573 0.7857
vn -0.1266 0.8749 0.4674
vn -0.1194 0.9544 0.2735
vn -0.0682 0.8931 0.4446
vn -0.1346 0.5737 0.8079
vn -0.3742 0.8424 0.3877
vn -0.0875 0.9137 0.3970
vn -0.2009 0.4422 0.8741
vn -0.0840 0.2702 -0.9591
vn -0.0864 0.3072 -0.9477
vn -0.0874 0.2583 -0.9621
vn 0.0334 0.0477 -0.9983
vn 0.0300 0.0437 -0.9986
vn 0.0853 0.0029 -0.9963
vn -0.0436 0.2307 -0.9721
vn 0.0018 0.0922 -0.9957
vn -0.0190 0.1353 -0.9906
vn 0.0334 0.0829 -0.9960
vn 0.0346 0.2350 -0.9714
vn 0.0206 0.1891 -0.9817
vn -0.0517 0.3027 -0.9517
vn -0.0500 0.2187 -0.9745
vn 0.0610 0.1462 -0.9874
vn 0.1232 0.1225 -0.9848
vn 0.0363 0.1223 -0.9918
vn 0.0891 0.1415 -0.9859
vn -0.1135 0.2935 -0.9492
vn 0.0780 -0.0094 -0.9969
vn -0.0857 -0.0634 -0.9943
vn -0.0927 0.0825 -0.9923
vn -0.0527 0.0687 -0.9962
vn 0.0338 0.1709 -0.9847
vn -0.0321 -0.0072 -0.9995
vn 0.1009 0.0378 -0.9942
vn -0.0587 0.2733 -0.9601
vn -0.0381 -0.0575 -0.9976
vn -0.0153 0.0092 -0.9998
vn -0.0315 -0.0539 -0.9980
vn -0.0147 0.2518 -0.9677
vn -0.1276 0.3273 -0.9363
vn 0.1489 0.0540 -0.9874
vn 0.2195 -0.0296 -0.9752
vn -0.0639 0.7695 0.6354
vn -0.0013 0.6906 0.7232
vn -0.0174 0.8605 0.5091
vn -0.1481 0.7103 0.6882
vn -0.2206 0.9285 0.2988
vn 0.2382 0.6829 0.6906
vn 0.1887 0.7620 0.6194
vn 0.5482 0.4717 0.6906
vn 0.3643 0.5557 0.7473
vn 0.5025 0.4525 0.7368
vn -0.6104 0.7079 0.3554
vn -0.6651 0.6931 0.2779
vn -0.0506 0.8223 -0.5668
vn 0.2793 0.4979 -0.8210
vn -0.1328 0.4228 -0.8964
vn -0.3392 0.5687 -0.7493
vn 0.5415 0.2240 0.8103
vn 0.3165 0.6257 0.7130
vn 0.5343 0.5439 0.6470
vn -0.4891 0.8262 -0.2795
vn -0.2671 0.9636 0.0136
vn -0.0848 0.9067 0.4132
vn -0.4990 0.8657 -0.0399
vn 0.0763 0.9773 0.1975
vn -0.1183 0.5840 0.8031
vn 0.4608 0.8825 0.0939
vn 0.7951 0.5410 0.2740
vn -0.1446 0.0584 0.9878
vn -0.2281 0.0582 0.9719
vn -0.2243 0.0456 0.9734
vn -0.1765 -0.0272 0.9839
vn -0.2017 -0.0058 0.9794
vn -0.1742 0.0089 0.9847
vn -0.2052 0.0349 0.9781
vn -0.2331 0.1313 0.9636
vn -0.1788 0.1645 0.9700
vn -0.2435 0.1757 0.9538
vn -0.1884 -0.0143 0.9820
vn -0.2403 -0.0593 0.9689
vn -0.1479 -0.0922 0.9847
vn -0.1330 -0.1322 0.9823
vn -0.1583 0.0142 0.9873
vn -0.1831 0.0343 0.9825
vn -0.1892 0.0089 0.9819
vn -0.2197 0.1397 0.9655
vn -0.2282 0.0939 0.9691
vn -0.1912 0.1747 0.9659
vn -0.2402 -0.0218 0.9705
vn -0.1666 0.1024 0.9807
vn -0.1826 0.0726 0.9805
vn -0.2748 0.1043 0.9558
vn -0.1913 0.0392 0.9807
vn -0.1827 0.0496 0.9819
vn -0.1889 0.0849 0.9783
vn -0.4785 0.0679 0.8754
vn -0.2329 0.0740 0.9697
vn -0.1819 0.1065 0.9775
vn -0.1983 0.0981 0.9752
vn -0.0378 -0.7200 0.6929
vn -0.1305 -0.8765 0.4634
vn -0.0001 -0.6685 0.7437
vn 0.0107 -0.3662 0.9305
vn 0.0297 -0.4458 0.8946
vn -0.0064 -0.5219 0.8530
vn 0.0255 -0.3024 0.9528
vn -0.0014 -0.3310 0.9436
vn 0.0192 -0.3415 0.9397
vn 0.0583 -0.3007 0.9519
vn 0.0846 -0.3423 0.9358
vn -0.0225 -0.3755 0.9266
vn 0.0787 -0.2833 0.9558
vn 0.0345 -0.4542 0.8902
vn 0.0695 -0.4362 0.8972
vn -0.0070 -0.3768 0.9263
vn 0.0435 -0.6020 0.7973
vn 0.0262 -0.4185 0.9078
vn -0.0247 -0.3875 0.9215
vn -0.0115 -0.4264 0.9045
vn 0.0057 -0.5669 0.8238
vn 0.1059 -0.4155 0.9034
vn 0.2048 -0.2950 0.9333
vn -0.0852 -0.8048 0.5874
vn -0.0007 -0.5279 0.8493
vn 0.0588 -0.4020 0.9138
vn -0.3416 -0.7188 0.6055
vn 0.0269 -0.4008 0.9158
vn 0.0842 -0.5346 0.8409
vn 0.1148 -0.2782 0.9537
vn -0.0767 -0.3983 0.9140
vn -0.0869 0.4687 0.8791
vn -0.0795 0.5695 0.8181
vn 0.0387 0.5950 0.8028
vn 0.0628 -0.9271 0.3696
vn 0.0509 -0.8296 0.5560
vn 0.0682 -0.1767 0.9819
vn 0.1006 0.4403 0.8922
vn -0.0426 0.5809 0.8129
vn 0.3279 0.1064 0.9387
vn 0.3782 -0.4657 0.8001
vn 0.5646 -0.7609 0.3197
vn 0.7645 -0.3859 0.5163
vn -0.0531 0.5589 0.8275
vn 0.7620 -0.6476 0.0038
vn 0.6959 -0.7156 0.0601
vn 0.7332 -0.6798 0.0187
vn -0.0321 0.5339 0.8449
vn 0.6673 -0.3857 0.6371
vn 0.1956 0.1565 0.9681
vn 0.1379 -0.9702 0.1993
vn -0.0285 0.2117 0.9769
vn -0.0352 0.5276 0.8487
vn 0.2970 -0.6950 0.6548
vn -0.0283 0.1623 0.9863
vn 0.4560 -0.8515 0.2588
vn -0.2199 0.3398 0.9144
vn 0.7449 -0.6360 0.2013
vn 0.7583 -0.6513 -0.0287
vn -0.1182 0.4367 0.8918
vn -0.0255 0.4976 0.8670
vn 0.5342 -0.8444 0.0405
vn 0.5776 -0.7155 0.3931
vn -0.4205 0.5071 0.7523
vn 0.8336 0.4480 0.3231
vn 0.4372 0.7285 0.5273
vn 0.1322 0.2015 0.9705
vn 0.9281 0.2971 0.2244
vn -0.6954 0.1129 0.7097
vn -0.4507 0.6856 0.5717
vn -0.4931 0.5028 0.7100
vn 0.4561 -0.2487 0.8545
vn -0.0210 -0.5622 0.8267
vn 0.1514 -0.4650 0.8722
vn 0.8025 0.5598 0.2063
vn 0.4136 0.7125 0.5668
vn 0.9144 0.3955 0.0864
vn -0.2900 -0.5199 0.8035
vn 0.9209 0.3816 0.0791
vn 0.9018 0.4294 0.0486
vn -0.4441 -0.3584 0.8212
vn 0.2445 -0.4571 0.8552
vn 0.8620 0.0649 0.5027
vn 0.9373 0.3367 0.0897
vn 0.1987 -0.0591 0.9783
vn 0.8189 0.2888 0.4959
vn 0.4753 -0.1055 0.8735
vn -0.5643 0.7135 0.4153
vn -0.4702 0.7191 0.5117
vn -0.2276 0.1567 0.9611
vn 0.2638 -0.0058 0.9646
vn -0.1027 0.5673 0.8171
vn 0.6948 -0.1750 0.6976
vn 0.3566 0.4344 0.8271
vn 0.9274 -0.0227 0.3733
vn 0.0889 0.3764 0.9222
vn 0.1160 0.3802 0.9176
vn -0.0389 0.4103 0.9111
vn 0.9169 0.2244 0.3300
vn 0.9901 0.1112 0.0854
vn 0.9642 0.1649 0.2077
vn 0.7190 0.6926 -0.0569
vn 0.8691 0.4604 0.1807
vn 0.4818 -0.2207 0.8480
vn -0.0296 0.2587 0.9655
vn 0.9628 -0.1418 0.2302
vn 0.4905 0.8508 -0.1887
vn 0.5235 0.8364 -0.1623
vn 0.1106 0.4667 0.8775
vn 0.1470 0.4410 0.8854
vn 0.1060 0.4851 0.8680
vn 0.6611 0.7469 -0.0716
vn 0.6545 -0.6319 0.4150
vn 0.7475 -0.6162 0.2482
vn -0.1460 0.3910 0.9087
vn 0.4266 -0.5185 0.7410
vn 0.1241 0.3604 0.9245
vn 0.0814 0.3884 0.9179
vn 0.9007 -0.3530 0.2534
vn 0.0199 0.2511 0.9678
vn 0.1032 0.4315 0.8962
vn -0.0970 0.3899 0.9157
vn 0.0764 0.4620 0.8836
vn 0.0930 0.3645 0.9266
vn 0.0844 0.5140 0.8536
vn 0.0960 0.3107 0.9457
vn 0.5505 0.4149 0.7244
vn 0.1116 0.4409 0.8906
vn 0.2606 -0.9414 0.2143
vn -0.0046 -0.9463 0.3234
vn 0.2050 -0.8440 0.4956
vn 0.1395 -0.5415 0.8291
vn 0.1279 -0.6006 0.7893
vn 0.1168 -0.5557 0.8231
vn -0.0085 -0.7657 0.6432
vn 0.1084 -0.6196 0.7774
vn 0.0279 -0.6534 0.7565
vn -0.0159 -0.9169 0.3987
vn 0.1234 -0.7197 0.6832
vn 0.3343 -0.8772 0.3445
vn 0.1214 -0.6036 0.7880
vn 0.1812 -0.5477 0.8168
vn 0.1958 -0.9019 0.3851
vn 0.2783 -0.9473 0.1585
vn 0.0428 -0.9658 0.2557
vn -0.2017 -0.9251 0.3218
vn -0.1949 -0.9744 0.1122
vn 0.0894 -0.5936 0.7998
vn 0.0708 -0.4506 0.8899
vn 0.0893 -0.3160 0.9445
vn 0.1201 -0.4177 0.9006
vn 0.0987 -0.5112 0.8538
vn 0.1064 -0.4681 0.8773
vn 0.1066 -0.4282 0.8974
vn -0.0349 -0.9990 0.0295
vn -0.1933 -0.9783 0.0746
vn -0.1814 -0.9834 -0.0006
vn -0.0561 -0.9984 -0.0033
vn 0.1875 -0.9787 0.0837
vn -0.1793 -0.9837 -0.0106
vn -0.0434 -0.9989 -0.0195
vn 0.0265 -0.5264 0.8498
vn 0.0512 -0.9978 0.0417
vn 0.0540 -0.5682 0.8211
vn 0.4828 0.3983 0.7800
vn 0.7317 0.3766 0.5681
vn 0.7110 0.2869 0.6420
vn 0.5587 0.5220 0.6445
vn 0.5866 0.4797 0.6526
vn 0.6139 0.4809 0.6260
vn 0.5655 0.5379 0.6252
vn 0.5660 0.5483 0.6156
vn 0.5953 0.5281 0.6056
vn 0.6346 0.4339 0.6396
vn 0.5642 0.4924 0.6627
vn 0.5777 0.4269 0.6957
vn 0.5720 0.3356 0.7485
vn 0.6877 0.3513 0.6353
vn 0.6768 0.4285 0.5986
vn 0.8119 0.3396 0.4748
vn -0.2088 0.6076 0.7663
vn 0.2614 0.6640 0.7005
vn -0.0250 0.5581 0.8294
vn 0.8305 0.2377 0.5038
vn 0.5424 0.5638 0.6228
vn 0.7305 0.3598 0.5804
vn -0.2033 0.1553 0.9667
vn -0.0299 -0.3440 0.9385
vn 0.5415 0.6185 0.5694
vn 0.6527 0.5221 0.5490
vn 0.6826 0.4725 0.5575
vn 0.0249 -0.4569 0.8892
vn 0.5360 0.3993 0.7438
vn 0.0254 -0.7208 0.6927
vn -0.0477 -0.6414 0.7657
vn 0.0600 -0.6495 0.7580
vn 0.1799 -0.7938 0.5809
vn 0.1864 -0.6940 0.6955
vn 0.1941 -0.9213 0.3370
vn 0.1481 -0.5791 0.8017
vn 0.1512 -0.6305 0.7613
vn 0.1673 -0.6032 0.7798
vn 0.1492 -0.5759 0.8038
vn 0.1566 -0.5669 0.8088
vn 0.2480 -0.6996 0.6701
vn 0.1130 -0.5242 0.8441
vn 0.3907 -0.4901 0.7792
vn 0.2038 -0.4327 0.8782
vn 0.2524 -0.6287 0.7355
vn 0.2676 -0.4734 0.8392
vn 0.3423 -0.8800 0.3293
vn 0.2558 -0.7472 0.6134
vn 0.1129 -0.6199 0.7765
vn 0.0278 -0.5013 0.8649
vn -0.0849 -0.4929 0.8660
vn 0.1522 -0.6658 0.7305
vn -0.0226 -0.6351 0.7721
vn 0.2286 -0.6204 0.7502
vn 0.6948 -0.3228 0.6427
vn 0.6138 -0.4338 0.6597
vn 0.6810 -0.4254 0.5961
vn 0.4368 -0.5441 0.7164
vn 0.5320 -0.3905 0.7514
vn 0.5084 -0.3811 0.7722
vn 0.7180 -0.3304 0.6126
vn 0.5692 -0.4980 0.6543
vn 0.7718 -0.3124 0.5538
vn 0.1889 -0.9498 0.2494
vn 0.3221 -0.7772 0.5406
vn 0.5463 -0.3695 0.7517
vn 0.5000 -0.5846 0.6390
vn 0.5281 -0.7654 0.3678
vn 0.4642 -0.7879 0.4047
vn 0.0053 0.6472 0.7623
vn -0.0620 0.6948 0.7165
vn 0.1294 0.7551 0.6427
vn -0.0507 0.7477 0.6620
vn -0.1757 0.6635 0.7272
vn -0.1189 0.7055 0.6987
vn -0.0109 0.8103 0.5859
vn 0.0188 0.9017 0.4320
vn -0.2623 0.5838 0.7684
vn -0.0453 0.6174 0.7854
vn -0.1692 0.7154 0.6779
vn -0.1674 0.7859 0.5953
vn -0.1228 0.8314 0.5419
vn -0.3182 0.8454 0.4289
vn 0.1194 0.6651 0.7371
vn -0.0547 0.7452 0.6646
vn 0.1003 0.8364 0.5389
vn -0.3999 0.7136 0.5752
vn 0.0748 0.6649 0.7431
vn -0.1085 0.8065 0.5812
vn -0.5595 0.6133 0.5575
vn 0.0748 0.5203 0.8507
vn 0.0427 0.5611 0.8267
vn -0.1286 0.8927 0.4319
vn -0.3362 0.8191 0.4649
vn -0.3355 0.6386 0.6925
vn -0.2096 0.8024 0.5588
vn -0.1651 0.7951 0.5836
vn 0.0249 0.7953 0.6057
vn 0.0185 0.7910 0.6116
vn -0.1920 0.6796 0.7080
vn 0.2650 0.8168 0.5125
vn -0.1931 0.8238 0.5330
vn 0.2849 0.7338 0.6167
vn -0.3657 0.9091 0.1996
vn -0.3654 0.6302 0.6851
vn -0.2633 0.7393 0.6197
vn -0.0964 0.7713 0.6291
vn -0.1292 0.5646 0.8152
vn -0.1240 0.7833 0.6092
vn 0.1648 -0.7008 0.6941
vn 0.3039 -0.8593 0.4114
vn 0.5353 -0.5660 0.6269
vn 0.6903 -0.2803 0.6671
vn 0.7652 -0.4554 0.4550
vn 0.8290 -0.1035 0.5496
vn 0.1109 -0.9722 0.2060
vn 0.1223 -0.8574 0.5000
vn -0.2283 -0.3640 0.9030
vn -0.2107 -0.2482 0.9455
vn -0.0535 -0.6680 0.7423
vn 0.6515 -0.7362 0.1830
vn 0.5835 -0.7304 0.3551
vn 0.5991 -0.4322 0.6740
vn 0.6158 -0.6668 0.4197
vn 0.7575 -0.5214 0.3929
vn 0.1174 -0.3949 0.9112
vn -0.4316 -0.3172 0.8445
vn 0.9151 -0.3500 0.2003
vn 0.9498 -0.1445 0.2775
vn 0.4796 -0.8363 0.2656
vn 0.0697 -0.9236 0.3769
vn 0.4794 -0.4085 0.7767
vn 0.3919 -0.2550 0.8840
vn 0.4313 -0.2614 0.8635
vn 0.8938 0.0668 0.4436
vn 0.9530 0.1085 0.2830
vn 0.5803 -0.4467 0.6810
vn 0.7661 -0.6029 0.2226
vn -0.0075 -0.4097 0.9122
vn 0.4373 -0.2508 0.8636
vn -0.5454 -0.2311 0.8057
vn 0.7578 -0.6524 0.0047
vn 0.5098 -0.2982 0.8069
vn 0.7359 -0.6768 -0.0175
vn 0.6978 -0.0220 0.7159
vn 0.4617 0.0050 0.8870
vn 0.7041 -0.7062 0.0752
vn 0.3994 -0.0159 0.9166
vn -0.4248 -0.1590 0.8912
vn 0.8852 0.4277 0.1830
vn 0.0116 0.7095 0.7046
vn 0.0438 0.8079 0.5876
vn 0.0213 0.8682 0.4957
vn -0.0967 0.6425 0.7602
vn -0.1194 0.7226 0.6809
vn -0.1164 0.7313 0.6720
vn -0.0927 0.8499 0.5187
vn -0.0256 0.9601 0.2785
vn -0.2625 0.9013 0.3446
vn -0.6515 0.7564 0.0583
vn -0.2072 0.7444 0.6348
vn 0.0288 0.6511 0.7584
vn -0.2271 0.9174 0.3268
vn -0.0622 0.8392 0.5403
vn -0.1314 0.8574 0.4975
vn -0.0181 0.8616 0.5072
vn -0.1628 0.8238 0.5430
vn -0.0646 0.8293 0.5551
vn -0.1001 0.8525 0.5130
vn 0.1535 0.8748 0.4595
vn 0.0548 0.8353 0.5471
vn -0.1191 0.6311 0.7665
vn -0.0496 0.6055 0.7943
vn -0.0733 0.7969 0.5996
vn 0.0280 0.8281 0.5599
vn -0.0264 0.6709 0.7410
vn -0.0052 0.6331 0.7741
vn 0.0696 0.7472 0.6609
vn 0.2354 0.5874 0.7743
vn -0.0138 0.6549 0.7556
vn -0.0971 0.6369 0.7648
vn -0.0860 0.8877 0.4523
vn -0.5879 -0.4233 -0.6893
vn -0.4908 -0.3480 -0.7987
vn -0.4023 -0.5059 -0.7630
vn -0.6337 -0.2754 -0.7229
vn 0.1483 -0.9889 0.0014
vn -0.2157 -0.9604 -0.1765
vn 0.0109 -0.9992 -0.0387
vn -0.1117 -0.9931 0.0343
vn -0.1443 -0.9806 -0.1327
vn -0.1842 -0.9828 -0.0123
vn -0.1959 -0.9719 -0.1304
vn -0.3381 -0.9009 -0.2722
vn -0.3350 -0.9266 -0.1710
vn 0.0507 -0.9435 -0.3274
vn -0.2085 -0.9457 -0.2491
vn 0.3703 -0.9285 -0.0280
vn 0.4563 -0.6883 -0.5639
vn -0.1643 -0.9856 -0.0394
vn 0.1714 -0.7313 -0.6602
vn 0.1904 -0.8782 -0.4387
vn -0.0508 -0.7292 -0.6824
vn -0.3949 -0.6793 -0.6186
vn -0.2775 -0.6311 -0.7243
vn -0.3694 -0.7189 -0.5889
vn -0.3732 -0.8173 -0.4391
vn -0.2298 -0.6490 -0.7252
vn -0.3050 -0.7874 -0.5357
vn -0.4472 -0.7600 -0.4716
vn -0.2140 -0.7042 -0.6770
vn -0.1954 -0.8744 -0.4440
vn -0.2706 -0.7441 -0.6108
vn -0.5264 -0.7976 -0.2946
vn -0.7989 -0.4739 -0.3704
vn -0.8524 -0.4234 -0.3069
vn -0.8254 -0.3958 -0.4026
vn -0.7013 -0.6118 -0.3660
vn -0.6856 -0.5508 -0.4761
vn -0.5157 -0.7838 -0.3460
vn -0.7923 -0.3645 -0.4893
vn -0.7433 -0.3465 -0.5722
vn -0.6886 -0.2303 -0.6876
vn -0.7094 -0.2537 -0.6575
vn -0.6933 -0.3408 -0.6349
vn -0.6080 -0.5103 -0.6083
vn -0.4947 -0.7379 -0.4590
vn -0.1767 -0.9843 -0.0001
vn 0.2257 0.0218 0.9739
vn 0.1623 -0.0274 0.9864
vn 0.2706 -0.1651 0.9484
vn 0.3528 -0.1355 0.9258
vn 0.3924 -0.1604 0.9057
vn 0.4702 -0.0404 0.8816
vn 0.3266 -0.1881 0.9263
vn 0.3901 0.3228 0.8623
vn 0.2270 0.3150 0.9216
vn 0.3735 0.1379 0.9173
vn 0.4514 -0.0122 0.8922
vn 0.3017 0.1715 0.9378
vn 0.3254 -0.2780 0.9038
vn 0.3589 -0.0876 0.9293
vn 0.5867 -0.4446 0.6768
vn 0.5833 -0.5915 0.5567
vn 0.5219 -0.2899 0.8022
vn 0.2610 0.3943 0.8811
vn 0.0956 0.5824 0.8073
vn 0.1732 0.4727 0.8640
vn 0.2844 -0.2761 0.9181
vn -0.0333 -0.3372 0.9409
vn 0.0431 0.4537 0.8901
vn 0.0604 0.4407 0.8956
vn -0.0385 0.1839 0.9822
vn 0.1985 0.1588 0.9672
vn -0.2046 0.0935 0.9744
vn -0.0844 0.1355 0.9872
vn -0.1361 0.1159 0.9839
vn 0.0591 0.1172 0.9913
vn 0.1511 0.6200 0.7699
vn 0.1259 0.2743 0.9534
vn 0.1315 0.5470 0.8267
vn 0.5049 -0.3343 0.7958
vn 0.1800 -0.0841 0.9801
vn 0.3623 -0.0295 0.9316
vn 0.3019 0.2896 0.9083
vn 0.7253 0.6877 -0.0301
vn 0.6224 0.7443 0.2421
vn 0.8754 0.4393 0.2016
vn 0.7475 0.3208 0.5816
vn 0.6709 0.0301 0.7409
vn 0.8340 -0.0571 0.5489
vn -0.5074 -0.1215 0.8531
vn -0.0902 0.0034 0.9959
vn -0.5147 -0.2018 0.8333
vn 0.0611 0.9149 0.3991
vn -0.0841 0.7761 0.6249
vn 0.1154 0.8965 0.4277
vn -0.2223 0.6936 0.6852
vn 0.2763 0.8104 0.5167
vn 0.8805 0.1568 0.4473
vn 0.2343 0.6446 0.7278
vn -0.1262 0.4184 0.8994
vn 0.1418 0.6576 0.7399
vn 0.0653 -0.2766 0.9588
vn -0.3144 0.6159 0.7224
vn -0.4482 0.4443 0.7757
vn -0.4452 0.1349 0.8852
vn -0.1659 0.0306 0.9857
vn 0.0498 0.4024 0.9141
vn 0.4891 0.3778 0.7861
vn 0.4731 0.8687 -0.1465
vn 0.4091 0.9046 0.1195
vn 0.4202 0.8390 0.3457
vn 0.3019 0.0768 0.9503
vn 0.1751 -0.1215 0.9770
vn 0.4823 0.0777 0.8725
vn 0.4852 0.0462 0.8732
vn -0.2843 -0.1881 0.9401
vn 0.2603 0.3807 0.8873
vn 0.2442 0.2580 0.9348
vn 0.1489 0.4907 0.8585
vn 0.0999 0.5829 0.8064
vn 0.3162 0.1592 0.9352
vn -0.5276 0.7288 0.4365
vn -0.4065 0.6887 0.6004
vn 0.5542 0.8266 -0.0978
vn 0.4472 0.3473 0.8243
vn 0.2053 0.9259 -0.3171
vn -0.5591 -0.4522 0.6950
vn -0.5526 -0.4492 0.7020
vn -0.5123 -0.3414 0.7880
vn -0.6212 -0.3023 0.7230
vn -0.5245 -0.0742 0.8482
vn -0.5964 -0.1336 0.7915
vn 0.2832 -0.8783 0.3852
vn -0.1967 -0.6534 0.7310
vn 0.3874 -0.8868 0.2520
vn -0.1919 -0.8418 0.5045
vn -0.7210 -0.4305 0.5430
vn -0.5965 -0.5713 0.5637
vn -0.6464 -0.7050 0.2916
vn -0.5255 -0.5747 0.6274
vn -0.5181 -0.8532 0.0601
vn -0.5033 -0.8162 0.2838
vn 0.0771 -0.9960 0.0447
vn -0.6408 -0.5860 0.4960
vn -0.5722 -0.6152 0.5423
vn -0.6305 -0.2482 0.7354
vn -0.5711 -0.3822 0.7265
vn 0.0617 -0.9569 0.2837
vn -0.1149 -0.9927 0.0363
vn 0.1156 -0.9490 0.2934
vn -0.2537 -0.9443 0.2096
vn -0.3187 -0.9426 0.1003
vn -0.5792 -0.8062 -0.1202
vn -0.2139 -0.9628 -0.1653
vn -0.4130 -0.3227 0.8516
vn -0.2533 -0.3421 0.9049
vn -0.4512 -0.4145 0.7903
vn 0.1142 -0.8142 0.5693
vn 0.1153 -0.6457 0.7548
vn -0.1214 -0.5671 0.8147
vn -0.0516 -0.4800 0.8758
vn 0.1077 -0.9618 -0.2518
vn -0.0007 -0.9066 0.4221
vn -0.0744 -0.7951 0.6019
vn 0.1527 -0.9882 0.0069
vn -0.4898 -0.3493 0.7988
vn -0.4152 -0.2900 0.8623
vn -0.1088 -0.4883 0.8658
vn -0.4173 -0.2167 0.8825
vn 0.1365 -0.8495 0.5096
vn -0.1988 -0.9774 0.0725
vn -0.1508 -0.9784 0.1412
vn -0.1860 -0.9803 0.0658
vn -0.0234 -0.5496 0.8351
vn -0.1826 -0.4112 0.8931
vn -0.0748 -0.4050 0.9112
vn -0.1034 -0.3575 0.9282
vn 0.1807 -0.1087 -0.9775
vn 0.1968 0.0773 -0.9774
vn 0.1166 -0.1315 -0.9844
vn 0.2016 0.1777 -0.9632
vn 0.2225 0.0002 -0.9749
vn -0.0248 0.2953 -0.9551
vn -0.0219 0.2628 -0.9646
vn -0.0584 0.3029 -0.9512
vn 0.1768 0.1476 -0.9731
vn 0.1729 0.0876 -0.9810
vn 0.1344 0.1026 -0.9856
vn 0.1078 0.0821 -0.9908
vn 0.1166 0.0237 -0.9929
vn 0.0725 0.1804 -0.9809
vn 0.0097 0.2490 -0.9685
vn 0.0225 0.2358 -0.9715
vn 0.0777 0.1149 -0.9903
vn 0.1203 0.1911 -0.9742
vn 0.1990 0.2046 -0.9584
vn 0.2703 0.2231 -0.9366
vn 0.1944 0.2247 -0.9548
vn 0.0857 0.0344 -0.9957
vn 0.0276 0.2038 -0.9786
vn 0.0289 0.2829 -0.9587
vn 0.0698 0.2048 -0.9763
vn 0.0879 0.1768 -0.9803
vn 0.1280 0.2668 -0.9552
vn 0.1878 0.1546 -0.9700
vn 0.1155 0.1240 -0.9855
vn 0.1452 0.0550 -0.9879
vn 0.0160 0.0698 -0.9974
vn 0.0326 0.2291 -0.9728
vn -0.0147 0.2509 -0.9679
vn 0.0806 0.1879 -0.9789
vn 0.0497 0.1274 -0.9906
vn 0.0785 0.2359 -0.9686
vn 0.1599 0.0799 -0.9839
vn 0.3608 0.2448 -0.8999
vn 0.2028 0.1014 -0.9740
vn 0.0889 0.1077 -0.9902
vn 0.1760 0.1209 -0.9769
vn 0.0321 0.2154 -0.9760
vn -0.7911 0.5243 0.3152
vn -0.4640 0.2392 0.8529
vn -0.5444 0.6260 0.5584
vn -0.3894 -0.8343 0.3903
vn 0.0057 -0.8667 0.4988
vn -0.2434 -0.5195 0.8191
vn -0.7599 -0.4840 0.4340
vn 0.2960 0.9211 0.2528
vn 0.5016 0.6583 0.5613
vn 0.8405 0.4830 0.2455
vn 0.5017 0.8643 0.0353
vn -0.7615 -0.1362 0.6336
vn -0.9277 0.0977 0.3603
vn 0.4733 -0.3381 0.8134
vn 0.8282 -0.2611 0.4960
vn 0.2484 0.1006 0.9634
vn -0.9322 -0.2659 0.2455
vn -0.7965 -0.1421 0.5877
vn -0.8854 -0.2112 0.4141
vn -0.3193 -0.2197 0.9218
vn -0.0695 0.8382 0.5410
vn -0.2198 0.9427 0.2511
vn -0.8518 -0.4501 0.2682
vn 0.2379 0.8653 0.4413
vn 0.1121 0.2272 0.9674
vn -0.0957 0.6576 0.7472
vn 0.3187 0.4762 0.8195
vn 0.1335 0.0300 0.9906
vn 0.1074 0.2875 0.9517
vn -0.8957 0.3984 0.1976
vn 0.2082 0.1173 0.9710
vn 0.3024 0.2986 0.9052
vn 0.3203 0.4581 0.8292
vn 0.6770 0.1300 0.7244
vn 0.0425 0.5725 0.8188
vn 0.6104 -0.7051 0.3609
vn -0.1123 -0.3395 0.9339
vn -0.0768 -0.3983 0.9140
vn -0.2253 -0.3598 0.9054
vn -0.7803 0.6018 0.1704
vn -0.6593 0.7165 0.2279
vn -0.1567 -0.2054 0.9661
vn -0.8472 0.1004 0.5217
vn 0.1905 -0.4328 0.8811
vn 0.6020 0.7804 0.1689
vn 0.7466 0.3844 0.5430
vn 0.8417 0.5397 -0.0184
vn -0.7061 -0.6354 0.3126
vn 0.9091 0.4106 -0.0702
vn 0.2567 -0.7992 0.5435
vn 0.9528 0.1336 0.2728
vn 0.0853 0.0256 0.9960
vn 0.0200 -0.3825 0.9237
vn 0.0681 -0.3021 0.9508
vn -0.0163 -0.3349 0.9421
vn -0.1111 -0.2553 0.9605
vn -0.0822 -0.2621 0.9615
vn 0.0575 -0.2546 0.9653
vn 0.0800 -0.3124 0.9466
vn -0.1133 -0.3384 0.9342
vn -0.0723 -0.2289 0.9708
vn -0.0418 -0.3663 0.9296
vn 0.0816 -0.1288 0.9883
vn -0.0201 -0.1558 0.9876
vn 0.0806 -0.3337 0.9392
vn -0.1365 -0.1622 0.9773
vn -0.0150 -0.4687 0.8832
vn -0.0423 -0.5974 0.8008
vn -0.0451 -0.4712 0.8809
vn -0.0803 -0.3997 0.9131
vn -0.1812 -0.2999 0.9366
vn -0.1550 -0.1855 0.9703
vn -0.1376 -0.2937 0.9460
vn 0.0738 -0.1364 0.9879
vn -0.1912 -0.3395 0.9210
vn -0.1372 -0.1552 0.9783
vn -0.0773 -0.1734 0.9818
vn -0.1342 -0.6127 0.7789
vn -0.0264 -0.3800 0.9246
vn 0.0758 -0.4592 0.8851
vn -0.1650 -0.1045 0.9807
vn -0.2080 -0.0179 0.9780
vn -0.1764 -0.0496 0.9831
vn -0.2601 0.0905 0.9613
vn -0.1197 -0.0646 0.9907
vn -0.1114 -0.0726 0.9911
vn -0.1080 -0.0645 0.9921
vn -0.0651 -0.5963 0.8001
vn -0.0323 -0.6000 0.7994
vn -0.0474 -0.7041 0.7085
vn -0.0628 -0.6756 0.7346
vn 0.0492 -0.0903 0.9947
vn -0.0528 -0.0291 0.9982
vn -0.1102 0.9040 0.4131
vn -0.1018 0.9943 0.0316
vn 0.0386 0.9383 0.3435
vn 0.1517 -0.3640 -0.9190
vn 0.0495 -0.1979 -0.9790
vn 0.1736 -0.1124 -0.9784
vn -0.0787 0.6140 0.7854
vn -0.0171 0.5664 0.8239
vn -0.0113 0.7297 0.6837
vn -0.1777 0.7140 -0.6772
vn -0.0863 0.4023 -0.9114
vn -0.1428 0.5285 -0.8368
vn -0.2086 0.8304 -0.5167
vn 0.1522 0.1508 -0.9768
vn -0.1281 0.2707 -0.9541
vn 0.0212 0.3385 0.9407
vn -0.0177 0.4310 0.9022
vn 0.0001 0.5687 0.8225
vn 0.1670 0.6642 0.7286
vn 0.1855 0.5973 0.7802
vn 0.1329 0.6784 0.7226
vn 0.0504 -0.1175 -0.9918
vn 0.1662 0.4540 0.8753
vn 0.0524 0.5451 -0.8367
vn -0.1803 0.9801 0.0830
vn -0.0439 0.0949 -0.9945
vn -0.0232 0.8671 0.4976
vn 0.0511 0.7972 0.6015
vn -0.0177 0.7820 0.6231
vn -0.1208 0.8639 0.4889
vn 0.2248 -0.3433 -0.9119
vn 0.3115 -0.2741 -0.9099
vn 0.1102 0.2826 -0.9529
vn -0.1882 0.9238 -0.3333
vn -0.1465 0.9596 -0.2404
vn -0.0650 0.7063 -0.7050
vn -0.0735 0.9670 0.2440
vn 0.2445 -0.5609 -0.7910
vn 0.1575 0.2247 -0.9616
vn 0.2847 0.3343 -0.8984
vn 0.3198 -0.0376 -0.9467
vn 0.0233 0.6473 -0.7619
vn 0.4374 -0.3147 -0.8424
vn 0.3966 0.3012 -0.8672
vn 0.2580 0.6558 -0.7095
vn 0.3242 0.9067 -0.2698
vn 0.1100 0.9681 -0.2251
vn 0.1782 0.9619 0.2073
vn 0.0709 0.8452 0.5298
vn 0.7093 0.2220 0.6691
vn 0.6929 0.2828 0.6632
vn 0.7281 0.2007 0.6554
vn 0.7240 0.2165 0.6550
vn 0.7524 0.2374 0.6144
vn 0.7518 0.2044 0.6269
vn 0.7167 0.2365 0.6561
vn 0.6785 0.2410 0.6939
vn 0.7326 0.2555 0.6309
vn 0.6634 0.3451 0.6639
vn 0.6941 0.3325 0.6385
vn 0.7625 0.3855 0.5195
vn 0.6810 0.3828 0.6243
vn 0.5949 0.3613 0.7181
vn 0.7656 0.2625 0.5873
vn 0.6698 0.2696 0.6918
vn 0.6053 0.3946 0.6913
vn 0.6464 0.3319 0.6870
vn 0.5790 0.3156 0.7518
vn 0.6101 0.3060 0.7309
vn 0.6678 0.2857 0.6874
vn 0.5435 0.4118 0.7315
vn 0.5289 0.3366 0.7791
vn 0.5983 0.2663 0.7557
vn 0.5614 0.3314 0.7582
vn 0.5109 0.3229 0.7967
vn 0.6963 0.3298 0.6374
vn 0.6045 0.2354 0.7611
vn 0.6437 0.2462 0.7246
vn 0.6484 0.2993 0.6999
vn 0.7321 0.2875 0.6175
vn 0.5745 0.3378 0.7456
vn 0.6055 0.3050 0.7351
vn 0.5730 0.2848 0.7684
vn 0.5015 0.2698 0.8220
vn 0.5796 0.2317 0.7813
vn 0.7071 0.2270 0.6696
vn 0.5721 0.4800 0.6651
vn 0.5710 0.3737 0.7310
vn 0.5640 0.3363 0.7542
vn 0.5613 0.3322 0.7580
vn 0.5376 0.2589 0.8025
vn 0.7633 0.2674 0.5880
vn 0.4921 0.3216 0.8089
vn 0.4544 0.3651 0.8125
vn 0.7122 0.2228 0.6657
vn 0.6412 0.2298 0.7321
vn 0.6952 0.2281 0.6817
vn 0.4968 0.2962 0.8158
vn 0.5027 0.0934 0.8594
vn 0.7476 0.2363 0.6207
vn 0.7533 0.2755 0.5972
vn -0.8092 0.5803 -0.0916
vn -0.7926 0.6048 -0.0769
vn -0.7376 0.6725 -0.0606
vn -0.7825 0.6130 -0.1092
vn -0.7835 0.6206 -0.0322
vn -0.7777 0.6266 -0.0505
vn -0.8128 0.4773 -0.3341
vn -0.8379 0.2947 -0.4593
vn -0.8429 0.5332 -0.0727
vn -0.8603 0.5093 -0.0228
vn -0.8550 0.4901 -0.1698
vn -0.5681 0.7164 -0.4050
vn -0.5713 0.7179 -0.3977
vn -0.6259 0.6986 -0.3466
vn -0.8244 0.5649 -0.0352
vn -0.7628 0.6209 -0.1809
vn -0.7244 0.6690 -0.1663
vn -0.8135 0.5749 -0.0877
vn -0.6104 0.6943 -0.3813
vn -0.5911 0.7017 -0.3977
vn -0.9045 0.4004 -0.1466
vn -0.8487 0.5278 -0.0342
vn -0.7499 0.6409 -0.1640
vn -0.7154 0.4913 -0.4969
vn -0.7079 0.6750 -0.2079
vn -0.6471 0.6915 -0.3211
vn -0.6365 0.7577 -0.1442
vn -0.7147 0.6822 -0.1543
vn -0.7191 0.6542 -0.2343
vn -0.6230 0.7381 -0.2589
vn -0.7404 0.6721 0.0135
vn -0.7686 0.5824 -0.2645
vn -0.6594 0.7384 -0.1415
vn -0.5394 0.8379 -0.0839
vn -0.8039 0.5457 -0.2366
vn -0.7354 0.5718 -0.3635
vn -0.6294 0.6105 -0.4809
vn -0.7378 0.5788 -0.3472
vn -0.8017 0.4835 -0.3514
vn -0.6780 0.6496 -0.3440
vn -0.4840 0.7791 -0.3984
vn -0.8888 0.4546 -0.0575
vn -0.8872 0.3676 -0.2786
vn -0.7964 0.5982 0.0886
vn -0.8645 0.5025 0.0090
vn -0.8874 0.4477 -0.1096
vn -0.8060 0.5518 -0.2142
vn -0.8310 0.5471 -0.1011
vn -0.8267 0.5622 -0.0209
vn -0.7948 0.5082 -0.3316
vn -0.8454 0.5273 -0.0850
vn -0.5607 0.7072 -0.4306
vn -0.7690 0.6324 -0.0934
vn -0.7187 0.6943 0.0374
vn -0.7631 0.6278 0.1537
vn -0.8452 0.5284 -0.0804
vn -0.7915 0.6091 0.0511
vn -0.7479 0.6638 -0.0013
vn -0.8087 0.5858 0.0534
vn -0.7320 0.6694 0.1266
vn -0.0162 0.0534 -0.9984
vn -0.0414 0.0223 -0.9989
vn -0.0072 -0.0646 -0.9979
vn -0.0925 -0.0439 -0.9947
vn -0.0557 -0.0954 -0.9939
vn -0.1738 -0.0380 -0.9840
vn 0.0341 0.2157 -0.9759
vn -0.0281 0.2440 -0.9694
vn 0.0702 0.1399 -0.9877
vn 0.1884 0.0009 -0.9821
vn 0.1453 -0.0279 -0.9890
vn 0.1723 -0.0648 -0.9829
vn 0.1716 -0.0852 -0.9815
vn 0.0534 0.0329 -0.9980
vn 0.1695 0.0319 -0.9850
vn 0.2324 -0.0066 -0.9726
vn 0.2101 -0.0759 -0.9747
vn 0.0744 0.1477 -0.9862
vn 0.0822 0.2035 -0.9756
vn 0.2140 0.0294 -0.9764
vn 0.1712 0.1432 -0.9748
vn 0.1752 0.2261 -0.9582
vn 0.1394 0.1751 -0.9746
vn 0.0682 0.2866 -0.9556
vn 0.1318 0.0244 -0.9910
vn 0.1508 -0.0073 -0.9885
vn 0.0788 0.0389 -0.9961
vn -0.1116 0.0456 -0.9927
vn -0.1387 0.2416 -0.9604
vn 0.0946 0.0168 -0.9954
vn 0.1035 -0.0218 -0.9944
vn -0.0032 -0.0822 -0.9966
vn 0.2303 -0.0215 -0.9729
vn 0.1283 -0.0754 -0.9889
vn -0.0143 -0.1221 -0.9924
vn -0.0284 0.4686 -0.8830
vn 0.0283 -0.0481 -0.9984
vn 0.0902 -0.0122 -0.9959
vn 0.0918 0.0235 -0.9955
vn 0.0169 -0.0921 -0.9956
vn 0.0549 0.0318 -0.9980
vn 0.2561 -0.0300 -0.9662
vn 0.2345 -0.0652 -0.9699
vn 0.2028 -0.0023 -0.9792
vn 0.1433 -0.0343 -0.9891
vn 0.1699 -0.0616 -0.9835
vn -0.2955 0.5382 0.7893
vn -0.2584 0.5978 0.7589
vn -0.2610 0.5848 0.7680
vn -0.0726 0.7130 0.6974
vn -0.2871 0.7201 0.6317
vn -0.2161 0.5130 0.8308
vn -0.1781 0.8613 0.4759
vn 0.0283 0.8179 -0.5747
vn -0.1358 0.6896 -0.7113
vn -0.0062 0.9575 -0.2882
vn -0.2164 0.5575 0.8015
vn -0.2337 0.4694 0.8515
vn -0.2432 0.5312 0.8116
vn -0.1496 0.5096 0.8473
vn -0.1128 0.6884 0.7165
vn -0.1599 0.4813 0.8618
vn -0.0964 0.4660 0.8795
vn -0.1706 0.5933 0.7867
vn -0.0651 0.7609 0.6456
vn -0.0645 0.4317 0.8997
vn -0.1313 0.7112 0.6906
vn -0.1608 0.4579 0.8743
vn -0.2262 0.5603 0.7968
vn -0.2311 0.4696 0.8521
vn -0.1245 0.5454 0.8289
vn -0.1747 0.6222 0.7631
vn -0.0653 0.5745 0.8159
vn -0.2126 0.6227 0.7531
vn -0.1647 0.4800 0.8617
vn -0.0536 0.9663 -0.2518
vn -0.1554 0.5675 -0.8086
vn 0.0069 0.6207 -0.7840
vn -0.2459 0.8382 0.4868
vn -0.1959 0.6931 0.6937
vn -0.2137 0.7448 -0.6322
vn -0.1806 0.9827 -0.0411
vn -0.0068 0.3437 -0.9391
vn -0.0966 0.8454 -0.5254
vn -0.4631 0.3068 -0.8315
vn -0.0964 0.3422 -0.9347
vn -0.1662 0.4732 -0.8651
vn -0.1536 0.5794 0.8005
vn 0.0323 0.5341 -0.8448
vn -0.3740 0.9241 -0.0790
vn -0.1589 0.5349 -0.8298
vn -0.0906 0.1850 0.9786
vn -0.4517 0.8868 0.0976
vn 0.0167 0.5196 -0.8542
vn -0.1636 0.6394 -0.7513
vn -0.3189 0.6007 -0.7332
vn -0.3040 0.7066 0.6390
vn -0.1203 0.6326 0.7650
vn -0.3973 0.6463 -0.6515
vn 0.0307 0.4669 -0.8838
vn 0.0005 0.3765 -0.9264
vn -0.4784 0.3826 -0.7904
vn -0.2157 0.9762 -0.0231
vn -0.0206 0.5060 -0.8623
vn 0.5145 0.5458 0.6614
vn -0.2150 0.1612 0.9632
vn -0.3482 0.1048 0.9315
vn 0.6253 0.7132 0.3168
vn 0.2474 0.9619 0.1165
vn 0.0718 0.9545 0.2893
vn 0.2458 0.8554 0.4559
vn -0.0552 0.8684 0.4929
vn -0.6670 0.4114 0.6211
vn -0.8819 0.4711 -0.0170
vn -0.3652 0.9120 0.1866
vn -0.5134 0.8581 -0.0127
vn -0.3398 0.7144 0.6117
vn 0.4079 0.6172 0.6729
vn -0.3648 0.5360 0.7614
vn 0.3210 0.2939 0.9003
vn -0.0838 0.2639 0.9609
vn -0.2150 -0.0574 0.9749
vn -0.2812 -0.0220 0.9594
vn -0.2501 0.0302 0.9678
vn -0.8653 0.4986 0.0512
vn -0.9957 0.0526 0.0765
vn -0.8609 0.3010 0.4101
vn -0.2189 -0.0349 0.9751
vn -0.1739 -0.0533 0.9833
vn -0.7507 -0.1517 0.6430
vn -0.5508 0.1532 0.8205
vn -0.2464 -0.0601 0.9673
vn -0.9939 0.0182 0.1086
vn -0.8699 -0.4865 0.0809
vn -0.2743 -0.0655 0.9594
vn -0.2210 -0.0398 0.9745
vn -0.3120 0.0020 0.9501
vn -0.3056 0.0200 0.9519
vn 0.4202 -0.7863 0.4529
vn 0.6822 -0.3138 0.6604
vn 0.1734 -0.8470 0.5025
vn 0.9357 0.0174 0.3524
vn 0.7928 0.2777 0.5425
vn 0.8175 -0.2231 0.5310
vn 0.9051 -0.2933 0.3080
vn -0.0109 0.0610 0.9981
vn 0.6805 0.1871 0.7084
vn 0.5457 -0.0189 0.8378
vn -0.3091 0.1012 0.9456
vn -0.3107 -0.5380 0.7836
vn 0.2213 -0.4473 0.8666
vn -0.0615 -0.1733 0.9829
vn -0.9371 -0.2857 0.2005
vn -0.7909 -0.2235 0.5696
vn -0.7211 0.3591 0.5925
vn -0.6075 -0.7210 0.3332
vn -0.1070 -0.9058 0.4099
vn 0.7004 -0.1928 0.6873
vn -0.7861 -0.6170 -0.0365
vn 0.9758 -0.1692 0.1389
vn -0.1668 -0.5957 0.7857
vn -0.1495 -0.7211 0.6765
vn -0.0636 -0.6369 0.7683
vn -0.2429 -0.6812 0.6907
vn 0.1326 -0.6445 0.7531
vn 0.1193 -0.9349 0.3343
vn -0.0567 -0.7848 0.6171
vn 0.4616 -0.8346 0.3005
vn -0.1094 -0.9797 0.1677
vn -0.4764 -0.8542 0.2084
vn -0.3634 -0.8679 0.3387
vn -0.3302 -0.5567 0.7623
vn -0.3169 -0.7789 0.5413
vn 0.0104 -0.7926 0.6096
vn -0.0909 -0.5370 0.8387
vn -0.2863 -0.1941 0.9383
vn -0.3514 -0.2842 0.8920
vn -0.2989 -0.3605 0.8836
vn -0.3256 -0.5365 0.7785
vn -0.5310 -0.8445 0.0701
vn -0.2438 -0.4173 0.8754
vn -0.2502 -0.3785 0.8911
vn 0.8142 -0.2457 0.5261
vn 0.8950 -0.3126 0.3181
vn -0.2088 -0.3561 0.9108
vn -0.2578 -0.1429 0.9556
vn -0.1235 -0.4187 0.8997
vn -0.0825 -0.5527 0.8293
vn -0.3416 -0.6182 0.7079
vn 0.6322 -0.6824 0.3669
vn -0.5802 -0.7034 0.4107
vn -0.3252 -0.0429 0.9447
vn -0.1788 -0.0713 0.9813
vn -0.1712 -0.9361 0.3072
vn -0.9493 -0.3035 0.0818
vn -0.7790 -0.6256 -0.0417
vn -0.4386 -0.3955 0.8070
vn -0.2631 -0.3715 0.8904
vn -0.1097 -0.8919 0.4388
vn -0.0590 -0.7384 0.6718
vn -0.0799 -0.6988 0.7109
vn -0.4329 -0.2725 0.8593
vn -0.7372 -0.1576 0.6570
vn -0.3938 0.0126 0.9191
vn -0.8520 -0.5208 0.0539
vn 0.9251 -0.1671 0.3411
vn -0.0852 -0.8048 0.5873
vn -0.1380 -0.8740 0.4659
vn -0.1874 -0.9168 0.3525
vn 0.2454 -0.8616 0.4443
vn -0.1848 -0.1561 0.9703
vn -0.2575 -0.9417 0.2167
vn -0.5507 0.1532 0.8205
vn 0.7020 -0.3997 0.5894
vn 0.1386 -0.3951 0.9081
vn -0.0435 -0.1670 0.9850
vn 0.6651 -0.3629 0.6526
vn 0.9546 -0.1521 0.2562
vn -0.2401 -0.3146 0.9184
vn -0.0945 -0.3129 0.9451
vn -0.2013 -0.0668 0.9773
vn -0.0665 -0.1785 0.9817
vn 0.0287 -0.5317 0.8465
vn 0.1635 -0.8351 0.5253
vn 0.1279 -0.9418 0.3109
vn -0.0588 -0.6241 0.7792
vn -0.3059 -0.9482 0.0862
vn -0.1925 -0.9782 0.0782
vn -0.1476 -0.9790 0.1406
vn -0.3244 -0.1452 0.9347
vn 0.1570 -0.9182 0.3638
vn -0.1520 -0.0914 0.9842
vn 0.9491 -0.1072 0.2963
vn -0.1988 -0.9774 0.0726
vn -0.9679 -0.0880 0.2353
vn -0.9398 -0.1925 0.2823
vn -0.9184 -0.0363 0.3940
vn -0.7132 0.0913 0.6950
vn -0.6568 0.0956 0.7480
vn -0.7484 0.1379 0.6487
vn -0.8594 0.0955 0.5023
vn -0.8211 0.0399 0.5694
vn -0.7857 0.1349 0.6038
vn -0.7209 0.1812 0.6690
vn -0.8397 0.0912 0.5353
vn -0.7800 -0.2161 0.5873
vn -0.7242 -0.0592 0.6871
vn -0.8799 -0.1437 0.4529
vn -0.9723 -0.2025 0.1164
vn -0.6732 0.1263 0.7286
vn -0.6572 0.1201 0.7441
vn -0.7127 -0.6214 -0.3254
vn -0.8151 -0.5335 -0.2257
vn -0.7998 -0.4787 -0.3622
vn -0.9418 -0.3344 -0.0348
vn -0.9239 -0.3469 0.1612
vn -0.7729 -0.3837 0.5054
vn -0.6609 -0.4499 0.6006
vn -0.9826 -0.1831 0.0318
vn -0.9897 -0.1093 0.0923
vn -0.8477 -0.5169 -0.1192
vn -0.8219 -0.5623 -0.0912
vn -0.3587 -0.9268 -0.1115
vn -0.6451 -0.7641 -0.0025
vn -0.6834 -0.7093 -0.1727
vn -0.8241 -0.5565 0.1056
vn -0.9609 0.0004 0.2770
vn -0.9378 0.0428 0.3446
vn -0.8648 -0.3609 0.3492
vn -0.5100 -0.8047 -0.3039
vn -0.3427 -0.9006 -0.2675
vn -0.9652 -0.2422 -0.0988
vn -0.7034 -0.6152 0.3559
vn -0.5715 -0.8046 0.1613
vn -0.6269 -0.2971 0.7202
vn -0.5630 -0.4498 0.6933
vn -0.9015 0.0750 0.4263
vn -0.7753 0.1957 0.6005
vn -0.6882 0.1779 0.7034
vn -0.8921 -0.0304 -0.4507
vn -0.8768 -0.4099 -0.2516
vn -0.9176 -0.3410 -0.2043
vn -0.1921 -0.9732 -0.1268
vn -0.3557 -0.9343 -0.0255
vn -0.9235 0.0563 0.3796
vn -0.6053 0.0768 0.7923
vn -0.5755 -0.7725 0.2684
vn -0.5879 -0.6158 0.5246
vn -0.5432 -0.5984 0.5889
vn -0.5584 -0.5564 0.6153
vn -0.4623 -0.8825 0.0865
vn -0.6191 -0.1195 0.7762
vn -0.8525 -0.5196 -0.0581
vn -0.8641 -0.4200 -0.2772
vn -0.2131 -0.9604 -0.1797
vn -0.5907 -0.8026 -0.0837
vn 0.1752 0.8823 -0.4368
vn 0.2193 0.8737 -0.4343
vn 0.2701 0.8949 -0.3552
vn 0.4178 0.8861 -0.2007
vn 0.5314 0.7589 -0.3763
vn 0.6750 0.7279 -0.1203
vn 0.4468 0.6375 -0.6277
vn 0.6542 0.6476 -0.3907
vn 0.3664 0.7537 -0.5456
vn 0.7478 0.5933 -0.2980
vn 0.6716 0.4966 -0.5499
vn 0.5872 0.6672 -0.4583
vn 0.6712 0.7236 0.1609
vn 0.7114 0.6937 0.1129
vn 0.5869 0.7940 0.1586
vn 0.2524 0.8179 -0.5170
vn 0.3173 0.7759 -0.5453
vn 0.2957 0.6338 -0.7147
vn 0.2967 0.7515 -0.5892
vn 0.2297 0.7497 -0.6206
vn 0.2323 0.8608 -0.4529
vn 0.7757 0.6120 -0.1542
vn 0.2654 0.6925 -0.6709
vn 0.4622 0.5971 -0.6556
vn 0.1027 0.9394 -0.3272
vn 0.1719 0.9080 -0.3821
vn -0.0013 0.9307 -0.3658
vn 0.1672 0.8298 -0.5324
vn 0.2038 0.7589 -0.6185
vn -0.1245 0.9273 -0.3530
vn -0.3657 0.8210 -0.4384
vn -0.1112 0.8959 -0.4302
vn -0.0246 0.9275 -0.3730
vn 0.0384 0.9237 -0.3811
vn 0.0796 0.9117 -0.4031
vn 0.4470 0.8935 0.0434
vn 0.1231 0.7730 -0.6223
vn -0.4961 0.7038 -0.5085
vn -0.0514 0.9283 -0.3683
vn -0.1209 0.8751 -0.4685
vn 0.1200 0.7396 -0.6623
vn -0.1145 0.7564 -0.6440
vn -0.0238 0.8211 -0.5703
vn -0.1180 0.7947 -0.5955
vn 0.2359 0.9364 -0.2599
vn 0.0226 0.8909 -0.4537
vn -0.1592 0.8359 -0.5253
vn -0.1829 0.8095 -0.5579
vn -0.1193 0.8357 -0.5360
vn -0.1208 0.7910 -0.5998
vn -0.1721 0.8294 -0.5315
vn -0.2041 0.8509 -0.4840
vn -0.1612 0.8540 -0.4946
vn -0.1241 0.9267 -0.3547
vn 0.1641 0.7145 -0.6801
vn -0.1557 0.9048 -0.3964
vn 0.0216 0.7565 -0.6536
vn 0.3027 0.9411 -0.1509
vn 0.2877 0.1875 -0.9392
vn 0.3472 0.1922 -0.9179
vn 0.3602 0.1989 -0.9114
vn 0.3129 0.1434 -0.9389
vn 0.2960 0.1155 -0.9482
vn 0.1859 0.1981 -0.9624
vn 0.0703 0.5309 -0.8445
vn -0.0157 0.6351 -0.7723
vn 0.0831 0.5922 -0.8015
vn 0.1729 0.4210 -0.8904
vn 0.1579 0.4236 -0.8920
vn 0.1696 0.4362 -0.8837
vn 0.1054 0.5092 -0.8542
vn 0.1510 0.4502 -0.8800
vn 0.2883 0.2727 -0.9179
vn 0.2542 0.2756 -0.9270
vn 0.1193 0.3930 -0.9117
vn -0.0319 0.6782 -0.7342
vn -0.0975 0.7964 -0.5969
vn 0.0302 0.5449 -0.8380
vn 0.0270 0.4971 -0.8673
vn -0.1744 0.6661 -0.7252
vn -0.0657 0.6761 -0.7339
vn -0.1165 0.7630 -0.6358
vn 0.2326 0.4394 -0.8677
vn 0.1815 0.2806 -0.9425
vn 0.1761 0.3425 -0.9229
vn 0.3407 0.0699 -0.9376
vn 0.2311 0.1393 -0.9629
vn 0.1781 0.0937 -0.9795
vn 0.1838 0.2497 -0.9507
vn 0.1602 0.3088 -0.9375
vn 0.0970 0.6172 -0.7808
vn 0.0565 0.7110 -0.7010
vn 0.0710 0.2363 -0.9691
vn -0.1272 0.8317 -0.5405
vn -0.1065 0.7566 -0.6452
vn 0.1222 0.7178 -0.6854
vn -0.0147 0.7716 -0.6360
vn -0.1327 0.8560 -0.4997
vn 0.2384 0.7342 -0.6356
vn 0.1481 0.6814 -0.7168
vn -0.1394 0.7773 -0.6135
vn 0.0910 0.4541 -0.8863
vn 0.0857 0.5394 -0.8377
vn 0.1228 0.4400 -0.8896
vn 0.1177 0.4269 -0.8966
vn -0.1180 0.8235 -0.5549
vn 0.1109 0.4167 -0.9023
vn -0.1526 0.8068 -0.5708
vn 0.1274 0.4416 -0.8881
vn 0.0607 0.5394 -0.8399
vn 0.1392 0.5233 -0.8407
vn 0.2497 0.4406 -0.8623
vn 0.2878 0.1954 -0.9376
vn -0.0731 -0.0357 0.9967
vn -0.2781 -0.0078 0.9605
vn -0.1549 -0.0383 0.9872
vn -0.1511 0.0003 0.9885
vn -0.1512 -0.0477 0.9874
vn -0.1470 0.0260 0.9888
vn -0.1519 0.0271 0.9880
vn -0.1756 0.0097 0.9844
vn -0.0756 0.0694 0.9947
vn -0.0911 0.0442 0.9949
vn 0.0524 0.1094 0.9926
vn -0.2481 0.1005 0.9635
vn -0.2853 0.1196 0.9509
vn -0.2351 0.0657 0.9697
vn -0.1225 0.0325 0.9919
vn -0.1532 0.0104 0.9881
vn -0.2354 0.0668 0.9696
vn -0.1924 0.0387 0.9806
vn -0.1520 0.0515 0.9870
vn -0.1048 0.0775 0.9915
vn -0.2080 0.0799 0.9749
vn -0.1475 0.0407 0.9882
vn -0.1384 0.0766 0.9874
vn -0.2150 0.0277 0.9762
vn -0.1686 0.0231 0.9854
vn -0.1356 -0.0047 0.9908
vn -0.2073 0.0843 0.9746
vn -0.1221 0.0721 0.9899
vn -0.1759 0.0228 0.9842
vn -0.0680 -0.0660 0.9955
vn -0.0538 -0.0740 0.9958
vn -0.1101 -0.0537 0.9925
vn -0.0956 -0.1101 0.9893
vn -0.0781 -0.0623 0.9950
vn -0.1855 -0.0048 0.9826
vn -0.1225 -0.0489 0.9913
vn -0.1690 0.0274 0.9852
vn -0.0582 -0.0680 0.9960
vn -0.1151 0.1622 0.9800
vn -0.0623 0.0285 0.9976
vn -0.1245 -0.0548 0.9907
vn -0.0369 -0.0146 0.9992
vn -0.1476 0.0027 0.9890
vn -0.4662 0.0513 0.8832
vn -0.2043 -0.0055 0.9789
vn -0.1904 0.0337 0.9811
vn -0.1226 -0.0719 0.9898
vn -0.2306 0.0420 0.9721
vn -0.0333 -0.0608 0.9976
vn -0.2038 0.0461 0.9779
vn -0.2670 0.1214 0.9560
vn -0.2210 0.0481 0.9741
vn -0.1311 0.0741 0.9886
vn 0.1385 -0.1518 0.9787
vn -0.1604 0.0694 0.9846
vn -0.1743 0.1587 0.9718
vn 0.0028 0.3514 0.9362
vn -0.1229 0.2561 0.9588
vn -0.0882 0.9823 0.1653
vn 0.0802 0.9502 0.3011
vn -0.0645 0.9039 -0.4228
vn -0.1230 0.7936 -0.5959
vn 0.2402 -0.1670 -0.9562
vn 0.3275 -0.4093 -0.8516
vn 0.3625 -0.3504 -0.8636
vn -0.8282 0.2962 0.4757
vn -0.2113 0.1042 0.9718
vn -0.1133 -0.2237 0.9680
vn -0.4044 0.0009 0.9146
vn -0.9340 -0.2161 0.2845
vn -0.7067 -0.1499 -0.6915
vn -0.7152 -0.2579 0.6495
vn -0.2616 0.3894 0.8831
vn -0.2346 0.2522 0.9388
vn -0.4646 0.0868 0.8812
vn 0.0367 -0.9161 -0.3992
vn 0.3785 -0.5718 -0.7279
vn 0.2938 -0.9528 -0.0768
vn -0.0261 0.8336 0.5517
vn -0.9167 -0.3591 0.1751
vn -0.7098 0.3545 -0.6087
vn 0.1402 0.9900 -0.0182
vn -0.2872 -0.0639 0.9557
vn 0.0360 -0.0677 -0.9971
vn -0.2980 -0.6397 0.7085
vn -0.0133 -0.9048 -0.4257
vn 0.2287 -0.8264 -0.5146
vn 0.0878 0.9923 -0.0869
vn -0.1155 -0.1172 -0.9864
vn -0.3223 -0.8153 0.4810
vn 0.3816 -0.8996 -0.2123
vn 0.3557 -0.5590 -0.7490
vn 0.0710 -0.7308 -0.6789
vn -0.4772 0.3442 0.8086
vn -0.5176 0.2266 0.8251
vn -0.2782 0.2048 0.9384
vn -0.1724 0.4115 0.8950
vn -0.3539 0.2158 0.9100
vn -0.4497 0.3301 0.8300
vn -0.2571 0.6664 0.6999
vn -0.1682 0.0263 -0.9854
vn -0.8032 -0.0701 -0.5916
vn 0.0942 -0.4199 -0.9027
vn -0.5234 -0.5092 -0.6832
vn 0.1362 0.9411 -0.3094
vn -0.0881 0.7913 0.6050
vn -0.7639 0.4657 -0.4467
vn -0.1412 0.5438 0.8272
vn -0.0863 0.4110 0.9075
vn -0.5163 0.3267 0.7916
vn -0.1615 0.8334 0.5285
vn -0.3156 0.6093 0.7274
vn 0.1883 0.8086 0.5575
vn -0.5030 -0.4220 0.7542
vn -0.1501 0.8397 0.5219
vn -0.1597 0.9046 0.3952
vn -0.0304 0.8955 0.4440
vn -0.1019 0.7433 0.6612
vn -0.3353 -0.0017 0.9421
vn -0.2239 -0.0078 0.9746
vn -0.2205 0.0292 0.9749
vn -0.6033 -0.1305 0.7868
vn -0.5088 -0.0515 0.8594
vn -0.6094 0.0727 0.7895
vn -0.2152 0.1393 0.9666
vn -0.2279 0.0742 0.9708
vn -0.1950 0.0835 0.9773
vn -0.6077 0.1828 0.7729
vn -0.4527 0.1761 0.8741
vn -0.5550 0.2005 0.8074
vn -0.5165 0.1065 0.8497
vn -0.4464 0.1712 0.8783
vn -0.3699 -0.0041 0.9291
vn -0.5084 0.2308 0.8296
vn -0.1423 0.2235 0.9643
vn -0.4169 0.4411 0.7947
vn -0.2774 0.0882 0.9567
vn -0.3943 -0.2804 0.8751
vn -0.3514 -0.0310 0.9357
vn -0.5628 0.1542 0.8121
vn -0.4404 0.0778 0.8944
vn -0.6412 0.1671 0.7489
vn -0.6785 0.1747 0.7135
vn -0.6990 0.1715 0.6942
vn -0.2377 0.1783 0.9548
vn -0.1965 0.0806 0.9772
vn -0.2172 0.1664 0.9618
vn -0.6720 0.0765 0.7366
vn -0.3776 0.0939 0.9212
vn -0.4392 0.2577 0.8606
vn -0.3155 0.0590 0.9471
vn -0.1756 0.0956 0.9798
vn -0.2775 0.0100 0.9607
vn -0.6186 0.1303 0.7748
vn -0.1529 0.1406 0.9782
vn -0.2311 0.0179 0.9728
vn -0.2157 0.0418 0.9756
vn -0.2005 0.0107 0.9796
vn -0.2256 0.0138 0.9741
vn -0.2580 -0.0038 0.9661
vn -0.2990 -0.0435 0.9533
vn -0.1945 0.1499 0.9694
vn -0.3002 0.0327 0.9533
vn -0.7220 0.1693 0.6709
vn -0.3426 0.1693 0.9241
vn -0.2613 0.1148 0.9584
vn -0.3091 0.1677 0.9361
vn -0.5241 -0.3387 0.7814
vn -0.2818 -0.0313 0.9589
vn -0.1783 0.1101 0.9778
vn -0.2301 0.1931 0.9538
vn -0.2032 0.1441 0.9685
vn -0.4031 0.2035 0.8922
vn -0.8686 0.3272 0.3721
vn -0.6774 0.5428 0.4965
vn -0.2718 -0.0417 0.9615
vn -0.6611 0.0692 0.7471
vn -0.2841 0.2057 0.9365
vn -0.2193 0.2744 0.9363
vn -0.6227 0.1388 0.7701
vn -0.7513 0.1776 0.6356
vn -0.1718 0.1718 0.9700
vn -0.1983 -0.0774 0.9771
vn -0.2218 0.1513 0.9633
vn 0.2196 0.0407 0.9747
vn 0.2883 0.0749 0.9546
vn 0.2240 0.0598 0.9728
vn 0.5295 0.1591 0.8333
vn 0.5705 0.1868 0.7998
vn 0.5485 0.1632 0.8200
vn 0.1525 0.0503 0.9870
vn 0.1464 0.0179 0.9891
vn 0.1899 0.0201 0.9816
vn 0.1946 0.0581 0.9792
vn 0.2047 0.0247 0.9785
vn 0.2182 0.0371 0.9752
vn 0.2532 0.0433 0.9664
vn 0.3346 0.0863 0.9384
vn 0.1940 0.0334 0.9804
vn 0.3672 0.0974 0.9250
vn 0.3465 0.0940 0.9333
vn 0.1873 0.0051 0.9823
vn 0.1275 -0.0412 0.9910
vn 0.3941 0.0956 0.9141
vn 0.4352 0.1324 0.8906
vn 0.3636 0.0709 0.9289
vn 0.1813 -0.1626 0.9699
vn 0.1790 -0.0618 0.9819
vn 0.3472 0.0802 0.9344
vn 0.3589 0.0685 0.9309
vn 0.1376 -0.0174 0.9903
vn 0.3344 0.1312 0.9332
vn 0.1583 0.0097 0.9873
vn 0.1372 0.0814 0.9872
vn 0.1920 0.0625 0.9794
vn 0.4048 0.1294 0.9052
vn 0.4975 0.1875 0.8470
vn 0.4803 0.1435 0.8653
vn 0.3645 0.1021 0.9256
vn 0.4561 0.0653 0.8875
vn 0.4590 0.1145 0.8810
vn 0.1475 0.0499 0.9878
vn 0.1441 0.0741 0.9868
vn 0.1591 0.0736 0.9845
vn 0.4557 0.1438 0.8784
vn 0.0070 0.1454 0.9893
vn 0.3806 0.0880 0.9205
vn 0.2772 0.0783 0.9576
vn 0.3572 0.0752 0.9310
vn 0.5968 0.1458 0.7890
vn 0.5704 0.1860 0.8001
vn 0.1252 -0.1224 0.9846
vn 0.5519 0.1348 0.8229
vn 0.4799 0.0528 0.8757
vn 0.5006 0.0959 0.8603
vn 0.1581 0.0433 0.9865
vn 0.2318 0.0547 0.9712
vn 0.2440 0.0765 0.9668
vn 0.2753 0.0550 0.9598
vn 0.1446 0.0260 0.9891
vn 0.1084 0.5132 0.8514
vn 0.0853 0.0257 0.9960
vn 0.1141 -0.0312 0.9930
vn 0.7943 -0.2577 -0.5501
vn 0.8429 -0.2243 -0.4891
vn 0.8171 -0.2829 -0.5023
vn 0.6738 -0.3307 -0.6608
vn 0.7050 -0.2967 -0.6442
vn 0.7645 -0.3003 -0.5705
vn 0.9023 -0.1657 -0.3980
vn 0.8826 -0.1489 -0.4460
vn 0.9173 -0.1376 -0.3737
vn 0.8490 -0.1982 -0.4898
vn 0.8577 0.2000 -0.4737
vn 0.7223 -0.1135 -0.6821
vn 0.6003 -0.2756 -0.7508
vn 0.7923 0.6091 -0.0362
vn 0.6941 0.7173 -0.0606
vn 0.5064 0.7130 0.4850
vn 0.0906 -0.9941 0.0592
vn 0.0604 -0.9834 -0.1710
vn 0.1526 -0.9846 -0.0849
vn 0.9225 -0.0744 -0.3786
vn 0.4140 -0.7899 -0.4524
vn 0.6697 -0.5504 -0.4987
vn 0.5802 -0.6682 -0.4657
vn 0.7548 -0.4267 -0.4981
vn 0.4971 0.3383 -0.7991
vn 0.4879 -0.8614 0.1411
vn 0.0863 -0.9930 0.0803
vn 0.2944 -0.9282 0.2277
vn 0.8301 -0.1925 -0.5234
vn 0.8126 -0.2401 -0.5311
vn 0.8927 -0.0888 -0.4419
vn 0.7588 -0.2584 -0.5979
vn 0.4965 -0.5295 -0.6878
vn 0.5816 0.0937 -0.8081
vn 0.9389 -0.1162 0.3240
vn 0.8705 -0.4013 -0.2851
vn 0.6745 -0.6827 0.2810
vn 0.5572 -0.6698 -0.4908
vn 0.2061 -0.9716 -0.1160
vn 0.4830 -0.8281 0.2845
vn -0.1842 -0.9828 -0.0122
vn -0.1021 -0.9847 0.1414
vn 0.3380 0.9411 0.0104
vn -0.3446 -0.9357 -0.0758
vn -0.0345 -0.9991 -0.0238
vn 0.8486 -0.0818 -0.5226
vn 0.6295 -0.3739 -0.6811
vn 0.6383 -0.7029 -0.3139
vn 0.4788 0.8288 -0.2895
vn 0.9463 0.3217 0.0304
vn 0.4365 -0.5337 -0.7244
vn 0.4792 -0.4657 -0.7440
vn 0.9423 0.3347 -0.0033
vn 0.6179 -0.0683 -0.7833
vn 0.3819 -0.5283 -0.7583
vn 0.5234 -0.4781 -0.7053
vn 0.6329 -0.4315 -0.6428
vn 0.8407 -0.1816 -0.5101
vn 0.8327 -0.1853 -0.5219
vn 0.6277 -0.3787 -0.6801
vn 0.0345 0.9991 -0.0240
vn 0.2580 0.9660 0.0186
vn 0.1695 0.9719 0.1631
vn 0.7564 -0.2726 -0.5946
vn 0.3280 -0.9426 -0.0625
vn 0.4588 -0.6885 -0.5617
vn 0.4827 0.3160 -0.8168
vn 0.1740 0.8592 0.4812
vn 0.6932 -0.3965 -0.6018
vn 0.9408 -0.1788 -0.2879
vn 0.8780 -0.2305 -0.4194
vn 0.6737 0.7355 0.0718
vn 0.3801 0.9041 -0.1951
vn 0.8746 -0.2587 -0.4102
vn 0.8834 -0.2545 -0.3936
vn 0.6854 -0.5806 -0.4395
vn 0.2628 0.9606 -0.0903
vn 0.1410 0.9900 -0.0108
vn 0.2954 0.7917 0.5348
vn 0.8416 -0.3345 -0.4241
vn 0.4752 -0.4885 -0.7318
vn 0.0511 -0.9981 0.0333
vn 0.6389 -0.7649 -0.0825
vn -0.2466 -0.9577 -0.1483
vn -0.3169 -0.5224 -0.7917
vn -0.2954 -0.6287 -0.7194
vn -0.2220 -0.7017 -0.6770
vn -0.2633 -0.0390 -0.9639
vn -0.3689 -0.0395 -0.9286
vn -0.4429 0.2009 -0.8738
vn -0.3276 -0.4333 -0.8396
vn -0.4147 -0.1062 -0.9037
vn -0.4578 -0.0744 -0.8859
vn -0.3260 -0.1385 -0.9352
vn -0.2588 0.0634 -0.9639
vn -0.2724 0.0301 -0.9617
vn -0.2607 0.0785 -0.9622
vn -0.2982 -0.0819 -0.9510
vn -0.2502 0.1140 -0.9615
vn -0.2213 -0.0486 -0.9740
vn -0.3669 -0.3522 -0.8610
vn -0.2008 0.1534 -0.9675
vn -0.0242 -0.0229 -0.9994
vn 0.0281 0.0227 -0.9993
vn 0.0426 -0.1206 -0.9918
vn -0.0251 0.1244 -0.9919
vn -0.1450 -0.1041 -0.9839
vn -0.1184 0.0499 -0.9917
vn 0.1438 0.0031 -0.9896
vn 0.1371 -0.0706 -0.9880
vn 0.1113 -0.0060 -0.9938
vn 0.1276 -0.0254 -0.9915
vn 0.0158 -0.1062 -0.9942
vn -0.0722 -0.0457 -0.9963
vn 0.0831 0.0104 -0.9965
vn 0.0570 0.0854 -0.9947
vn -0.3182 -0.1882 -0.9292
vn -0.2113 -0.1154 -0.9706
vn -0.1652 -0.1281 -0.9779
vn 0.1366 0.1433 -0.9802
vn 0.1242 -0.0096 -0.9922
vn 0.1386 -0.0096 -0.9903
vn -0.3444 -0.1843 -0.9206
vn -0.3707 -0.1056 -0.9227
vn -0.0328 0.1624 -0.9862
vn 0.1488 0.1685 -0.9744
vn -0.0494 0.1292 -0.9904
vn -0.1237 0.1985 -0.9723
vn -0.1878 -0.0322 -0.9817
vn -0.3028 -0.2463 -0.9207
vn -0.1883 -0.2595 -0.9472
vn -0.2559 0.0584 -0.9649
vn 0.1004 0.0849 -0.9913
vn -0.0828 0.0535 -0.9951
vn -0.1540 -0.0757 -0.9852
vn -0.3773 -0.2441 -0.8933
vn -0.4747 -0.3521 -0.8067
vn -0.2204 -0.0098 -0.9754
vn -0.1001 0.2453 -0.9643
vn -0.1548 -0.0145 -0.9878
vn -0.4595 -0.2613 -0.8489
vn -0.2563 0.1024 -0.9612
vn 0.0939 0.1901 -0.9773
vn -0.2482 -0.1105 -0.9624
vn -0.2076 -0.1002 -0.9731
vn -0.2527 -0.6525 -0.7144
vn -0.0903 -0.0820 -0.9925
vn -0.0884 -0.1479 -0.9850
vn -0.0827 0.0091 -0.9965
vn 0.0169 0.0406 -0.9990
vn 0.0411 0.3287 -0.9435
vn -0.2457 -0.0584 -0.9676
vn -0.1598 -0.1140 -0.9805
vn -0.4050 -0.4912 -0.7712
vn 0.1970 0.0012 -0.9804
vn 0.0603 -0.3933 0.9174
vn -0.0694 -0.4178 0.9059
vn 0.1267 -0.4276 0.8950
vn 0.5176 -0.8086 0.2797
vn 0.7517 -0.5811 0.3118
vn 0.6096 -0.7487 0.2604
vn 0.2611 -0.3750 0.8895
vn 0.1092 -0.5013 0.8584
vn 0.1521 -0.3793 0.9127
vn -0.1536 -0.5736 0.8046
vn -0.2742 -0.3443 0.8979
vn 0.2170 -0.4773 0.8515
vn 0.2730 -0.5725 0.7731
vn 0.1807 -0.6090 0.7723
vn 0.0901 -0.5582 0.8248
vn 0.1729 -0.4665 0.8674
vn 0.2099 -0.4589 0.8634
vn 0.9706 -0.2260 0.0831
vn 0.8483 -0.2629 0.4596
vn 0.1599 -0.2740 0.9483
vn 0.0683 -0.3968 0.9154
vn 0.2004 -0.2452 0.9485
vn 0.2253 -0.4104 0.8836
vn 0.1209 -0.3671 0.9223
vn 0.1973 -0.2811 0.9392
vn 0.3185 -0.2980 0.8999
vn 0.3122 -0.2284 0.9221
vn 0.2661 -0.0407 0.9631
vn 0.2438 -0.0410 0.9690
vn 0.3328 -0.0559 0.9413
vn 0.1159 -0.5104 0.8521
vn -0.0476 -0.3756 0.9256
vn 0.4507 -0.3506 0.8209
vn -0.0976 -0.6481 0.7553
vn 0.0436 -0.4679 0.8827
vn 0.1366 -0.6533 0.7447
vn -0.0525 -0.5704 0.8197
vn 0.0232 -0.4437 0.8959
vn 0.0270 -0.8502 0.5258
vn 0.0121 -0.6674 0.7446
vn 0.0853 -0.3964 0.9141
vn 0.1067 -0.4380 0.8926
vn 0.0086 -0.6013 0.7990
vn 0.1192 -0.0197 0.9927
vn 0.2485 0.0480 0.9674
vn 0.1203 0.0208 0.9925
vn -0.8713 -0.3874 0.3012
vn -0.3272 -0.7760 0.5392
vn -0.7212 -0.5994 0.3472
vn 0.9956 -0.0111 0.0930
vn -0.3362 -0.8790 0.3381
vn 0.2033 -0.1125 0.9726
vn 0.3005 -0.0654 0.9515
vn 0.2566 -0.0651 0.9643
vn 0.2205 -0.1636 0.9616
vn -0.5046 -0.5053 0.7000
vn 0.7393 -0.4456 0.5049
vn 0.2701 0.3153 0.9097
vn 0.7479 0.3756 0.5473
vn 0.1329 0.0200 0.9909
vn 0.9839 0.0445 0.1732
vn 0.9757 0.1622 -0.1475
vn 0.2663 -0.0049 0.9639
vn 0.3432 -0.1563 0.9262
vn 0.1059 -0.5409 0.8344
vn 0.0820 -0.5763 0.8131
vn 0.1559 -0.5889 0.7930
vn -0.0416 -0.4758 0.8786
vn 0.8086 0.1208 0.5758
vn 0.9542 0.2911 -0.0688
vn 0.1075 -0.4372 0.8929
vn 0.1710 -0.6264 0.7605
vn 0.3802 -0.6139 0.6918
vn 0.1912 0.1051 0.9759
vn 0.0239 -0.6633 0.7479
vn 0.0719 0.0571 0.9958
vn 0.1984 -0.9368 0.2880
vn -0.8822 -0.1853 0.4329
vn -0.4186 -0.1523 0.8953
vn 0.2201 -0.7915 0.5701
vn 0.3019 0.1624 -0.9394
vn 0.2978 0.1559 -0.9418
vn 0.3327 0.2067 -0.9201
vn 0.3800 0.1355 -0.9150
vn 0.3319 0.1262 -0.9348
vn 0.3083 0.1092 -0.9450
vn 0.2269 0.1192 -0.9666
vn 0.1331 0.1518 -0.9794
vn 0.2145 -0.0330 -0.9762
vn 0.1871 0.0105 -0.9823
vn 0.2066 -0.0134 -0.9783
vn 0.1727 0.0548 -0.9835
vn 0.2639 0.0288 -0.9641
vn 0.3513 0.0506 -0.9349
vn 0.3128 0.0376 -0.9491
vn 0.1925 0.1352 -0.9719
vn 0.2918 0.1236 -0.9485
vn 0.1309 0.1391 -0.9816
vn 0.3199 0.1608 -0.9337
vn 0.3290 0.1765 -0.9277
vn 0.2592 0.0127 -0.9657
vn 0.2903 0.1719 -0.9414
vn 0.2720 0.2145 -0.9381
vn 0.1526 0.1240 -0.9805
vn 0.2542 0.1959 -0.9471
vn 0.2525 0.1169 -0.9605
vn 0.2623 0.1923 -0.9456
vn 0.2375 -0.0021 -0.9714
vn 0.2438 0.0032 -0.9698
vn 0.1834 0.0581 -0.9813
vn 0.3304 0.0543 -0.9423
vn 0.3036 0.0068 -0.9528
vn 0.3569 -0.0361 -0.9334
vn 0.3121 0.1762 -0.9336
vn 0.1600 0.0799 -0.9839
vn 0.3421 0.1591 -0.9261
vn 0.2788 0.0563 -0.9587
vn 0.2403 -0.0478 -0.9695
vn 0.2751 0.3399 -0.8993
vn 0.2734 0.1433 -0.9512
vn 0.1965 0.1872 -0.9625
vn 0.2521 0.1874 -0.9494
vn 0.3452 0.0646 -0.9363
vn 0.3696 -0.0928 -0.9246
vn 0.3683 0.0235 -0.9294
vn 0.3355 -0.0434 -0.9410
vn 0.3159 0.0059 -0.9488
vn 0.3099 0.0623 -0.9487
vn 0.2247 -0.1001 -0.9693
vn 0.2419 -0.0203 -0.9701
vn 0.2205 0.0018 -0.9754
vn 0.1838 0.0386 -0.9822
vn 0.4225 0.1928 -0.8856
vn 0.2323 0.1181 -0.9654
vn 0.3130 0.4400 -0.8417
vn 0.2811 0.1531 -0.9474
vn 0.2830 0.0387 -0.9583
vn 0.3820 0.0106 -0.9241
vn 0.1547 0.0588 -0.9862
vn 0.3292 0.0655 -0.9420
vn 0.3155 0.2061 -0.9263
vn 0.1956 0.0966 -0.9759
vn 0.2582 -0.0142 -0.9660
vn 0.1847 0.2066 -0.9608
vn 0.6543 0.0591 0.7539
vn 0.6708 0.1081 0.7337
vn 0.6596 0.1263 0.7409
vn 0.6866 0.1352 0.7143
vn 0.1811 -0.3926 0.9017
vn 0.1566 -0.3771 0.9129
vn 0.3332 -0.3493 0.8758
vn 0.5549 0.0815 0.8279
vn 0.5796 0.1032 0.8083
vn 0.6087 0.1330 0.7822
vn 0.7806 -0.2144 0.5871
vn 0.7351 -0.2756 0.6194
vn 0.7776 -0.3088 0.5477
vn 0.3542 -0.3087 0.8828
vn 0.4379 -0.3238 0.8387
vn 0.4939 -0.2470 0.8337
vn 0.4054 -0.2758 0.8715
vn 0.4140 0.1498 0.8979
vn 0.3645 0.0729 0.9284
vn 0.4754 0.0360 0.8790
vn 0.5131 -0.2931 0.8067
vn 0.5855 -0.2862 0.7585
vn 0.6497 -0.3632 0.6678
vn 0.6710 -0.3039 0.6764
vn 0.5496 0.0352 0.8347
vn 0.3881 0.0221 0.9214
vn 0.4319 -0.1072 0.8955
vn 0.3673 -0.0026 0.9301
vn 0.6285 0.0198 0.7776
vn 0.7139 0.0002 0.7003
vn 0.4745 0.0747 0.8771
vn 0.4486 0.0854 0.8896
vn 0.8188 -0.1343 0.5581
vn 0.7760 -0.0840 0.6251
vn 0.7513 -0.1562 0.6412
vn 0.8765 -0.1013 0.4706
vn 0.8555 -0.0680 0.5133
vn 0.7938 -0.0429 0.6067
vn 0.7480 0.0714 0.6598
vn 0.4342 -0.0370 0.9000
vn 0.3045 -0.0380 0.9518
vn 0.3238 -0.0487 0.9449
vn 0.6318 -0.1520 0.7600
vn 0.7778 0.0127 0.6284
vn 0.6768 -0.2480 0.6932
vn 0.2138 0.0582 0.9752
vn 0.2600 0.0078 0.9656
vn 0.6175 -0.0543 0.7847
vn 0.7740 -0.1399 0.6175
vn 0.4939 -0.0586 0.8676
vn 0.3501 -0.1450 0.9254
vn 0.5910 -0.1075 0.7995
vn 0.4825 -0.1933 0.8543
vn 0.3442 -0.0386 0.9381
vn 0.3991 -0.2255 0.8887
vn 0.3543 -0.2232 0.9081
vn 0.3184 -0.2860 0.9038
vn 0.5071 -0.1997 0.8384
vn 0.7410 0.0247 0.6710
vn 0.8783 -0.0479 0.4758
vn 0.4124 -0.4416 0.7968
vn 0.9091 -0.3470 -0.2306
vn 0.8200 -0.5077 -0.2644
vn 0.8616 -0.3118 -0.4006
vn 0.7360 -0.4439 0.5110
vn 0.5898 -0.6677 0.4542
vn 0.7186 -0.6448 0.2603
vn 0.5560 -0.6645 0.4993
vn 0.5336 -0.8026 0.2665
vn 0.3387 -0.8957 0.2879
vn 0.9201 -0.1365 -0.3671
vn 0.9444 -0.1316 -0.3012
vn 0.9049 -0.1622 -0.3935
vn 0.8358 -0.5362 0.1178
vn 0.9505 -0.2691 0.1552
vn 0.8618 -0.4315 0.2667
vn 0.6949 -0.7137 0.0884
vn 0.5916 -0.7950 0.1343
vn 0.4105 -0.9024 0.1308
vn 0.3409 -0.8774 0.3375
vn 0.2802 -0.9410 0.1895
vn 0.2795 -0.9479 0.1529
vn 0.9738 -0.1989 0.1102
vn 0.9680 -0.2282 0.1042
vn 0.9562 -0.2664 0.1216
vn 0.8824 -0.4680 0.0481
vn 0.9520 -0.2840 -0.1144
vn 0.2430 -0.5546 0.7958
vn 0.6589 -0.7502 0.0559
vn 0.4190 -0.9066 0.0502
vn 0.6665 -0.7306 -0.1483
vn 0.4184 -0.8539 0.3096
vn 0.8127 -0.4001 0.4237
vn 0.7865 -0.3530 0.5068
vn 0.6054 -0.5775 0.5478
vn 0.5828 -0.5152 0.6284
vn 0.9693 -0.2081 -0.1308
vn 0.9248 -0.2466 -0.2898
vn 0.9403 -0.1849 -0.2857
vn 0.6393 -0.5116 0.5741
vn 0.9170 -0.0481 0.3959
vn 0.8787 -0.0434 0.4753
vn 0.8666 -0.0503 0.4964
vn 0.7313 -0.6074 -0.3104
vn 0.4985 -0.8590 -0.1168
vn 0.6504 -0.7018 -0.2906
vn 0.8418 -0.5242 -0.1289
vn 0.8888 -0.2527 -0.3824
vn 0.8631 -0.2724 -0.4254
vn 0.9689 -0.1824 0.1673
vn 0.9213 -0.1324 0.3657
vn 0.9705 -0.1832 0.1565
vn 0.9417 -0.1317 0.3097
vn 0.9021 -0.1111 0.4171
vn 0.9025 -0.2315 0.3632
vn 0.8654 -0.2221 0.4491
vn 0.8609 -0.2722 -0.4298
vn 0.4607 -0.8868 -0.0368
vn 0.3860 -0.9123 0.1368
vn 0.6377 -0.7617 -0.1144
vn 0.9207 -0.3881 0.0406
vn 0.7759 -0.0911 0.6242
vn 0.2960 -0.9479 0.1173
vn 0.8357 -0.5477 0.0410
vn 0.9670 -0.2070 0.1486
vn 0.9757 -0.1930 0.1036
vn 0.8906 -0.2203 -0.3980
vn 0.9519 -0.3011 -0.0564
vn 0.1946 -0.9772 0.0844
vn 0.1134 -0.9914 0.0647
vn 0.9581 -0.1577 -0.2389
vn 0.9747 -0.1731 -0.1413
vn 0.9723 -0.1213 -0.1996
vn 0.9755 -0.0630 -0.2109
vn 0.9743 -0.2191 -0.0529
vn 0.9880 -0.1401 0.0645
vn 0.1805 -0.9312 0.3168
vn 0.2339 -0.9374 0.2580
vn 0.7605 -0.2027 0.6169
vn 0.9660 -0.2567 0.0323
vn 0.7138 -0.4482 0.5381
vn 0.0968 -0.4868 0.8681
vn 0.4926 -0.0957 0.8650
vn 0.4454 -0.0975 0.8900
vn 0.7371 0.3674 0.5672
vn 0.8123 0.2336 0.5344
vn 0.8080 0.3504 0.4737
vn 0.8895 0.3842 0.2473
vn 0.5247 -0.2269 0.8205
vn 0.9937 0.0612 0.0936
vn 0.9608 0.2139 0.1765
vn 0.9633 0.2184 0.1559
vn 0.9707 0.1901 0.1470
vn 0.7217 0.2595 0.6417
vn 0.7403 0.2636 0.6185
vn 0.7746 0.2104 0.5964
vn 0.9049 0.4038 -0.1341
vn 0.3070 0.4996 0.8101
vn 0.1610 0.1543 0.9748
vn 0.8832 0.3605 0.3001
vn 0.2802 0.4482 0.8489
vn 0.8344 0.1388 0.5335
vn 0.7843 0.1699 0.5966
vn 0.8042 0.1930 0.5622
vn 0.8792 0.1618 0.4482
vn 0.9343 0.1111 0.3387
vn 0.8510 -0.1081 0.5139
vn 0.9293 0.1706 0.3277
vn 0.8859 0.3667 -0.2842
vn 0.9470 0.0217 0.3205
vn 0.9685 0.2221 0.1129
vn 0.9112 0.3993 -0.1014
vn 0.9193 0.3924 0.0298
vn 0.7728 0.3417 0.5348
vn 0.8806 0.3427 0.3272
vn 0.7775 0.2697 0.5681
vn 0.7012 0.2749 0.6579
vn 0.9704 0.1310 0.2028
vn 0.9708 0.1831 0.1547
vn 0.8846 0.0917 0.4573
vn 0.8762 0.0969 0.4722
vn 0.9210 0.3794 0.0880
vn 0.9673 0.2499 -0.0426
vn 0.9752 0.1756 0.1346
vn 0.6518 0.3584 0.6684
vn 0.7374 0.3799 0.5585
vn 0.8790 0.1273 0.4596
vn 0.9513 -0.0449 0.3048
vn 0.9692 0.0632 0.2381
vn 0.9802 0.1956 0.0295
vn -0.2594 0.0711 0.9631
vn 0.0060 0.4167 0.9090
vn 0.9419 0.3354 -0.0163
vn 0.2210 0.0852 0.9715
vn 0.2370 0.3316 0.9132
vn 0.7622 -0.2214 0.6083
vn 0.3008 -0.3735 0.8775
vn 0.7926 0.1960 0.5774
vn 0.6600 0.1018 0.7444
vn 0.8213 0.0217 0.5701
vn 0.8944 0.4415 -0.0722
vn 0.7592 -0.4494 0.4708
vn 0.5158 -0.5537 0.6538
vn 0.3021 -0.4887 0.8185
vn 0.7229 -0.6388 0.2633
vn -0.2360 -0.1129 0.9652
vn 0.7130 0.2912 0.6379
vn 0.8256 0.2573 0.5022
vn 0.7389 0.2620 0.6208
vn 0.7155 0.1999 0.6694
vn 0.7374 0.2119 0.6413
vn 0.9549 0.2882 -0.0715
vn 0.2425 0.2200 0.9449
vn 0.7689 0.1986 0.6077
vn 0.8151 0.2209 0.5356
vn 0.7410 0.2518 0.6225
vn 0.7468 0.2341 0.6225
vn 0.8179 0.2688 0.5086
vn 0.7949 0.2559 0.5502
vn -0.1148 0.8431 0.5253
vn -0.1204 0.8416 0.5265
vn -0.1432 0.6928 0.7067
vn -0.1747 0.9451 0.2763
vn -0.0934 0.9038 0.4176
vn -0.1980 0.9126 0.3577
vn -0.0057 0.8858 0.4640
vn 0.0135 0.9249 0.3799
vn 0.0978 0.8767 0.4710
vn -0.3177 0.4308 0.8447
vn -0.1565 0.5803 0.7992
vn 0.1044 0.6684 0.7364
vn -0.1354 0.9756 0.1730
vn -0.0709 0.9638 0.2571
vn -0.6192 0.7541 0.2190
vn -0.0581 0.6070 0.7926
vn 0.1983 0.7379 0.6451
vn 0.0426 0.8486 0.5273
vn -0.0429 0.8252 0.5632
vn -0.5014 0.6161 0.6075
vn 0.0764 0.9447 0.3188
vn 0.0575 0.8802 0.4711
vn 0.0170 0.8654 0.5008
vn -0.1002 0.8164 0.5687
vn -0.0840 0.8858 0.4565
vn -0.0753 0.7272 0.6823
vn -0.1003 0.6614 0.7433
vn -0.1709 0.6639 0.7280
vn -0.0213 0.6830 0.7301
vn 0.2848 0.6079 0.7411
vn -0.0175 0.7484 0.6630
vn 0.0261 0.7944 0.6068
vn 0.0247 0.8532 0.5210
vn 0.0212 0.7552 0.6551
vn -0.4516 0.5451 0.7063
vn -0.2020 0.5663 0.7990
vn -0.2033 0.4779 0.8546
vn -0.1176 0.9844 0.1309
vn 0.0206 0.8458 0.5331
vn -0.3075 0.6382 0.7058
vn -0.3688 0.6881 0.6249
vn 0.2283 0.7920 0.5662
vn -0.0353 0.7309 0.6815
vn -0.1766 0.8745 0.4517
vn -0.0996 0.8258 0.5551
vn -0.1208 0.8088 0.5755
vn -0.2681 0.8374 0.4763
vn 0.6748 -0.1051 0.7305
vn -0.1942 0.5305 0.8251
vn -0.0351 0.8477 0.5294
vn -0.1198 0.8641 0.4889
vn -0.0497 0.8946 0.4442
vn 0.0541 0.7266 0.6849
vn -0.3348 0.7040 0.6263
vn -0.2251 0.7408 0.6329
vn 0.0351 0.8402 0.5412
vn 0.0360 0.8475 0.5296
vn 0.0887 0.8457 0.5262
vn -0.0593 0.8265 0.5598
vn -0.1731 0.8705 0.4608
vn 0.0515 0.9804 0.1904
vn -0.0332 0.9897 0.1395
vn 0.0870 0.8602 0.5024
vn 0.0038 0.8866 0.4625
vn -0.2688 0.7965 0.5416
vn -0.2580 0.8407 0.4761
vn -0.6169 0.3255 0.7166
vn 0.0149 0.9618 0.2733
vn -0.1935 0.8310 0.5216
vn 0.4679 0.6595 0.5884
vn 0.0413 0.8915 0.4511
vn 0.3212 0.7287 0.6049
vn -0.0676 0.8003 0.5958
vn -0.1881 0.7501 0.6340
vn -0.2952 0.7990 0.5238
vn -0.1711 0.9240 0.3420
vn -0.2662 0.8598 0.4357
vn 0.0795 0.9926 0.0915
vn 0.2635 0.8745 0.4073
vn 0.0842 0.9913 0.1011
vn -0.4513 0.4516 0.7697
vn -0.0844 0.9915 -0.0992
vn -0.0604 0.9973 0.0421
vn -0.4841 0.8574 0.1749
vn -0.4195 0.8932 -0.1621
vn -0.2806 0.8782 0.3874
vn -0.3984 0.8391 -0.3703
vn -0.6385 0.7657 0.0780
vn 0.3460 0.9376 -0.0354
vn 0.1610 0.6462 -0.7460
vn -0.1420 0.6357 0.7588
vn -0.4179 0.6018 0.6806
vn 0.0541 0.6231 0.7802
vn 0.2025 0.7716 0.6030
vn -0.5346 0.3067 0.7875
vn -0.3001 0.2959 0.9069
vn -0.2155 0.5328 0.8183
vn -0.7097 0.4372 -0.5524
vn -0.2642 0.4255 -0.8655
vn -0.1120 0.1709 0.9789
vn -0.1913 0.1857 0.9638
vn -0.0084 0.2015 0.9795
vn -0.7693 0.5959 -0.2305
vn -0.6563 0.7384 -0.1548
vn -0.9319 0.3623 -0.0161
vn -0.4293 0.9016 0.0528
vn -0.3519 0.8146 -0.4610
vn -0.5542 0.7820 -0.2852
vn -0.6004 0.3922 -0.6969
vn -0.3803 0.5457 -0.7467
vn -0.1754 0.5338 -0.8272
vn 0.0727 0.3208 -0.9444
vn -0.4557 0.3058 -0.8359
vn -0.4644 0.2534 -0.8486
vn -0.4726 0.3851 -0.7927
vn -0.7331 0.5073 0.4531
vn -0.8541 0.4481 -0.2639
vn -0.9413 0.3367 -0.0243
vn 0.0878 0.7490 -0.6567
vn 0.0965 0.9848 -0.1442
vn 0.5688 0.8143 -0.1157
vn 0.0645 0.9774 0.2012
vn 0.1578 0.9457 -0.2841
vn 0.0496 0.8893 -0.4547
vn 0.4430 0.5567 0.7027
vn 0.7463 0.5243 0.4100
vn 0.4788 0.7389 0.4741
vn 0.1081 0.9862 0.1250
vn -0.1281 0.9666 0.2221
vn 0.8819 0.4332 -0.1861
vn 0.7254 0.3652 -0.5834
vn 0.1391 0.6705 -0.7288
vn 0.0100 0.4830 -0.8755
vn 0.0330 0.5692 -0.8215
vn -0.4065 0.4851 0.7743
vn -0.1710 0.3261 0.9297
vn -0.1469 0.3715 0.9168
vn 0.0068 0.3270 0.9450
vn -0.0361 0.5094 0.8598
vn -0.7435 0.2827 0.6060
vn -0.7071 0.6187 0.3423
vn -0.6427 0.3303 0.6913
vn -0.3187 0.7336 -0.6002
vn -0.1456 0.5447 -0.8259
vn 0.0975 0.4281 -0.8984
vn 0.1447 -0.1548 0.9773
vn -0.0302 0.3762 -0.9260
vn 0.0412 0.3517 -0.9352
vn 0.1943 0.7729 0.6040
vn -0.1332 0.3542 -0.9256
vn -0.0574 0.5917 0.8041
vn 0.0376 0.8965 0.4414
vn -0.0290 0.8963 0.4425
vn 0.0696 0.8090 0.5837
vn -0.0857 0.6883 0.7203
vn -0.0028 0.3873 0.9219
vn 0.1222 0.6975 0.7061
vn 0.2329 0.6738 0.7012
vn 0.0760 0.6791 0.7301
vn 0.1369 0.6570 0.7414
vn 0.0469 0.1146 0.9923
vn 0.0300 0.9533 0.3006
vn 0.0418 0.9763 0.2126
vn 0.4458 0.4385 0.7804
vn 0.0620 0.1326 0.9892
vn -0.0541 0.8786 0.4746
vn -0.1149 0.0268 0.9930
vn -0.0797 0.0164 0.9967
vn -0.0545 -0.0425 0.9976
vn -0.0598 0.0944 0.9937
vn -0.0359 0.0559 0.9978
vn -0.0226 0.0385 0.9990
vn 0.0036 -0.0256 0.9997
vn -0.0344 0.0665 0.9972
vn 0.0161 0.0877 0.9960
vn 0.0969 0.0327 0.9948
vn 0.1701 0.0772 0.9824
vn 0.1028 -0.0166 0.9946
vn 0.1072 0.0026 0.9942
vn -0.0376 0.0913 0.9951
vn 0.0694 -0.0400 0.9968
vn 0.1305 -0.0291 0.9910
vn 0.1188 -0.0523 0.9915
vn 0.1546 0.1026 0.9826
vn -0.1917 -0.1242 0.9736
vn -0.2573 -0.0444 0.9653
vn -0.0995 0.1008 0.9899
vn -0.0532 0.0316 0.9981
vn -0.4834 0.4926 0.7236
vn -0.0389 0.0967 0.9946
vn -0.6432 0.1056 0.7584
vn -0.1164 -0.0630 0.9912
vn -0.1041 -0.1675 0.9804
vn -0.0226 -0.2743 0.9614
vn -0.0027 -0.2123 0.9772
vn 0.1002 0.0996 0.9900
vn -0.1615 -0.2861 0.9445
vn 0.0165 -0.0245 0.9996
vn -0.2338 0.4392 0.8674
vn 0.1065 -0.0169 0.9942
vn 0.1319 0.0459 0.9902
vn -0.1382 -0.2094 0.9680
vn 0.0614 0.0434 0.9972
vn -0.1044 -0.1056 0.9889
vn -0.0348 -0.2633 0.9641
vn -0.0718 -0.3284 0.9418
vn 0.0451 -0.0849 0.9954
vn 0.0951 0.0789 0.9923
vn -0.0376 0.0488 0.9981
vn 0.0605 -0.1279 0.9899
vn -0.0770 -0.1807 0.9805
vn 0.0039 -0.1914 0.9815
vn -0.1767 0.0011 0.9843
vn 0.0138 -0.3221 0.9466
vn 0.0259 -0.3265 0.9449
vn -0.0289 -0.1391 0.9899
vn -0.0237 -0.0900 0.9957
vn -0.0025 -0.1008 0.9949
vn -0.0286 -0.3653 0.9304
vn -0.0795 -0.2870 0.9546
vn -0.0350 -0.3336 0.9421
vn -0.2617 -0.0840 0.9615
vn -0.1946 -0.1949 0.9613
vn -0.0212 -0.3955 0.9182
vn -0.1854 -0.0318 0.9821
vn -0.1166 -0.0684 0.9908
vn -0.1025 -0.1906 0.9763
vn 0.0780 0.0065 0.9969
vn -0.0937 -0.0950 0.9911
vn -0.1511 -0.0412 0.9877
vn 0.0351 -0.1552 0.9873
vn 0.0946 0.0644 0.9934
vn -0.0785 -0.3742 0.9240
vn -0.0898 -0.3029 0.9488
vn -0.4805 -0.4113 0.7746
vn -0.7141 0.6482 0.2644
vn -0.9236 0.3254 0.2026
vn -0.1055 0.3268 -0.9392
vn -0.0504 0.3268 -0.9437
vn -0.0841 0.3348 -0.9385
vn 0.1181 0.5363 -0.8357
vn 0.2166 0.5981 -0.7716
vn 0.2164 0.4991 -0.8391
vn 0.1518 0.7076 -0.6901
vn 0.2001 0.6556 -0.7281
vn 0.2491 0.6740 -0.6955
vn 0.1295 0.7198 -0.6820
vn 0.0652 0.6972 -0.7139
vn 0.1199 0.6741 -0.7288
vn 0.0372 0.7235 -0.6894
vn 0.0582 0.6420 -0.7645
vn -0.1079 0.3471 -0.9316
vn -0.1868 0.4019 -0.8965
vn -0.0650 0.4540 -0.8886
vn 0.2721 0.6677 -0.6930
vn 0.2066 0.6582 -0.7239
vn 0.2323 0.5249 -0.8188
vn 0.1404 0.5448 -0.8268
vn 0.1382 0.3682 -0.9194
vn 0.0663 0.3921 -0.9175
vn 0.1233 0.4521 -0.8834
vn 0.0266 0.4189 -0.9076
vn 0.2112 0.6081 -0.7653
vn 0.3308 0.5670 -0.7544
vn 0.0389 0.4911 -0.8702
vn -0.0902 0.3147 -0.9449
vn -0.0046 0.3498 -0.9368
vn -0.0076 0.2996 -0.9540
vn -0.0658 0.2859 -0.9560
vn 0.1230 0.3944 -0.9107
vn 0.1320 0.4089 -0.9030
vn 0.0841 0.3432 -0.9355
vn 0.1241 0.4420 -0.8884
vn 0.1361 0.4383 -0.8885
vn 0.2231 0.5303 -0.8179
vn 0.0159 0.3315 -0.9433
vn -0.0070 0.3049 -0.9523
vn 0.1739 0.8012 -0.5725
vn 0.0304 0.3931 -0.9190
vn 0.0755 0.4704 -0.8792
vn -0.0743 0.3536 -0.9324
vn -0.0164 0.5740 -0.8187
vn 0.0596 0.5436 -0.8373
vn -0.1330 0.4582 -0.8789
vn 0.0004 0.4870 -0.8734
vn -0.1839 0.4766 -0.8597
vn 0.7922 0.3308 -0.5128
vn -0.1470 0.4293 -0.8911
vn -0.0867 0.3113 -0.9463
vn -0.0903 0.4669 -0.8797
vn 0.1675 0.5359 -0.8275
vn 0.0959 0.7540 -0.6498
vn -0.0069 0.3326 -0.9431
vn -0.1239 0.3696 -0.9209
vn 0.1667 0.2951 -0.9408
vn 0.0665 0.2158 -0.9742
vn -0.1308 0.3207 -0.9381
vn -0.2521 0.3746 -0.8923
vn -0.0031 0.2665 -0.9638
vn 0.0440 0.2637 -0.9636
vn 0.0296 0.5139 -0.8573
vn 0.0079 0.3212 -0.9470
vn 0.2131 0.6196 -0.7554
vn 0.0430 0.4013 -0.9149
vn 0.0995 0.2362 -0.9666
vn 0.1042 0.5105 -0.8535
vn 0.1176 0.5180 -0.8472
vn 0.1152 0.2026 -0.9725
vn 0.0919 0.2674 -0.9592
vn 0.0536 0.2922 -0.9548
vn 0.2310 0.4692 -0.8523
vn 0.3193 0.7210 -0.6150
vn 0.3162 0.7007 -0.6396
vn 0.1743 0.5315 -0.8289
vn -0.0681 0.8479 0.5258
vn -0.3084 0.7424 0.5948
vn -0.2009 0.7017 0.6835
vn -0.0587 0.7608 0.6463
vn -0.1091 0.8539 0.5089
vn 0.1987 0.8012 0.5645
vn -0.0959 0.7548 0.6489
vn -0.0436 0.7669 0.6403
vn 0.1373 0.5283 0.8379
vn -0.4462 0.7599 0.4728
vn -0.4375 0.6809 0.5873
vn -0.4837 0.6701 0.5630
vn 0.0515 0.7526 0.6565
vn -0.0519 0.6555 0.7534
vn 0.2731 0.5247 0.8063
vn -0.0629 0.9089 0.4123
vn -0.0513 0.9983 -0.0281
vn -0.3672 0.5952 0.7148
vn -0.3014 0.6043 0.7375
vn -0.1397 0.6066 0.7826
vn -0.3944 0.5003 0.7708
vn -0.3234 0.5859 0.7431
vn -0.2766 0.6256 0.7295
vn -0.0780 0.8115 0.5791
vn -0.2365 0.6569 0.7159
vn -0.4682 0.6942 0.5467
vn -0.1747 0.7264 0.6647
vn -0.2745 0.6880 0.6717
vn -0.0818 0.7462 0.6607
vn -0.3793 0.8051 0.4559
vn -0.4353 0.7518 0.4954
vn -0.3744 0.7402 0.5585
vn -0.2971 0.6799 0.6705
vn -0.3676 0.7546 0.5435
vn -0.0855 0.6971 0.7118
vn -0.3758 0.7327 0.5674
vn -0.1874 0.6067 0.7725
vn -0.2964 0.6603 0.6900
vn -0.2428 0.6239 0.7428
vn -0.3944 0.6115 0.6859
vn -0.4084 0.6826 0.6060
vn -0.5407 0.6698 0.5089
vn -0.4945 0.7361 0.4622
vn -0.0659 0.7248 0.6858
vn -0.1764 0.7217 0.6694
vn 0.2041 0.7432 0.6372
vn 0.0517 0.8696 0.4910
vn -0.4758 0.5185 0.7105
vn -0.4110 0.7298 0.5464
vn -0.4135 0.7763 0.4757
vn -0.1498 0.7915 0.5926
vn -0.3905 0.7376 0.5509
vn -0.1523 0.8245 0.5449
vn -0.1796 0.8001 0.5724
vn -0.3635 0.6467 0.6706
vn -0.3639 0.6400 0.6768
vn 0.0243 0.4871 0.8730
vn -0.2215 0.6476 0.7290
vn -0.1033 0.4236 0.9000
vn -0.3135 0.7561 0.5745
vn -0.5846 0.6020 0.5440
vn -0.5411 0.7002 0.4659
vn -0.4740 0.6712 0.5699
vn -0.2158 0.8569 0.4682
vn -0.1668 0.7598 0.6284
vn -0.3147 0.6777 0.6646
vn -0.2711 0.6590 0.7016
vn -0.3070 0.6298 0.7135
vn 0.2548 0.7070 0.6597
vn -0.3314 0.7348 0.5917
vn -0.2402 0.5558 0.7959
vn -0.2519 0.6474 0.7193
vn -0.2076 0.5764 0.7904
vn -0.2588 0.5858 0.7681
vn -0.2982 0.6023 0.7405
vn -0.2586 0.6273 0.7346
vn -0.1217 0.8674 0.4825
vn -0.1254 0.8068 0.5774
vn -0.1474 0.6639 0.7331
vn -0.3497 0.6271 0.6960
vn -0.0640 0.4396 0.8959
vn -0.1984 0.5409 0.8174
vn -0.4248 0.7118 0.5594
vn -0.1453 0.5361 0.8315
vn 0.2567 0.9472 0.1920
vn 0.0216 0.9027 0.4298
vn 0.1315 0.9369 0.3239
vn 0.4600 0.8867 0.0461
vn 0.6625 0.7316 0.1609
vn 0.4917 0.8242 0.2811
vn 0.3937 0.9103 0.1275
vn 0.1825 0.9821 0.0469
vn 0.1809 0.9833 -0.0217
vn 0.4501 0.8500 0.2738
vn 0.2858 0.8507 0.4412
vn 0.2259 0.9711 0.0769
vn 0.2519 0.9540 0.1623
vn 0.1101 0.9770 -0.1826
vn 0.2635 0.9573 0.1186
vn -0.2839 0.7657 0.5772
vn -0.1246 0.7984 0.5891
vn -0.1113 0.8547 0.5070
vn 0.0596 0.9741 0.2179
vn -0.1426 0.9166 0.3736
vn 0.2764 0.9600 -0.0451
vn 0.3804 0.9172 -0.1183
vn 0.4075 0.9090 -0.0871
vn 0.6512 0.7477 -0.1298
vn 0.2600 0.8048 0.5336
vn 0.0039 0.8854 0.4648
vn 0.4340 0.8786 -0.1994
vn -0.0905 0.9949 -0.0434
vn -0.0960 0.9837 0.1518
vn 0.0262 0.8603 0.5090
vn 0.0128 0.8595 0.5109
vn 0.0193 0.8473 0.5307
vn -0.0997 0.8861 0.4527
vn -0.2977 0.7949 0.5287
vn -0.1649 0.8369 0.5220
vn -0.2671 0.8330 0.4846
vn -0.5339 0.8427 -0.0688
vn -0.4897 0.8686 -0.0758
vn -0.3963 0.9086 0.1317
vn -0.3682 0.9297 0.0059
vn -0.3980 0.7678 0.5021
vn -0.3066 0.7945 0.5242
vn -0.3144 0.7807 0.5400
vn -0.3593 0.7648 0.5347
vn -0.3983 0.6910 0.6032
vn -0.2121 0.9670 0.1414
vn -0.2393 0.9112 0.3354
vn -0.1427 0.8368 0.5286
vn -0.4338 0.7167 0.5461
vn -0.4535 0.7280 0.5141
vn -0.2804 0.7935 0.5402
vn 0.0490 0.8521 0.5210
vn -0.1864 0.9824 -0.0117
vn -0.0269 0.8939 0.4474
vn -0.3753 0.7256 0.5767
vn -0.1198 0.9925 0.0251
vn -0.0765 0.8069 0.5857
vn -0.3793 0.8153 0.4375
vn -0.4416 0.7781 0.4468
vn -0.2808 0.8332 0.4764
vn -0.3982 0.6405 0.6567
vn 0.0359 0.9088 0.4158
vn -0.3083 0.9194 0.2443
vn -0.4374 0.8938 0.0987
vn 0.1669 0.9558 0.2422
vn 0.2111 0.9394 -0.2701
vn -0.3788 0.6724 0.6359
vn -0.2999 0.7061 0.6415
vn 0.5949 0.7838 0.1781
vn 0.0731 0.9871 0.1421
vn 0.1819 0.9779 0.1035
vn 0.1704 0.9838 0.0555
vn 0.1306 0.9651 0.2269
vn -0.3578 0.8434 0.4009
vn -0.3989 0.9107 0.1070
vn 0.0575 0.9520 0.3007
vn 0.0546 0.9664 0.2510
vn 0.0594 0.9428 0.3281
vn -0.3522 0.6571 0.6665
vn -0.3743 0.7262 0.5766
vn -0.1629 0.7527 0.6379
vn -0.3902 0.9200 -0.0367
vn -0.4259 0.9046 -0.0204
vn -0.3467 0.9335 -0.0918
vn -0.4355 0.6857 0.5832
vn -0.4703 0.6608 0.5849
vn 0.0720 0.9215 0.3817
vn 0.0425 0.9152 0.4007
vn 0.0552 0.8842 0.4638
vn 0.0274 0.8699 0.4924
vn -0.8185 -0.1665 -0.5498
vn -0.8385 -0.2557 -0.4813
vn -0.9020 -0.1515 -0.4044
vn -0.9384 -0.0467 -0.3424
vn -0.9693 -0.0774 -0.2335
vn -0.9969 0.0165 -0.0769
vn -0.9218 -0.0763 -0.3801
vn -0.9569 -0.0902 -0.2759
vn -0.9258 -0.0630 -0.3727
vn -0.9645 -0.1695 -0.2026
vn -0.9406 -0.0335 -0.3379
vn -0.9657 -0.2331 -0.1140
vn -0.9894 -0.1445 0.0168
vn -0.9854 -0.1292 -0.1108
vn -0.9188 -0.1429 -0.3679
vn -0.9763 -0.0501 -0.2105
vn -0.9985 -0.0254 0.0489
vn -0.9004 -0.2156 -0.3779
vn -0.9202 -0.2248 -0.3206
vn -0.8018 0.1688 0.5733
vn -0.8642 0.1207 0.4885
vn -0.7818 0.1860 0.5952
vn -0.9201 -0.2491 -0.3022
vn -0.9367 -0.2678 -0.2253
vn -0.8856 -0.1247 -0.4474
vn -0.8536 -0.0899 -0.5131
vn -0.9405 -0.0228 -0.3391
vn -0.7626 -0.2263 -0.6060
vn -0.7831 -0.2207 -0.5814
vn -0.9697 0.0733 -0.2329
vn -0.9528 -0.0461 -0.3002
vn -0.9070 -0.2839 -0.3110
vn -0.8282 -0.1223 -0.5469
vn -0.8241 -0.1301 -0.5514
vn -0.9095 -0.2393 -0.3398
vn -0.9361 -0.0483 -0.3483
vn -0.8989 -0.1592 -0.4082
vn -0.9033 -0.1588 -0.3986
vn -0.9247 -0.0675 -0.3748
vn -0.7375 -0.1837 -0.6499
vn -0.9432 -0.0025 -0.3322
vn -0.9878 -0.0133 0.1552
vn -0.9954 -0.0502 -0.0811
vn -0.9126 -0.0804 -0.4009
vn -0.9468 -0.0825 -0.3112
vn -0.9481 0.0900 0.3051
vn -0.9430 0.0593 0.3274
vn -0.9716 0.0280 0.2348
vn -0.9304 -0.1366 -0.3400
vn -0.8809 0.0697 0.4681
vn -0.9094 0.0813 0.4078
vn -0.8690 -0.1347 -0.4762
vn -0.8931 -0.2130 -0.3962
vn -0.8922 -0.1646 -0.4207
vn -0.9993 -0.0244 0.0297
vn -0.9964 0.0517 0.0676
vn -0.9985 0.0530 0.0165
vn -0.8338 -0.3627 -0.4163
vn -0.9416 0.0843 0.3260
vn -0.9582 0.0068 0.2861
vn -0.9355 -0.0630 -0.3476
vn -0.9891 0.0454 0.1404
vn -0.8958 0.0923 0.4348
vn -0.9841 0.0408 0.1729
vn -0.9263 0.1085 0.3610
vn -0.9384 -0.0725 -0.3379
vn -0.9972 0.0683 0.0306
vn -0.7901 -0.3749 -0.4850
vn -0.7130 -0.2696 -0.6473
vn -0.9931 -0.0970 0.0666
vn -0.9809 -0.0532 0.1870
vn -0.7941 -0.2376 -0.5595
vn -0.9934 -0.0297 -0.1104
vn -0.9948 -0.0590 -0.0825
vn -0.9245 -0.1019 -0.3674
vn -0.9966 0.0752 0.0347
vn -0.8268 -0.1459 -0.5433
vn -0.9789 0.0922 -0.1826
vn -0.9234 -0.1638 -0.3472
vn -0.7634 -0.0362 -0.6449
vn -0.8778 -0.0619 -0.4751
vn -0.8961 -0.0875 -0.4352
vn -0.8088 0.1534 0.5677
vn -0.0590 0.1451 -0.9877
vn -0.1312 -0.0355 -0.9907
vn -0.0729 -0.1121 -0.9910
vn -0.1836 -0.0749 -0.9801
vn -0.1329 0.0078 -0.9911
vn -0.2222 -0.0221 -0.9747
vn -0.2403 -0.0609 -0.9688
vn -0.2292 -0.0306 -0.9729
vn -0.0247 -0.0013 -0.9997
vn -0.1263 0.0911 -0.9878
vn -0.1507 0.0047 -0.9886
vn -0.3225 0.0223 -0.9463
vn -0.2583 -0.0763 -0.9630
vn -0.1835 0.1123 -0.9766
vn -0.1745 0.2924 -0.9402
vn -0.2165 0.1883 -0.9579
vn -0.2383 0.1691 -0.9563
vn -0.1626 0.2199 -0.9619
vn -0.1805 0.1134 -0.9770
vn -0.1149 -0.1497 -0.9820
vn -0.1446 -0.0040 -0.9895
vn -0.1736 -0.0748 -0.9820
vn -0.1335 -0.0884 -0.9871
vn -0.2745 0.2541 -0.9274
vn -0.2691 0.2488 -0.9304
vn -0.3433 0.1399 -0.9288
vn -0.1837 0.0611 -0.9811
vn -0.3584 0.0076 -0.9336
vn -0.0647 0.2852 -0.9563
vn -0.2170 0.2307 -0.9485
vn -0.0911 0.3097 -0.9465
vn -0.4180 0.0747 -0.9054
vn -0.2426 -0.0580 -0.9684
vn -0.4154 0.0353 -0.9089
vn -0.7802 0.2411 -0.5771
vn -0.7153 0.1919 -0.6720
vn -0.7312 0.2005 -0.6521
vn -0.1204 -0.0313 -0.9922
vn -0.1018 -0.0426 -0.9939
vn 0.0764 -0.0172 -0.9969
vn -0.0157 -0.0322 -0.9994
vn -0.1262 0.1478 -0.9809
vn -0.0502 0.3327 -0.9417
vn -0.0402 0.4794 -0.8767
vn -0.8292 0.1292 -0.5439
vn -0.8807 -0.0046 -0.4736
vn -0.7589 0.0290 -0.6505
vn -0.1208 0.3430 -0.9315
vn -0.6629 0.1963 -0.7225
vn -0.6653 0.2544 -0.7019
vn -0.5805 0.1422 -0.8018
vn -0.2276 -0.0201 -0.9736
vn -0.1544 0.0340 -0.9874
vn -0.6101 0.1223 -0.7828
vn -0.4881 0.1989 -0.8498
vn -0.3761 0.2132 -0.9017
vn -0.2695 0.3032 -0.9140
vn -0.1817 -0.0185 -0.9832
vn -0.8133 0.2512 -0.5248
vn -0.8788 0.0086 -0.4771
vn -0.2542 0.2289 -0.9397
vn -0.2333 0.0460 -0.9713
vn -0.2588 0.1681 -0.9512
vn -0.0220 -0.1033 -0.9944
vn -0.0459 -0.0600 -0.9971
vn -0.5064 0.1135 -0.8548
vn -0.2718 -0.0598 -0.9605
vn -0.1775 -0.0204 -0.9839
vn -0.1028 0.3892 -0.9154
vn -0.4106 0.0134 -0.9117
vn -0.4566 -0.0048 -0.8896
vn -0.4771 -0.0029 -0.8788
vn -0.1085 0.1201 -0.9868
vn -0.2212 0.0585 -0.9735
vn -0.5123 0.0684 -0.8561
vn -0.5700 0.1152 -0.8135
vn -0.5302 0.0408 -0.8469
vn -0.6569 0.0612 -0.7515
vn -0.1341 0.2893 -0.9478
vn -0.4286 0.1578 -0.8896
vn -0.3699 0.3657 -0.8541
vn -0.6416 0.2984 -0.7066
vn -0.0632 0.1784 -0.9819
vn -0.1228 0.0581 -0.9907
vn -0.6962 0.1358 -0.7048
vn -0.5197 0.2868 -0.8048
vn -0.4448 0.3929 -0.8049
vn -0.2345 0.0553 -0.9705
vn -0.2764 0.0688 -0.9586
vn -0.3239 0.0051 -0.9461
vn -0.3417 0.0233 -0.9395
vn -0.6533 0.0985 -0.7507
vn -0.6629 0.2190 -0.7160
vn -0.8077 0.2524 -0.5328
vn -0.9115 0.2196 -0.3477
vn -0.3694 0.0440 -0.9282
vn -0.5771 0.6970 0.4256
vn -0.5469 0.7449 0.3821
vn -0.6074 0.6399 0.4707
vn -0.6272 0.6787 0.3821
vn -0.6403 0.6536 0.4036
vn -0.7234 0.5461 0.4225
vn -0.5227 0.6700 0.5272
vn -0.1101 0.5703 0.8140
vn -0.5060 0.6489 0.5683
vn -0.4914 0.6853 0.5375
vn -0.7766 0.6213 0.1046
vn -0.7772 0.6122 0.1459
vn -0.7941 0.6052 0.0564
vn -0.8444 0.5352 0.0222
vn -0.7788 0.6268 -0.0245
vn -0.8336 0.5489 -0.0616
vn -0.7882 0.6127 0.0580
vn -0.7852 0.6175 -0.0453
vn -0.7212 0.6780 0.1422
vn -0.7488 0.6422 0.1641
vn -0.7471 0.6639 0.0327
vn -0.7935 0.6052 0.0638
vn -0.5632 0.5998 0.5684
vn -0.5987 0.6437 0.4768
vn -0.8473 0.4810 0.2253
vn -0.8310 0.4254 0.3586
vn -0.7965 0.5058 0.3313
vn -0.0448 0.8080 0.5875
vn -0.7571 0.5685 0.3218
vn -0.6762 0.6603 0.3266
vn -0.7039 0.6708 0.2337
vn -0.8353 0.5206 0.1767
vn -0.8165 0.5118 0.2673
vn -0.8641 0.4800 0.1511
vn -0.4883 0.5920 0.6412
vn -0.5788 0.6145 0.5361
vn -0.8956 0.4426 0.0441
vn -0.8894 0.4519 0.0686
vn -0.7356 0.4162 0.5345
vn -0.6962 0.4625 0.5490
vn -0.7205 0.4648 0.5147
vn -0.6805 0.7271 0.0910
vn -0.8573 0.5076 0.0863
vn -0.0728 -0.9160 -0.3944
vn -0.4435 -0.8880 0.1219
vn -0.4720 -0.8104 0.3470
vn -0.1721 0.0836 0.9815
vn -0.0883 0.3065 0.9478
vn -0.0448 0.4224 0.9053
vn 0.1868 0.8605 0.4740
vn -0.7834 0.5984 0.1677
vn -0.3689 0.3004 0.8796
vn -0.7914 0.3262 -0.5170
vn -0.6494 0.7278 0.2205
vn -0.6836 0.6314 0.3661
vn -0.6142 0.5571 0.5589
vn -0.7371 0.5142 0.4385
vn -0.3592 0.5800 -0.7312
vn -0.8667 0.4976 0.0356
vn -0.6588 0.6043 0.4480
vn -0.8697 0.4407 0.2222
vn -0.7116 0.6820 0.1691
vn -0.7607 0.6265 0.1698
vn -0.3632 0.7356 0.5718
vn -0.3234 0.7397 0.5902
vn -0.2840 0.7684 0.5736
vn -0.5866 0.6907 0.4230
vn -0.5361 0.5794 0.6139
vn -0.5131 0.5525 0.6569
vn 0.0723 0.7092 0.7013
vn -0.2947 0.0598 0.9537
vn -0.4347 0.5509 0.7124
vn -0.3232 0.6574 0.6807
vn -0.5417 0.5860 0.6026
vn -0.4930 0.7449 0.4496
vn -0.4639 0.8010 0.3785
vn -0.3162 0.7025 0.6376
vn -0.9024 0.3211 0.2874
vn -0.5345 0.2579 0.8049
vn -0.7321 -0.3619 0.5771
vn -0.9638 -0.2039 -0.1718
vn -0.4271 -0.7705 -0.4732
vn -0.6062 0.6556 0.4502
vn -0.9128 0.4046 -0.0555
vn -0.9186 0.3477 -0.1879
vn -0.9324 0.3586 -0.0455
vn -0.8864 0.4603 0.0501
vn -0.8846 0.4612 0.0695
vn -0.5082 0.4486 0.7351
vn -0.6947 0.3935 0.6022
vn -0.0721 -0.1944 -0.9783
vn -0.3210 -0.5707 -0.7558
vn 0.1023 -0.5487 -0.8297
vn 0.0512 -0.8116 -0.5819
vn -0.8860 0.4632 0.0187
vn -0.9035 -0.3474 -0.2511
vn -0.3898 0.7542 0.5284
vn -0.9320 0.3316 -0.1462
vn -0.4975 0.6121 0.6147
vn -0.4044 0.5623 0.7213
vn -0.6886 0.4754 0.5476
vn -0.9078 0.4179 -0.0354
vn -0.7613 0.4433 0.4733
vn 0.2784 -0.6805 -0.6778
vn -0.6650 0.7137 0.2200
vn -0.3991 0.5409 0.7404
vn -0.8534 0.3913 0.3443
vn 0.4473 0.6028 -0.6608
vn 0.4155 0.5922 -0.6904
vn 0.5447 0.5365 -0.6446
vn 0.3193 0.7603 -0.5657
vn 0.2875 0.7408 -0.6071
vn 0.2540 0.7855 -0.5643
vn -0.1973 0.9717 -0.1302
vn 0.1098 0.9007 -0.4204
vn -0.0503 0.8385 -0.5426
vn 0.7141 0.4748 -0.5144
vn 0.5906 0.6825 -0.4305
vn 0.4449 0.6268 -0.6397
vn 0.2823 0.6916 -0.6648
vn 0.4542 0.7145 -0.5322
vn -0.6160 0.7570 -0.2178
vn -0.4907 0.8652 -0.1032
vn -0.3797 0.9177 -0.1173
vn -0.1962 0.9791 -0.0528
vn -0.1431 0.9897 0.0038
vn -0.1699 0.9826 -0.0753
vn -0.4450 0.8937 -0.0572
vn 0.2458 0.6217 -0.7437
vn 0.1245 0.5596 -0.8193
vn 0.1194 0.5775 -0.8076
vn 0.6613 0.5498 -0.5103
vn -0.3608 0.8377 -0.4099
vn -0.6333 0.7049 -0.3195
vn -0.4725 0.8813 0.0119
vn 0.3827 0.5814 -0.7180
vn 0.6564 0.7496 0.0851
vn 0.6956 0.6784 -0.2367
vn 0.4548 0.8833 -0.1139
vn 0.3747 0.7246 -0.5784
vn 0.5615 0.8181 0.1244
vn -0.1984 0.5103 -0.8368
vn -0.0952 0.5155 -0.8516
vn -0.1843 0.5216 -0.8331
vn 0.1592 0.7728 -0.6144
vn -0.4896 0.6321 -0.6007
vn -0.4618 0.6509 -0.6026
vn -0.3654 0.6759 -0.6401
vn -0.4742 0.7027 -0.5304
vn -0.5477 0.6690 -0.5025
vn -0.2751 0.5708 -0.7737
vn -0.1603 0.5972 -0.7859
vn -0.3148 0.6450 -0.6963
vn -0.3440 0.6453 -0.6821
vn -0.1561 0.5978 -0.7863
vn 0.0375 0.5166 -0.8554
vn -0.0156 0.6774 -0.7355
vn -0.1658 0.7146 -0.6797
vn -0.6125 0.7237 -0.3179
vn -0.5650 0.6979 -0.4402
vn -0.5313 0.7303 -0.4294
vn -0.4467 0.8420 -0.3025
vn -0.6112 0.6723 -0.4177
vn -0.5968 0.7486 -0.2888
vn 0.5616 0.7095 -0.4256
vn 0.2102 0.6329 -0.7451
vn 0.2488 0.6149 -0.7483
vn 0.2197 0.1766 -0.9594
vn 0.2122 0.6292 -0.7477
vn 0.0247 0.6247 -0.7805
vn -0.3331 0.7305 -0.5962
vn -0.0639 0.7297 -0.6808
vn -0.4200 0.6685 -0.6138
vn -0.4030 0.8106 -0.4249
vn 0.1690 0.9671 -0.1904
vn 0.1072 0.9917 0.0714
vn 0.3456 0.9383 0.0139
vn -0.0587 0.9928 -0.1047
vn 0.5918 0.5605 -0.5792
vn 0.7572 0.5643 -0.3291
vn 0.1864 0.6817 -0.7075
vn 0.2807 0.6426 -0.7129
vn 0.4142 0.4240 -0.8054
vn 0.4520 0.8911 0.0402
vn 0.2920 0.8087 -0.5107
vn 0.1236 0.6143 -0.7793
vn 0.0571 0.5646 -0.8234
vn -0.5373 0.8405 -0.0699
vn -0.4722 0.8688 -0.1492
vn -0.6026 0.7643 -0.2295
vn -0.0160 0.8149 -0.5794
vn 0.0206 0.4885 -0.8723
vn 0.3161 0.6280 -0.7111
vn 0.2290 0.6460 -0.7282
vn 0.3114 0.8080 -0.5001
vn -0.2310 0.9294 -0.2879
vn -0.5053 0.8001 -0.3232
vn -0.0029 0.5060 -0.8625
vn -0.3602 0.6245 -0.6930
vn -0.3529 0.8967 -0.2671
vn -0.5797 0.8040 -0.1328
vn -0.4635 0.8845 -0.0534
vn -0.5089 0.6806 -0.5271
vn -0.0780 0.9787 -0.1898
vn -0.0855 0.9943 -0.0645
vn -0.0400 0.9624 -0.2686
vn -0.2794 0.8958 0.3457
vn -0.2827 0.8606 0.4235
vn -0.2113 0.9125 0.3503
vn -0.2766 0.9543 0.1132
vn -0.2450 0.9517 0.1850
vn -0.2105 0.9610 0.1793
vn -0.0541 0.9984 0.0169
vn 0.0044 0.9966 0.0821
vn -0.1089 0.9636 -0.2440
vn -0.0102 0.9691 -0.2466
vn -0.1747 0.9483 -0.2651
vn -0.3971 0.8059 -0.4391
vn -0.3891 0.7715 -0.5034
vn -0.1585 0.8940 -0.4191
vn -0.4234 0.7408 -0.5215
vn -0.5804 0.7488 -0.3201
vn -0.3871 0.7516 -0.5340
vn -0.0196 0.9942 0.1056
vn -0.5460 0.7494 -0.3745
vn -0.4106 0.7802 -0.4719
vn -0.5611 0.7592 -0.3297
vn -0.4738 0.8405 0.2629
vn -0.4312 0.8965 0.1018
vn 0.0697 0.9902 -0.1207
vn -0.0324 0.9774 -0.2089
vn -0.1099 0.9806 -0.1626
vn -0.4365 0.5118 -0.7399
vn -0.2154 0.8051 -0.5526
vn -0.1633 0.6751 -0.7194
vn 0.2625 0.9534 -0.1487
vn -0.2098 0.9478 0.2401
vn -0.2496 0.8771 0.4103
vn -0.2783 0.8432 0.4599
vn -0.5034 0.8389 -0.2071
vn -0.6865 0.6884 -0.2342
vn -0.2523 0.8875 -0.3855
vn -0.4172 0.8488 -0.3247
vn 0.0302 0.9725 -0.2310
vn -0.0321 0.9863 -0.1621
vn -0.1939 0.9751 0.1080
vn -0.2407 0.9705 0.0160
vn -0.4910 0.8511 0.1858
vn -0.3864 0.8878 0.2499
vn -0.5718 0.8031 0.1677
vn 0.1977 0.9798 0.0291
vn 0.2155 0.9738 0.0731
vn -0.0575 0.9962 0.0657
vn -0.0661 0.9935 -0.0923
vn -0.3431 0.8870 -0.3090
vn -0.3064 0.9241 -0.2284
vn -0.1714 0.9767 -0.1291
vn -0.4870 0.5926 -0.6415
vn -0.2863 0.9573 -0.0407
vn -0.0111 0.9998 -0.0142
vn -0.3782 0.9185 0.1155
vn -0.0424 0.8437 -0.5351
vn -0.1180 0.9214 -0.3704
vn -0.4191 0.8935 -0.1615
vn -0.3020 0.7688 -0.5636
vn 0.0192 0.8561 -0.5164
vn -0.2784 0.9357 0.2166
vn -0.0847 0.8333 -0.5463
vn -0.4607 -0.4197 -0.7821
vn -0.2877 0.8647 0.4116
vn -0.2461 0.9092 0.3360
vn -0.0675 0.9964 0.0518
vn -0.2050 0.9561 -0.2095
vn 0.0672 0.7421 -0.6669
vn 0.0046 0.7587 -0.6514
vn 0.1210 0.9788 -0.1655
vn -0.1456 0.9893 -0.0094
vn -0.5560 0.7810 0.2844
vn -0.4695 0.8148 0.3401
vn -0.0866 0.9934 0.0749
vn 0.1015 0.6321 -0.7682
vn 0.1067 0.6736 -0.7314
vn -0.3247 0.9448 -0.0439
vn 0.2202 0.9620 -0.1616
vn 0.4428 0.8538 -0.2737
vn 0.2976 0.9416 -0.1574
vn 0.2429 0.9378 -0.2479
vn -0.0472 0.9527 -0.3003
vn -0.3545 0.9207 0.1630
vn -0.5119 0.7545 0.4108
vn -0.3827 0.9237 -0.0177
vn -0.1370 0.9755 0.1719
vn -0.4452 0.6415 -0.6247
vn -0.2863 0.7544 -0.5907
vn -0.3980 0.7239 -0.5635
vn -0.0824 0.7213 -0.6877
vn -0.2247 0.9458 0.2347
vn -0.6946 0.7067 0.1345
vn -0.4697 0.8816 0.0464
vn 0.2241 0.9739 0.0353
vn -0.4476 0.8461 0.2895
vn -0.5534 0.8296 0.0739
vn -0.0489 0.9966 0.0665
vn -0.2798 0.7843 0.5537
vn -0.4551 0.8215 0.3435
vn -0.5115 0.8589 -0.0277
vn -0.4025 0.2898 0.8683
vn -0.5304 0.2577 0.8076
vn -0.4874 0.2101 0.8475
vn -0.9982 0.0499 -0.0329
vn -0.9936 0.0732 -0.0861
vn -0.9687 -0.0403 -0.2451
vn -0.9150 0.2763 -0.2939
vn -0.9506 0.2705 -0.1521
vn -0.9294 0.2237 -0.2936
vn -0.9880 0.1335 -0.0783
vn -0.9563 0.1119 -0.2703
vn -0.9307 0.1751 -0.3211
vn -0.7476 0.2024 0.6326
vn -0.6720 0.1489 0.7255
vn -0.6435 0.1894 0.7416
vn -0.9886 0.0646 0.1363
vn -0.9989 0.0460 -0.0025
vn -0.9915 0.0915 0.0922
vn -0.7902 0.2641 0.5531
vn -0.7163 0.3458 0.6061
vn -0.7800 0.3670 0.5069
vn -0.5601 0.1891 0.8066
vn -0.6058 0.1694 0.7774
vn -0.5368 0.2001 0.8197
vn -0.5772 0.2037 0.7908
vn -0.5953 0.1869 0.7814
vn -0.6822 0.2830 0.6742
vn -0.7079 0.3584 0.6086
vn -0.9586 0.1804 -0.2202
vn -0.9207 0.1012 -0.3768
vn -0.9674 0.1705 -0.1875
vn -0.2380 0.1454 0.9603
vn -0.4630 0.1970 0.8642
vn -0.9609 0.0548 -0.2716
vn -0.9586 0.1455 -0.2447
vn -0.9821 0.0856 -0.1676
vn -0.8293 0.4035 0.3865
vn -0.8270 0.4431 0.3459
vn -0.8293 0.4369 0.3484
vn -0.3077 0.8903 0.3356
vn -0.7936 0.4215 0.4387
vn -0.8766 0.3323 0.3480
vn -0.9357 0.1102 -0.3351
vn -0.7659 0.1557 0.6238
vn -0.8443 0.1444 0.5161
vn -0.7841 0.3421 0.5179
vn -0.8325 0.4896 0.2592
vn -0.8722 0.4048 0.2747
vn -0.6850 0.1508 0.7128
vn -0.7284 0.2265 0.6466
vn -0.9987 0.0500 -0.0019
vn -0.9096 0.3746 0.1799
vn -0.9401 0.3325 0.0752
vn -0.9879 0.0721 0.1376
vn -0.9660 0.0810 0.2454
vn -0.9224 0.1012 0.3728
vn -0.9487 0.1100 0.2963
vn -0.9956 0.0779 0.0514
vn -0.4776 0.2584 0.8397
vn -0.5673 0.2813 0.7740
vn -0.9580 0.2858 -0.0250
vn -0.9137 0.3744 0.1580
vn -0.9540 0.2511 0.1641
vn -0.6434 0.3286 0.6914
vn -0.9165 0.0066 -0.4000
vn -0.9443 0.3279 0.0284
vn -0.9359 0.0753 0.3441
vn -0.9996 0.0292 -0.0064
vn -0.8587 0.1542 0.4887
vn -0.8992 0.2301 0.3720
vn -0.9629 0.1355 -0.2334
vn -0.9900 0.1406 0.0110
vn -0.9209 0.0435 -0.3874
vn -0.9219 0.1452 -0.3593
vn -0.9031 0.2499 -0.3491
vn -0.9391 0.0896 -0.3317
vn -0.9600 0.1410 0.2420
vn -0.9351 0.2017 -0.2914
vn -0.9622 0.2695 -0.0394
vn -0.9550 0.2228 -0.1956
vn -0.8816 0.2040 -0.4257
vn -0.9299 0.1968 0.3107
vn -0.8217 0.1693 -0.5442
vn -0.9798 0.1437 0.1391
vn -0.8280 0.2389 0.5073
vn -0.9548 0.2970 -0.0100
vn -0.6468 0.1559 0.7465
vn -0.5639 0.2367 0.7912
vn -0.5256 0.2439 0.8150
vn -0.6289 0.3431 0.6976
vn -0.6335 0.3019 0.7124
vn -0.7326 0.4599 0.5018
vn -0.9367 0.3499 -0.0141
vn -0.6498 0.2085 0.7309
vn -0.9111 0.4020 0.0914
vn -0.9993 -0.0186 -0.0310
vn -0.9018 0.1385 -0.4093
vn -0.8295 0.1580 -0.5357
vn 0.9985 -0.0048 -0.0545
vn 0.9771 0.1084 0.1830
vn 0.9969 0.0657 -0.0442
vn 0.9329 -0.0692 0.3534
vn 0.9636 0.0105 0.2673
vn 0.9135 -0.0690 0.4010
vn 0.9899 -0.0082 0.1419
vn 0.9635 -0.0488 0.2632
vn 0.9798 -0.0164 0.1994
vn 0.9961 -0.0863 0.0187
vn 0.9982 -0.0583 0.0103
vn 0.9930 0.1052 0.0541
vn 0.9888 0.0906 0.1188
vn 0.9861 0.1649 0.0213
vn 0.9879 0.1550 0.0021
vn 0.9727 -0.0742 -0.2197
vn 0.9782 0.0244 -0.2064
vn 0.9965 0.0091 -0.0825
vn 0.7399 0.2310 0.6318
vn 0.8213 0.2072 0.5316
vn 0.8412 0.2051 0.5004
vn 0.9922 0.0965 0.0790
vn 0.9759 -0.0610 0.2096
vn 0.9869 0.0024 0.1613
vn 0.9884 -0.0740 0.1326
vn 0.9619 -0.0632 0.2661
vn 0.9415 -0.0303 -0.3357
vn 0.9617 -0.0805 -0.2620
vn 0.9134 -0.1659 -0.3718
vn 0.4957 0.2031 0.8444
vn 0.4858 0.1794 0.8555
vn 0.5350 0.2046 0.8197
vn 0.9836 -0.1312 -0.1239
vn 0.9865 -0.1524 0.0606
vn 0.9943 -0.0707 -0.0803
vn 0.9481 0.0585 0.3126
vn 0.9873 -0.1169 -0.1074
vn 0.9968 0.0792 0.0130
vn 0.9691 -0.1167 -0.2173
vn 0.9657 -0.1276 -0.2261
vn 0.5732 0.1656 0.8025
vn 0.5287 0.1587 0.8338
vn 0.6282 0.1565 0.7621
vn 0.9053 0.1465 0.3988
vn 0.8229 0.1789 0.5393
vn 0.9614 0.0280 -0.2736
vn 0.9867 0.0534 -0.1532
vn 0.9926 -0.1074 0.0560
vn 0.9548 0.0085 -0.2973
vn 0.9900 -0.1140 0.0830
vn 0.9970 -0.0161 -0.0759
vn 0.9835 -0.1716 0.0567
vn 0.9788 -0.1420 0.1477
vn 0.9966 -0.0569 -0.0589
vn 0.6769 0.1507 0.7205
vn 0.6464 0.2126 0.7328
vn 0.5837 0.1833 0.7910
vn 0.9746 -0.0616 0.2155
vn 0.9826 -0.1773 -0.0550
vn 0.8315 -0.0047 0.5556
vn 0.8891 0.0317 0.4567
vn 0.8036 0.0219 0.5947
vn 0.7614 0.0619 0.6453
vn 0.7955 0.0870 0.5997
vn 0.7578 0.0857 0.6469
vn 0.9390 0.1041 0.3279
vn 0.8538 0.1022 0.5105
vn 0.5728 0.2153 0.7909
vn 0.7250 0.1092 0.6800
vn 0.9877 -0.0509 0.1480
vn 0.9565 0.0800 0.2805
vn 0.6394 0.1144 0.7603
vn 0.9283 -0.0378 0.3699
vn 0.7449 0.1598 0.6478
vn 0.7029 0.2135 0.6786
vn 0.6455 0.1900 0.7398
vn 0.9136 -0.0401 0.4045
vn 0.9037 0.0839 0.4199
vn 0.9946 0.0501 0.0907
vn 0.6156 0.1974 0.7629
vn 0.8713 -0.0468 0.4885
vn 0.9753 -0.1237 -0.1829
vn 0.9730 0.0567 0.2239
vn 0.9809 -0.1481 -0.1261
vn 0.5725 0.2427 0.7832
vn 0.9948 -0.0843 -0.0572
vn 0.9058 -0.3721 0.2027
vn 0.7221 0.0977 0.6849
vn 0.9955 -0.0220 -0.0923
vn 0.9940 0.0712 -0.0826
vn 0.9508 0.0181 0.3093
vn 0.9066 -0.0003 0.4220
vn 0.9838 -0.1627 -0.0749
vn 0.9110 -0.0328 -0.4110
vn 0.8677 -0.1245 -0.4812
vn -0.6450 0.6403 -0.4171
vn -0.4312 0.9022 -0.0056
vn -0.8481 0.5275 -0.0495
vn -0.4436 0.6168 0.6502
vn -0.9837 0.0765 0.1626
vn -0.3642 0.6109 -0.7029
vn 0.0750 0.8931 -0.4435
vn -0.4610 0.7300 -0.5045
vn -0.0623 0.0795 0.9949
vn -0.1268 0.1248 0.9840
vn -0.1688 0.1082 0.9797
vn -0.5356 -0.4117 0.7374
vn -0.4313 -0.2534 0.8659
vn -0.6530 -0.4961 0.5722
vn -0.2481 0.1256 0.9606
vn -0.4244 -0.3398 0.8393
vn -0.6517 -0.5741 0.4957
vn -0.1559 0.1469 0.9768
vn -0.3064 -0.6032 0.7364
vn -0.5756 -0.7771 0.2545
vn -0.2138 0.2919 0.9322
vn -0.2127 0.2914 0.9326
vn -0.9021 -0.4238 -0.0811
vn -0.6749 0.0955 0.7317
vn -0.4807 -0.0653 0.8744
vn -0.5190 0.3053 0.7984
vn -0.4501 0.1336 0.8829
vn -0.6940 0.6749 -0.2507
vn -0.7228 0.5585 -0.4069
vn -0.1931 0.2581 0.9466
vn -0.2169 0.0486 0.9750
vn -0.5236 -0.6316 0.5718
vn -0.5961 -0.5435 0.5910
vn -0.4770 -0.8671 0.1435
vn -0.0454 -0.2258 0.9731
vn -0.4353 0.5591 0.7056
vn -0.3681 0.5552 0.7459
vn -0.4378 0.5423 0.7171
vn -0.4964 -0.0267 0.8677
vn -0.2663 -0.1832 0.9463
vn -0.3818 -0.6144 0.6905
vn 0.0134 0.0976 0.9951
vn -0.0526 0.0314 0.9981
vn 0.1125 -0.0402 0.9928
vn -0.5827 0.2852 0.7610
vn -0.5286 0.3288 0.7826
vn -0.6335 0.3154 0.7066
vn -0.9767 -0.0767 -0.2004
vn -0.8734 0.4096 0.2635
vn -0.8476 0.4393 -0.2977
vn -0.9574 -0.1519 0.2455
vn -0.6561 0.7420 0.1377
vn -0.4250 0.5165 0.7434
vn -0.3710 0.5832 0.7226
vn -0.6702 0.4031 0.6232
vn -0.1125 0.2169 0.9697
vn -0.7967 -0.6038 -0.0248
vn -0.1513 0.1333 0.9795
vn -0.7721 -0.5966 0.2188
vn -0.3551 0.4062 0.8420
vn -0.3970 0.5027 0.7679
vn -0.4143 0.4256 0.8045
vn -0.6002 0.3312 0.7281
vn -0.1825 -0.3245 0.9281
vn -0.3118 0.2572 0.9147
vn -0.6965 -0.4339 0.5716
vn -0.2392 -0.1581 0.9580
vn -0.4293 0.5520 0.7148
vn -0.5020 0.4594 0.7327
vn -0.4758 0.3573 0.8037
vn -0.4055 -0.7774 0.4808
vn -0.5245 0.5625 0.6392
vn -0.4981 0.5655 0.6574
vn -0.2927 0.5518 0.7809
vn -0.2827 -0.7960 0.5353
vn -0.4777 -0.8687 0.1313
vn -0.1864 0.2126 0.9592
vn -0.4286 -0.9035 0.0107
vn -0.5955 -0.7770 0.2042
vn -0.5887 -0.8007 0.1109
vn -0.4749 -0.6359 0.6084
vn -0.2741 0.5964 0.7544
vn -0.3288 0.6789 0.6565
vn -0.4123 0.2870 0.8647
vn -0.3770 0.3174 0.8701
vn -0.3867 0.3081 0.8692
vn -0.2143 0.2819 0.9352
vn 0.0828 0.0491 0.9954
vn -0.3147 -0.9454 0.0844
vn -0.4267 0.5031 0.7515
vn -0.2985 0.4529 0.8401
vn -0.1378 0.3931 0.9091
vn -0.2793 0.7079 0.6487
vn -0.4676 0.6003 0.6488
vn -0.5622 -0.7310 0.3868
vn -0.5876 0.4111 0.6969
vn -0.6853 0.4201 0.5949
vn -0.6409 0.3630 0.6764
vn -0.6962 0.3677 0.6165
vn -0.6428 0.3342 0.6893
vn -0.2164 0.4536 0.8645
vn -0.2928 0.5907 0.7519
vn -0.6442 0.3471 0.6815
vn -0.0688 -0.2738 0.9593
vn -0.8759 0.4811 0.0371
vn -0.4867 0.8734 -0.0164
vn -0.7248 0.5828 0.3674
vn -0.1209 0.3904 0.9127
vn 0.1380 0.2132 0.9672
vn -0.5185 0.4983 0.6948
vn -0.7233 0.4668 0.5089
vn -0.7467 0.3118 0.5875
vn 0.1434 -0.0280 0.9893
vn -0.3021 0.9499 0.0796
vn -0.0605 0.1450 0.9876
vn -0.3278 0.4675 0.8210
vn -0.3299 0.2878 0.8991
vn -0.2290 0.5219 0.8217
vn -0.2832 0.5232 0.8038
vn -0.2653 0.6350 0.7255
vn 0.0075 0.9998 -0.0187
vn -0.2133 0.5307 0.8202
vn -0.4385 0.4034 0.8031
vn -0.4938 0.2912 0.8194
vn -0.2269 0.5409 0.8099
vn -0.2114 0.6085 0.7649
vn 0.1793 0.9521 -0.2476
vn -0.1826 0.5629 0.8061
vn -0.4247 0.2460 0.8713
vn 0.2780 0.2527 -0.9268
vn 0.2261 0.3183 -0.9206
vn 0.3224 0.2442 -0.9146
vn 0.7104 0.5259 -0.4677
vn 0.6779 0.4643 -0.5700
vn 0.5855 0.5651 -0.5813
vn 0.7549 0.3632 -0.5461
vn 0.7926 0.3718 -0.4833
vn 0.3766 0.1854 -0.9076
vn 0.4441 0.2093 -0.8712
vn 0.3784 0.0993 -0.9203
vn 0.4185 0.1854 -0.8891
vn 0.3409 0.1776 -0.9232
vn 0.3760 0.1498 -0.9144
vn 0.3431 0.0703 -0.9367
vn 0.3267 0.1657 -0.9305
vn 0.7714 0.4074 -0.4889
vn 0.7418 0.5399 -0.3978
vn 0.3444 0.0351 -0.9382
vn 0.3871 0.0394 -0.9212
vn 0.2288 0.3650 -0.9025
vn 0.2284 0.4155 -0.8804
vn 0.2535 0.1714 -0.9520
vn 0.3094 0.1894 -0.9319
vn 0.3204 0.0664 -0.9450
vn -0.0313 0.7178 -0.6956
vn -0.0766 0.7568 -0.6491
vn -0.2390 0.7474 -0.6199
vn 0.2870 -0.0820 -0.9544
vn -0.0424 0.6905 -0.7221
vn -0.3246 0.7391 -0.5902
vn -0.1264 0.8413 -0.5256
vn -0.3735 0.6586 -0.6533
vn -0.1823 0.6694 -0.7201
vn -0.5915 0.4678 -0.6567
vn -0.4881 0.6323 -0.6016
vn 0.0376 0.6809 -0.7314
vn 0.3149 0.3393 -0.8864
vn 0.2086 0.4323 -0.8773
vn 0.2577 0.3974 -0.8807
vn 0.1927 0.4847 -0.8532
vn 0.1175 0.5492 -0.8274
vn 0.1356 0.5679 -0.8119
vn 0.0590 0.6993 -0.7124
vn 0.1574 0.6999 -0.6967
vn 0.0078 0.6536 -0.7568
vn 0.0426 0.6465 -0.7617
vn 0.3243 0.6685 -0.6693
vn 0.1182 0.6755 -0.7278
vn 0.4224 0.4493 -0.7872
vn 0.3071 0.4607 -0.8327
vn 0.3152 0.5794 -0.7516
vn 0.1837 0.5664 -0.8034
vn 0.3061 0.6463 -0.6990
vn 0.0792 0.6126 -0.7864
vn 0.2097 0.6848 -0.6979
vn 0.1942 0.5265 -0.8277
vn 0.4430 0.3766 -0.8136
vn 0.5353 0.3576 -0.7652
vn -0.1946 0.8825 -0.4282
vn 0.5167 0.6151 -0.5956
vn 0.2650 0.4574 -0.8489
vn 0.5230 0.2979 -0.7985
vn 0.5021 0.3165 -0.8048
vn 0.4980 0.2624 -0.8265
vn 0.4958 0.1824 -0.8491
vn 0.4404 0.2205 -0.8703
vn 0.5151 0.2860 -0.8080
vn 0.4799 0.1623 -0.8622
vn 0.6346 0.0563 -0.7708
vn 0.6514 0.2557 -0.7143
vn 0.5443 0.2416 -0.8034
vn 0.9022 0.2371 -0.3604
vn 0.8049 0.3043 -0.5095
vn 0.7160 0.3717 -0.5909
vn -0.1372 0.7953 -0.5905
vn -0.0761 0.6904 -0.7194
vn 0.4461 0.2377 -0.8629
vn 0.5627 0.2745 -0.7798
vn 0.6104 0.2801 -0.7410
vn 0.5769 0.3411 -0.7422
vn -0.1299 0.8743 -0.4676
vn -0.1975 0.9062 -0.3738
vn -0.0429 0.8486 -0.5273
vn 0.8023 0.2682 -0.5333
vn 0.7509 0.3238 -0.5756
vn 0.7263 0.2598 -0.6364
vn 0.6873 0.3174 -0.6533
vn 0.6976 0.2534 -0.6701
vn 0.5908 0.4191 -0.6894
vn 0.9018 0.1834 -0.3914
vn 0.5190 0.4744 -0.7110
vn 0.0776 0.4103 -0.9086
vn -0.2697 0.7787 -0.5665
vn 0.6852 0.0794 -0.7241
vn 0.4672 0.6091 -0.6409
vn 0.5669 0.5917 -0.5731
vn 0.6723 0.5468 -0.4990
vn 0.4765 0.2028 -0.8555
vn 0.5025 0.1825 -0.8451
vn -0.1477 0.9296 -0.3378
vn 0.3623 0.3554 -0.8616
vn 0.3944 0.3116 -0.8645
vn 0.5378 0.3535 -0.7654
vn 0.7939 0.6066 0.0420
vn 0.3925 0.2225 -0.8924
vn 0.4567 0.5761 -0.6779
vn 0.5027 0.8628 -0.0539
vn 0.3645 0.9085 -0.2043
vn 0.8295 0.5136 -0.2196
vn 0.9099 0.2624 0.3212
vn 0.1232 0.7605 0.6375
vn -0.0173 0.8135 0.5812
vn -0.0987 0.6437 0.7589
vn -0.0368 0.5750 0.8173
vn -0.0305 0.6011 0.7986
vn 0.0962 0.5790 0.8097
vn -0.2200 0.6848 0.6947
vn -0.4052 0.6227 0.6693
vn 0.4129 0.8921 -0.1838
vn 0.4796 0.8569 -0.1889
vn 0.1538 0.5855 0.7959
vn 0.1576 0.6827 0.7135
vn 0.0500 0.6515 0.7570
vn -0.2904 0.6583 0.6944
vn -0.1904 0.5084 0.8398
vn -0.4930 0.4905 0.7186
vn 0.9917 0.0549 -0.1163
vn 0.1034 0.5392 0.8358
vn -0.2809 0.9454 -0.1651
vn -0.2195 0.5203 -0.8253
vn -0.1489 0.7626 -0.6295
vn 0.6485 0.7612 0.0099
vn 0.2917 0.9343 -0.2048
vn 0.4976 0.8485 -0.1799
vn -0.1396 0.7730 0.6188
vn 0.1835 0.6950 0.6952
vn -0.1273 0.6476 0.7513
vn -0.1545 0.7111 0.6859
vn 0.0787 0.5747 0.8145
vn 0.0286 0.6345 0.7724
vn 0.1341 0.5630 0.8155
vn 0.4640 0.8760 -0.1320
vn -0.0598 0.8657 0.4970
vn 0.0041 0.7857 0.6186
vn -0.0160 0.8664 0.4992
vn -0.0553 0.6068 0.7930
vn 0.2489 0.4743 0.8444
vn 0.1886 0.5157 0.8358
vn 0.1125 0.8290 0.5479
vn 0.0008 0.5880 0.8088
vn -0.0952 0.5761 0.8118
vn 0.2588 0.5778 0.7740
vn 0.0779 0.6391 0.7651
vn 0.1161 0.6012 0.7906
vn 0.1836 0.5426 0.8197
vn 0.0436 0.5847 0.8101
vn 0.0110 0.1593 0.9872
vn -0.0848 0.6974 0.7116
vn -0.1903 0.4715 0.8611
vn 0.1646 0.6111 0.7743
vn -0.2928 0.6508 0.7005
vn 0.0422 0.7159 0.6970
vn -0.2309 0.6008 0.7653
vn 0.2030 0.7029 0.6817
vn -0.2409 0.4691 -0.8497
vn 0.3760 0.4360 -0.8176
vn 0.1217 0.5729 0.8106
vn 0.0566 0.5737 0.8171
vn -0.0192 0.6299 0.7764
vn 0.0785 0.6781 0.7307
vn 0.1070 0.6365 0.7638
vn 0.2022 0.6374 0.7436
vn 0.2828 0.6814 0.6751
vn 0.2758 0.6358 0.7209
vn 0.0939 0.9014 0.4228
vn 0.2817 0.7212 0.6329
vn 0.1434 0.7110 0.6884
vn 0.7269 0.6863 -0.0263
vn -0.3976 0.7457 0.5347
vn -0.4025 0.8054 0.4350
vn -0.0604 0.9326 0.3558
vn 0.1457 0.5652 0.8120
vn -0.0281 0.8736 0.4859
vn 0.4665 0.6902 -0.5532
vn 0.0987 0.5037 0.8582
vn 0.0938 0.5094 0.8554
vn -0.3644 0.5588 0.7449
vn 0.7663 0.2472 -0.5931
vn 0.8798 0.2909 -0.3760
vn 0.9137 0.1297 -0.3852
vn 0.8796 0.4591 -0.1244
vn 0.7682 0.6208 0.1564
vn -0.2314 0.7203 0.6540
vn -0.1112 0.6392 0.7610
vn -0.0441 0.5035 0.8629
vn -0.0507 0.6457 0.7619
vn -0.0931 0.4477 0.8893
vn 0.3689 0.8480 0.3805
vn -0.0317 0.4458 0.8946
vn -0.2294 0.7565 0.6125
vn -0.0569 0.5423 0.8382
vn 0.5385 -0.2304 -0.8105
vn -0.4284 0.7511 0.5023
vn -0.2880 0.7235 0.6274
vn -0.1540 0.3784 -0.9127
vn 0.1361 0.4421 0.8866
vn -0.2161 0.7744 0.5946
vn -0.2144 0.8074 0.5497
vn -0.4400 0.6046 0.6640
vn 0.2983 0.5182 0.8015
vn 0.0638 0.8181 0.5716
vn -0.2381 0.7163 0.6559
vn 0.2858 0.4886 0.8244
vn 0.2902 0.4828 0.8262
vn 0.1851 0.4471 0.8751
vn -0.2776 0.7471 0.6040
vn -0.2045 0.6883 0.6960
vn 0.0675 0.6623 0.7462
vn -0.3542 0.8267 0.4371
vn -0.2384 0.8838 0.4025
vn 0.1019 0.7187 0.6878
vn 0.8960 0.4431 0.0303
vn 0.4189 0.6487 0.6354
vn -0.2154 0.5800 0.7856
vn -0.2828 0.6324 0.7212
vn -0.0050 0.5673 0.8235
vn 0.3144 0.9201 -0.2337
vn -0.2890 0.7962 0.5316
vn 0.0652 0.5754 0.8153
vn -0.2141 0.9625 0.1666
vn 0.4388 0.5233 0.7305
vn 0.5131 0.5124 0.6886
vn 0.0126 0.6644 0.7473
vn -0.1042 0.6155 0.7812
vn 0.0993 0.4870 0.8677
vn 0.0886 0.4461 0.8906
vn 0.1862 0.5282 0.8285
vn -0.4452 0.8184 0.3633
vn -0.2667 0.7953 0.5444
vn -0.1758 0.4407 -0.8803
vn -0.2203 0.4655 -0.8572
vn -0.2588 0.5159 -0.8166
vn -0.3231 0.4959 -0.8060
vn -0.2476 0.4390 -0.8637
vn -0.1397 0.4615 -0.8761
vn -0.4335 0.5182 -0.7372
vn -0.3998 0.5635 -0.7229
vn -0.4710 0.7074 -0.5270
vn -0.3912 0.4723 -0.7899
vn -0.3665 0.4694 -0.8033
vn -0.3338 0.4521 -0.8272
vn -0.4866 0.4455 -0.7515
vn -0.3459 0.4549 -0.8206
vn -0.4350 0.5100 -0.7421
vn -0.3420 0.4089 -0.8461
vn -0.3187 0.4149 -0.8522
vn -0.1795 0.4125 -0.8931
vn -0.2164 0.4022 -0.8896
vn -0.4068 0.4567 -0.7911
vn -0.3122 0.3547 -0.8813
vn -0.2286 0.3429 -0.9112
vn -0.4271 0.5464 -0.7204
vn -0.3524 0.5051 -0.7878
vn -0.4419 0.5054 -0.7412
vn -0.5618 0.5342 -0.6317
vn -0.6452 0.4633 -0.6075
vn -0.6098 0.5766 -0.5437
vn -0.4933 0.6251 -0.6050
vn -0.6457 0.5809 -0.4956
vn -0.5003 0.6672 -0.5519
vn -0.3888 0.6700 -0.6324
vn -0.1394 0.3440 -0.9285
vn -0.1643 0.3164 -0.9343
vn -0.2718 0.3288 -0.9044
vn -0.3633 0.3217 -0.8744
vn -0.1588 0.4700 -0.8683
vn -0.2706 0.4434 -0.8545
vn -0.2759 0.3060 -0.9112
vn -0.4159 0.3078 -0.8557
vn -0.4156 0.5141 -0.7504
vn -0.5238 0.4185 -0.7420
vn -0.4640 0.2944 -0.8355
vn -0.5259 0.7005 -0.4824
vn -0.1854 0.3848 -0.9042
vn -0.3047 0.6136 -0.7285
vn -0.1464 0.4156 -0.8977
vn -0.1566 0.3946 -0.9054
vn -0.2710 0.4661 -0.8422
vn -0.6101 0.3972 -0.6856
vn -0.5666 0.4617 -0.6825
vn -0.1158 0.3383 -0.9339
vn -0.0268 0.3577 -0.9334
vn -0.5096 0.5712 -0.6435
vn -0.6335 0.5719 -0.5211
vn -0.6161 0.6005 -0.5097
vn -0.4389 0.5997 -0.6691
vn -0.8441 0.4800 -0.2390
vn -0.8246 0.5189 -0.2256
vn -0.8890 0.3138 -0.3335
vn -0.4919 0.6176 -0.6137
vn -0.8051 0.4251 -0.4137
vn -0.6957 0.3216 -0.6424
vn -0.7696 0.4183 -0.4825
vn -0.7713 0.2964 -0.5633
vn -0.8476 0.2609 -0.4620
vn -0.8872 0.3676 -0.2787
vn -0.9084 0.3866 -0.1591
vn -0.8894 0.1799 -0.4203
vn -0.8751 0.3830 -0.2957
vn -0.8475 0.5127 -0.1374
vn -0.5726 0.5201 -0.6337
vn -0.4472 0.8001 -0.3999
vn -0.6713 0.3117 -0.6725
vn -0.7127 0.2337 -0.6614
vn -0.6661 0.2927 -0.6860
vn -0.6897 0.2628 -0.6747
vn -0.3553 0.3135 -0.8806
vn -0.8025 0.3216 -0.5026
vn -0.6662 0.4292 -0.6099
vn -0.7693 0.5832 -0.2608
vn -0.7680 0.5305 -0.3587
vn -0.7107 0.4737 -0.5201
vn -0.7548 0.4852 -0.4414
vn -0.7513 0.4277 -0.5026
vn -0.7439 0.5499 -0.3798
vn -0.7484 0.5669 -0.3443
vn -0.7824 0.6088 -0.1311
vn -0.7063 0.6166 -0.3478
vn -0.1647 0.3930 -0.9047
vn 0.0242 0.2165 -0.9760
vn -0.7647 0.5385 -0.3539
vn -0.7101 0.6983 0.0901
vn -0.7858 0.5420 -0.2978
vn -0.6816 0.5977 -0.4221
vn -0.6201 0.7064 -0.3412
vn -0.5801 0.7111 -0.3974
vn -0.6905 0.6358 -0.3449
vn -0.7165 0.6737 -0.1811
vn -0.6790 0.7038 -0.2089
vn -0.6681 0.6860 -0.2881
vn -0.8016 0.5936 -0.0709
vn -0.4391 0.8311 -0.3413
vn -0.7390 0.6106 -0.2848
vn -0.7296 0.6704 -0.1352
vn -0.6244 0.6006 -0.4994
vn -0.4089 0.3159 -0.8562
vn -0.7585 0.4209 -0.4976
vn -0.2284 0.2785 -0.9329
vn -0.8914 0.0417 -0.4513
vn -0.8731 0.0960 -0.4779
vn -0.8614 0.2524 -0.4409
vn -0.8767 0.1275 -0.4638
vn -0.8478 0.3810 -0.3688
vn -0.9415 0.1689 -0.2916
vn -0.8297 0.2609 -0.4935
vn -0.8561 0.3808 -0.3494
vn -0.8858 0.1855 -0.4255
vn -0.1795 0.3297 -0.9269
vn -0.8188 0.3116 -0.4821
vn -0.7472 0.3216 -0.5816
vn -0.5664 0.1470 -0.8109
vn -0.6262 0.2297 -0.7450
vn -0.5307 0.2408 -0.8126
vn -0.6406 0.2143 -0.7374
vn -0.6646 0.2771 -0.6939
vn -0.0553 0.0975 -0.9937
vn -0.6867 0.2395 -0.6863
vn -0.7087 0.2248 -0.6687
vn -0.5051 0.2765 -0.8176
vn -0.7853 0.1068 -0.6098
vn -0.1476 0.2788 -0.9490
vn -0.8609 0.0164 -0.5085
vn -0.2893 0.2975 0.9098
vn -0.2159 0.2902 0.9323
vn -0.2617 0.2741 0.9254
vn -0.2563 0.2329 0.9381
vn -0.2248 0.2301 0.9469
vn -0.2573 0.2188 0.9412
vn -0.3170 0.2251 0.9213
vn 0.1153 -0.8413 0.5281
vn 0.4018 -0.6330 0.6618
vn 0.3494 -0.2556 0.9014
vn 0.1364 -0.0469 0.9895
vn 0.1822 -0.0888 0.9792
vn 0.3649 0.0077 0.9310
vn -0.2890 -0.8929 0.3453
vn -0.1071 -0.6715 0.7332
vn -0.3724 -0.6530 0.6594
vn -0.3199 -0.9418 0.1031
vn -0.1114 -0.9567 0.2689
vn -0.0571 0.2297 0.9716
vn -0.0785 -0.4250 0.9018
vn -0.1903 0.2326 0.9538
vn -0.3044 0.3940 0.8673
vn -0.2193 0.4065 0.8869
vn -0.2748 0.3188 0.9071
vn 0.1121 -0.9806 0.1606
vn -0.1555 -0.9616 0.2261
vn 0.0946 -0.8981 0.4296
vn -0.2673 0.2499 0.9306
vn 0.4897 -0.7836 0.3824
vn 0.0193 -0.2581 0.9659
vn 0.3278 -0.3079 0.8932
vn -0.3122 0.2429 0.9184
vn -0.3047 0.2411 0.9214
vn -0.2816 0.2443 0.9279
vn -0.2791 -0.7764 0.5651
vn -0.1725 0.3249 0.9299
vn -0.0887 0.2925 0.9522
vn -0.1253 0.2832 0.9509
vn -0.0079 -0.2774 0.9607
vn 0.1041 -0.3002 0.9482
vn -0.2354 0.1023 0.9665
vn -0.2661 -0.1127 0.9573
vn -0.3371 -0.5721 0.7477
vn -0.2629 0.2377 0.9351
vn -0.2594 0.2247 0.9393
vn 0.1638 -0.2667 0.9498
vn 0.2626 -0.4678 0.8439
vn -0.2216 0.4153 0.8823
vn -0.2346 0.3800 0.8947
vn -0.3062 0.2322 0.9232
vn -0.2817 0.2979 0.9121
vn -0.2500 0.2104 0.9451
vn -0.2659 0.2269 0.9369
vn -0.1132 0.2854 0.9517
vn -0.5619 0.3168 0.7641
vn -0.4982 0.2638 0.8260
vn -0.5885 0.3224 0.7414
vn -0.2103 0.2509 0.9449
vn -0.2518 0.1327 0.9586
vn -0.2478 0.2638 0.9322
vn -0.1925 0.4687 0.8622
vn -0.3506 0.1710 0.9208
vn -0.2447 0.3098 0.9188
vn -0.2937 0.2836 0.9128
vn 0.3007 -0.4191 0.8567
vn -0.2980 0.2485 0.9216
vn -0.4064 0.2655 0.8743
vn -0.3604 -0.9059 0.2222
vn -0.3893 0.2202 0.8944
vn -0.1531 0.4441 0.8828
vn 0.5049 -0.3163 0.8031
vn 0.3427 -0.0718 0.9367
vn -0.4747 0.2659 0.8390
vn -0.4384 0.2589 0.8607
vn 0.3159 -0.0712 0.9461
vn -0.1858 0.2955 0.9371
vn -0.2261 0.2892 0.9302
vn -0.3198 0.2031 0.9255
vn -0.1196 0.4016 0.9080
vn 0.3860 -0.8767 0.2870
vn -0.2041 0.2864 0.9361
vn -0.4219 0.2582 0.8691
vn -0.4521 0.2270 0.8626
vn -0.4299 -0.7595 0.4883
vn -0.3247 0.2441 0.9138
vn -0.2952 0.2453 0.9234
vn 0.3712 -0.0867 0.9245
vn -0.3484 0.2002 0.9157
vn -0.2768 0.2383 0.9309
vn -0.2351 0.2419 0.9414
vn 0.5490 -0.8071 0.2174
vn -0.3103 0.1870 0.9321
vn -0.1849 0.2670 0.9458
vn -0.5194 -0.7726 0.3650
vn -0.4075 -0.9125 -0.0362
vn 0.1224 -0.0563 0.9909
vn 0.1183 -0.0391 0.9922
vn -0.1774 0.2967 0.9383
vn 0.1686 0.0575 0.9840
vn -0.1642 0.3897 0.9062
vn -0.4350 0.2714 0.8586
vn -0.2239 0.2575 0.9400
vn -0.4269 0.6145 0.6634
vn -0.2162 0.3947 0.8930
vn -0.2895 0.2125 0.9333
vn -0.1882 0.3811 0.9051
vn -0.2406 0.2763 0.9305
vn -0.2303 0.3180 0.9197
vn -0.2377 0.3135 0.9194
vn -0.2240 0.1892 0.9560
vn -0.2330 0.2812 0.9309
vn -0.1859 0.3326 0.9246
vn -0.3179 0.0656 0.9458
vn -0.1207 0.3970 0.9098
vn -0.1717 0.4022 0.8993
vn -0.2293 0.1952 0.9536
vn 0.7100 -0.4179 0.5668
vn 0.5391 -0.5847 0.6062
vn 0.6931 -0.7140 0.0991
vn 0.5331 -0.8461 -0.0004
vn -0.1339 0.3483 0.9278
vn -0.2560 0.2887 0.9226
vn -0.3211 0.2359 0.9172
vn -0.2879 0.2121 0.9339
vn -0.1494 0.3027 0.9413
vn -0.4480 0.2720 0.8517
vn -0.4077 0.2631 0.8744
vn -0.5029 0.2554 0.8258
vn -0.4591 0.5766 0.6758
vn -0.3251 0.3747 0.8683
vn -0.3315 0.2635 0.9059
vn -0.3995 0.2506 0.8818
vn -0.4213 -0.3162 0.8500
vn -0.4168 -0.5696 0.7084
vn -0.5430 0.2542 0.8003
vn -0.1240 0.4088 0.9042
vn -0.2564 0.2833 0.9241
vn -0.5866 -0.6008 0.5431
vn -0.5941 0.2887 0.7508
vn -0.4622 0.2601 0.8478
vn -0.4728 0.1909 0.8603
vn -0.4599 0.2142 0.8617
vn -0.4445 0.1748 0.8786
vn 0.0981 -0.1853 0.9778
vn -0.1384 0.3454 0.9282
vn -0.6812 -0.6888 0.2481
vn -0.1743 -0.3701 0.9125
vn -0.3831 0.1937 0.9032
vn -0.3445 -0.0074 0.9388
vn -0.3296 0.2816 0.9011
vn -0.1686 0.2702 0.9479
vn -0.2069 0.3342 0.9195
vn -0.3641 0.1938 0.9110
vn -0.3188 0.1881 0.9290
vn -0.0327 -0.0253 0.9991
vn -0.1878 0.3115 0.9315
vn -0.2032 0.2864 0.9363
vn -0.2092 0.3007 0.9305
vn -0.2112 0.3535 0.9113
vn -0.1503 0.1681 0.9743
vn -0.1929 0.0765 0.9782
vn -0.0952 0.1636 0.9819
vn -0.2319 0.2748 0.9331
vn -0.2150 0.2690 0.9388
vn -0.1419 0.3085 0.9406
vn -0.1030 0.3521 0.9303
vn -0.1155 0.3402 0.9332
vn -0.0892 0.3124 0.9458
vn -0.1393 0.2174 0.9661
vn -0.1800 0.1486 0.9724
vn -0.1966 0.0670 0.9782
vn -0.2021 0.0418 0.9785
vn -0.1558 0.2615 0.9525
vn -0.1488 0.2552 0.9554
vn -0.0920 0.0733 0.9931
vn -0.0803 0.0978 0.9920
vn -0.1185 0.0933 0.9886
vn -0.1976 0.3889 0.8999
vn -0.1276 0.1832 0.9748
vn -0.0612 0.2239 0.9727
vn -0.0699 0.1619 0.9843
vn -0.1630 0.3115 0.9362
vn -0.2804 0.2233 0.9335
vn -0.2351 0.2606 0.9364
vn -0.0714 0.3231 0.9437
vn -0.0738 0.3598 0.9301
vn -0.2016 0.1323 0.9705
vn -0.1903 0.2231 0.9560
vn -0.0510 0.1545 0.9867
vn -0.2311 0.2537 0.9393
vn -0.1146 0.3818 0.9171
vn -0.0813 0.1390 0.9870
vn -0.2202 0.0983 0.9705
vn -0.2859 0.1484 0.9467
vn -0.0680 0.2313 0.9705
vn -0.1380 0.2493 0.9586
vn -0.2318 0.0460 0.9717
vn -0.0797 0.3386 0.9376
vn -0.0239 0.2199 0.9752
vn -0.2018 0.3030 0.9314
vn -0.1787 0.2643 0.9477
vn -0.1386 0.3324 0.9329
vn -0.1346 0.0453 0.9899
vn -0.1032 0.2288 0.9680
vn -0.1431 0.0593 0.9879
vn -0.1265 0.1704 0.9772
vn -0.2721 0.2211 0.9365
vn -0.1431 0.2739 0.9510
vn -0.0140 0.3212 0.9469
vn -0.0113 0.2512 0.9679
vn -0.2936 0.2103 0.9325
vn -0.6391 0.3806 0.6683
vn -0.3462 0.2013 0.9163
vn 0.0145 0.2678 0.9634
vn 0.0524 0.2457 0.9679
vn 0.0865 0.3088 0.9472
vn -0.0563 0.1678 0.9842
vn -0.0262 0.1601 0.9868
vn -0.0184 0.1178 0.9929
vn 0.0320 0.1095 0.9935
vn 0.0342 0.3301 0.9433
vn 0.0895 0.3656 0.9264
vn 0.0659 0.3739 0.9251
vn -0.0086 0.1308 0.9914
vn -0.0008 0.2037 0.9790
vn -0.0355 0.1457 0.9887
vn 0.0915 0.0925 0.9915
vn 0.2024 0.0913 0.9750
vn 0.1205 0.0440 0.9917
vn 0.1085 0.1676 0.9799
vn 0.0160 0.0926 0.9956
vn -0.0428 0.3706 0.9278
vn 0.0490 0.3459 0.9370
vn -0.3370 0.1458 0.9302
vn -0.2969 0.0937 0.9503
vn -0.2867 0.1582 0.9449
vn -0.2310 0.1496 0.9614
vn -0.1931 0.2684 0.9437
vn -0.2802 0.1878 0.9414
vn -0.2490 0.1423 0.9580
vn -0.0618 0.3666 0.9283
vn -0.0396 0.4023 0.9147
vn -0.2322 0.2396 0.9427
vn -0.2832 0.1830 0.9415
vn -0.3215 0.2144 0.9223
vn -0.2197 0.2241 0.9495
vn -0.0632 0.0825 0.9946
vn -0.0426 0.0311 0.9986
vn -0.0009 0.0450 0.9990
vn 0.1201 0.0526 0.9914
vn 0.0840 0.0577 0.9948
vn 0.1344 0.0504 0.9896
vn 0.1636 0.0200 0.9863
vn 0.1811 0.0134 0.9834
vn 0.0965 0.1247 0.9875
vn 0.0717 0.0447 0.9964
vn 0.1633 0.1084 0.9806
vn -0.0000 0.0386 0.9993
vn -0.0504 0.1404 0.9888
vn -0.0610 0.3455 0.9364
vn -0.1423 0.3760 0.9156
vn -0.1311 0.3808 0.9153
vn -0.2438 0.4358 0.8664
vn -0.0715 0.3975 0.9148
vn -0.0562 0.2413 0.9688
vn -0.0323 0.0510 0.9982
vn -0.0654 0.0142 0.9978
vn -0.0618 0.0837 0.9946
vn -0.1357 0.0349 0.9901
vn -0.1640 0.0155 0.9863
vn -0.0170 0.0647 0.9978
vn -0.1288 0.0558 0.9901
vn 0.0884 0.1149 0.9894
vn -0.0839 0.0382 0.9957
vn -0.0594 0.0799 0.9950
vn -0.1910 0.0650 0.9794
vn -0.2032 0.0690 0.9767
vn -0.1716 0.1910 0.9665
vn -0.0800 0.1457 0.9861
vn -0.2101 0.0484 0.9765
vn -0.2338 0.1184 0.9651
vn -0.1558 0.0702 0.9853
vn -0.2152 0.0455 0.9755
vn -0.2173 0.1690 0.9614
vn -0.1518 0.2130 0.9652
vn -0.1917 0.1631 0.9678
vn -0.2279 0.2078 0.9513
vn 0.3250 0.5141 -0.7938
vn -0.2716 0.2194 0.9371
vn 0.2881 0.0967 0.9527
vn 0.3438 0.0833 0.9353
vn 0.2640 0.1580 0.9515
vn 0.1094 0.3596 0.9267
vn 0.1563 0.3524 0.9227
vn 0.2765 0.1596 0.9477
vn 0.2056 0.1990 0.9582
vn 0.3170 0.1047 0.9426
vn 0.1863 0.0418 0.9816
vn 0.2143 0.0211 0.9765
vn 0.2084 0.0574 0.9764
vn 0.2630 0.2127 0.9411
vn 0.2705 0.1317 0.9537
vn 0.4050 0.0923 0.9097
vn 0.3455 0.1087 0.9321
vn 0.3551 0.0712 0.9321
vn 0.3418 0.0801 0.9364
vn 0.1163 0.3076 0.9444
vn 0.1565 0.2806 0.9470
vn 0.3317 0.2111 0.9195
vn 0.3068 0.1017 0.9463
vn 0.2874 0.0673 0.9554
vn 0.4456 -0.0710 0.8924
vn 0.2551 0.2842 0.9242
vn 0.2075 0.3093 0.9281
vn 0.2871 0.2830 0.9152
vn 0.1792 0.3501 0.9194
vn 0.1823 0.3552 0.9169
vn 0.0957 0.3318 0.9385
vn 0.2438 0.3515 0.9039
vn -0.8595 -0.0330 -0.5101
vn -0.8358 -0.1095 -0.5380
vn -0.8958 -0.0719 -0.4386
vn -0.8711 0.4679 0.1493
vn -0.8923 0.4495 -0.0410
vn -0.8803 0.4733 0.0308
vn -0.8811 0.4672 0.0727
vn -0.8962 0.4336 -0.0937
vn -0.2144 -0.1260 -0.9686
vn -0.2943 -0.1077 -0.9496
vn -0.3497 -0.1251 -0.9285
vn -0.8319 0.1958 -0.5192
vn -0.8074 0.2451 -0.5367
vn -0.8008 0.1333 -0.5839
vn -0.8498 0.2153 -0.4812
vn -0.8966 0.3217 -0.3044
vn -0.9055 0.2061 -0.3709
vn -0.6988 0.0291 -0.7147
vn -0.6728 -0.0238 -0.7394
vn -0.7352 0.0104 -0.6778
vn -0.7115 0.1745 -0.6807
vn -0.7866 0.1125 -0.6072
vn -0.7062 0.1202 -0.6977
vn -0.9538 0.2173 -0.2075
vn -0.9485 0.2177 -0.2301
vn -0.9338 0.2419 -0.2635
vn -0.9237 0.1568 -0.3497
vn -0.8982 0.2003 -0.3914
vn -0.8736 0.0870 -0.4789
vn -0.8324 0.0545 -0.5515
vn -0.8236 0.0525 -0.5647
vn -0.7324 0.1984 -0.6513
vn -0.6690 0.1250 -0.7327
vn -0.8755 0.2642 -0.4046
vn -0.8492 0.1773 -0.4974
vn -0.8158 0.0496 -0.5762
vn -0.7903 0.0494 -0.6107
vn -0.8430 0.0729 -0.5329
vn -0.7601 0.0811 -0.6447
vn -0.6131 -0.0576 -0.7879
vn -0.5979 -0.0077 -0.8015
vn -0.5113 -0.0532 -0.8578
vn -0.9148 0.2941 -0.2767
vn -0.8380 0.3760 -0.3955
vn -0.8976 0.3547 -0.2617
vn -0.8526 0.3161 -0.4161
vn -0.7782 0.1745 -0.6033
vn -0.7829 0.1001 -0.6141
vn -0.7869 -0.0402 -0.6157
vn -0.7561 0.0140 -0.6543
vn -0.8012 0.2643 -0.5369
vn -0.8260 0.2844 -0.4867
vn -0.7479 0.0859 -0.6582
vn -0.8823 0.2597 -0.3926
vn -0.8948 0.2648 -0.3594
vn -0.9322 0.3080 -0.1900
vn -0.8409 0.1709 -0.5135
vn -0.9367 0.1987 -0.2883
vn -0.8977 0.1180 -0.4246
vn -0.9118 0.1216 -0.3922
vn -0.9279 0.2530 -0.2739
vn -0.8527 0.1837 -0.4891
vn -0.8384 -0.1403 -0.5266
vn -0.7546 -0.1177 -0.6455
vn -0.8060 -0.1836 -0.5628
vn -0.8221 -0.3272 -0.4659
vn -0.7589 0.1994 -0.6200
vn -0.7350 0.2152 -0.6430
vn -0.6291 -0.1139 -0.7689
vn -0.7117 -0.1905 -0.6762
vn -0.6724 -0.1100 -0.7320
vn -0.8285 0.0911 -0.5525
vn -0.7859 -0.1413 -0.6020
vn -0.7283 -0.1851 -0.6598
vn -0.7488 -0.1609 -0.6430
vn -0.9192 0.1254 -0.3734
vn -0.8892 0.0656 -0.4529
vn -0.5149 -0.2075 -0.8317
vn -0.6195 -0.2119 -0.7559
vn -0.7990 0.3168 -0.5112
vn -0.7923 0.3293 -0.5136
vn -0.7646 0.0864 -0.6387
vn -0.8330 0.0804 -0.5474
vn -0.7722 0.2182 -0.5967
vn -0.8002 0.2945 -0.5225
vn -0.8760 0.3042 -0.3742
vn -0.6870 -0.0145 -0.7265
vn -0.8149 0.2869 -0.5036
vn -0.5881 0.0566 -0.8068
vn -0.9303 -0.0273 -0.3657
vn -0.7444 0.1863 -0.6412
vn -0.7110 0.0829 -0.6983
vn -0.8312 0.3779 -0.4078
vn -0.8443 0.4299 -0.3198
vn -0.9103 -0.0667 -0.4086
vn -0.8127 0.4226 -0.4012
vn -0.7711 0.4638 -0.4362
vn -0.5382 -0.0821 -0.8388
vn -0.8811 0.0220 -0.4724
vn -0.6805 0.0997 -0.7259
vn -0.8812 -0.1008 -0.4619
vn -0.8716 -0.1158 -0.4764
vn -0.8882 -0.1379 -0.4383
vn -0.4198 -0.0632 -0.9054
vn -0.8401 -0.1992 -0.5045
vn -0.8826 -0.1371 -0.4496
vn -0.9322 0.1127 -0.3439
vn -0.9447 0.1667 -0.2822
vn -0.9380 0.2414 -0.2489
vn -0.9099 0.3435 -0.2326
vn -0.8849 -0.0662 -0.4610
vn -0.8852 -0.0613 -0.4611
vn -0.9032 0.1150 -0.4135
vn -0.8637 0.2079 -0.4592
vn -0.8890 -0.0452 -0.4557
vn -0.9125 0.0190 -0.4087
vn -0.9553 0.1562 -0.2509
vn -0.6263 0.1023 -0.7728
vn -0.5942 0.0023 -0.8043
vn -0.5384 0.0294 -0.8422
vn -0.9037 0.3302 -0.2724
vn -0.6669 0.0422 -0.7439
vn -0.9111 0.3535 -0.2120
vn -0.9269 0.3694 -0.0667
vn -0.8922 0.3717 -0.2565
vn -0.7164 -0.0459 -0.6961
vn -0.9258 0.3325 -0.1797
vn -0.9626 0.1117 -0.2470
vn -0.6564 -0.0268 -0.7540
vn -0.9448 0.1694 -0.2804
vn -0.9178 0.2692 -0.2919
vn -0.9317 0.2400 -0.2726
vn -0.8559 0.2050 -0.4748
vn -0.9243 0.1434 -0.3537
vn -0.9399 0.1201 -0.3196
vn -0.9612 0.1347 -0.2406
vn -0.9192 0.0407 -0.3916
vn -0.4317 -0.0076 -0.9020
vn -0.2293 0.0777 -0.9703
vn -0.5048 0.0037 -0.8633
vn -0.9257 0.3341 -0.1772
vn -0.4464 -0.0189 -0.8947
vn -0.4355 -0.0087 -0.9002
vn -0.2948 -0.1380 -0.9456
vn -0.3751 -0.0926 -0.9223
vn -0.4092 0.0159 -0.9123
vn -0.3123 0.0883 -0.9459
vn -0.8973 0.4160 -0.1477
vn -0.3265 0.0041 -0.9452
vn -0.3104 0.0349 -0.9500
vn -0.8495 0.1160 -0.5147
vn -0.2903 -0.0484 -0.9557
vn -0.2126 0.1130 -0.9706
vn -0.3205 -0.0825 -0.9437
vn -0.6893 -0.1517 -0.7084
vn -0.6889 -0.1743 -0.7036
vn -0.7186 -0.2050 -0.6645
vn -0.6539 -0.2609 -0.7102
vn -0.6877 -0.2692 -0.6743
vn -0.7505 -0.2485 -0.6124
vn -0.1860 -0.0837 -0.9790
vn -0.8413 0.3956 -0.3685
vn -0.8713 0.4621 -0.1651
vn -0.8733 0.4846 -0.0509
vn -0.8369 0.5468 -0.0259
vn -0.9186 0.3692 -0.1408
vn -0.8885 0.4384 -0.1355
vn -0.8767 0.4492 -0.1720
vn -0.6966 0.0499 -0.7158
vn -0.6084 0.0588 -0.7915
vn -0.6127 0.0081 -0.7903
vn -0.7170 0.0312 -0.6963
vn -0.6936 0.1438 -0.7058
vn -0.6724 0.1313 -0.7285
vn -0.8081 0.1820 -0.5602
vn -0.6567 0.1525 -0.7386
vn -0.8507 -0.1658 -0.4988
vn -0.8714 -0.1612 -0.4632
vn -0.5492 0.0348 -0.8350
vn -0.4672 0.0228 -0.8839
vn -0.7535 -0.0700 -0.6537
vn -0.4479 0.0700 -0.8913
vn -0.8700 -0.1495 -0.4698
vn -0.8203 -0.1200 -0.5591
vn -0.4358 -0.1296 -0.8907
vn -0.3910 -0.3379 -0.8561
vn -0.3859 -0.2348 -0.8922
vn -0.4843 -0.3355 -0.8080
vn -0.9340 -0.1946 -0.2995
vn -0.3596 -0.0989 -0.9278
vn -0.3675 -0.1935 -0.9097
vn 0.1982 -0.0785 -0.9770
vn -0.2338 -0.0022 -0.9723
vn 0.0350 -0.0265 -0.9990
vn -0.8535 -0.1829 -0.4880
vn -0.8481 -0.1389 -0.5112
vn -0.8344 -0.1119 -0.5397
vn -0.3346 0.0288 -0.9419
vn -0.8397 -0.1090 -0.5321
vn 0.5701 0.3631 0.7370
vn 0.5327 0.2851 0.7968
vn 0.6434 0.3297 0.6909
vn 0.1074 0.5458 0.8310
vn 0.1024 0.3704 0.9232
vn -0.0289 0.3596 0.9326
vn -0.0355 0.3662 0.9299
vn 0.4967 0.3856 0.7776
vn 0.5236 0.4974 0.6917
vn 0.4306 0.4712 0.7698
vn 0.5099 0.4896 0.7073
vn 0.4032 0.3852 0.8301
vn 0.4649 0.3487 0.8138
vn 0.4733 0.3885 0.7906
vn 0.5441 0.4006 0.7371
vn 0.6109 0.2773 0.7416
vn 0.6363 0.2955 0.7126
vn 0.5394 0.2902 0.7905
vn 0.5247 0.3578 0.7725
vn 0.2134 0.3664 0.9056
vn 0.2561 0.4099 0.8754
vn 0.1416 0.4046 0.9035
vn 0.4424 0.4033 0.8010
vn 0.5151 0.2866 0.8077
vn 0.5568 0.2675 0.7864
vn 0.6089 0.2344 0.7578
vn 0.5380 0.2380 0.8087
vn 0.5722 0.2189 0.7903
vn 0.4363 0.3668 0.8216
vn 0.3751 0.3594 0.8545
vn 0.4440 0.3653 0.8182
vn 0.4694 0.3420 0.8141
vn 0.3369 0.3449 0.8761
vn 0.4279 0.3288 0.8419
vn 0.4394 0.3085 0.8437
vn 0.5153 0.3049 0.8009
vn 0.4335 0.3738 0.8200
vn 0.5100 0.3810 0.7712
vn 0.4511 0.4067 0.7945
vn 0.3688 0.4528 0.8118
vn 0.3816 0.3052 0.8725
vn 0.4809 0.2946 0.8258
vn 0.4180 0.3287 0.8469
vn 0.4257 0.3261 0.8441
vn 0.5248 0.3417 0.7797
vn 0.4471 0.3018 0.8420
vn 0.4938 0.3188 0.8091
vn 0.4969 0.3155 0.8084
vn 0.3532 0.3627 0.8624
vn 0.5519 0.2064 0.8080
vn 0.3119 0.3469 0.8845
vn 0.2977 0.3369 0.8932
vn 0.3020 0.3067 0.9026
vn 0.5019 0.4829 0.7176
vn 0.4569 0.5190 0.7224
vn 0.5069 0.2998 0.8082
vn 0.5295 0.4040 0.7459
vn 0.4932 0.3455 0.7984
vn 0.3937 0.4782 0.7851
vn 0.3440 0.5458 0.7640
vn 0.3170 0.6167 0.7206
vn 0.3811 0.5256 0.7606
vn 0.5894 0.2616 0.7643
vn 0.3712 0.3534 0.8587
vn 0.3188 0.3978 0.8603
vn 0.2789 0.3309 0.9015
vn 0.2300 0.3334 0.9143
vn -0.2006 0.3389 0.9192
vn -0.0887 0.3808 0.9204
vn -0.0791 0.4641 0.8823
vn 0.0317 0.4636 0.8855
vn -0.0417 0.6752 0.7364
vn 0.0265 0.4899 0.8714
vn 0.5516 0.2584 0.7931
vn 0.4673 0.2933 0.8340
vn 0.4786 0.2804 0.8320
vn 0.5451 0.2350 0.8048
vn 0.6252 0.2153 0.7502
vn 0.0329 0.3476 0.9370
vn -0.1429 0.3936 0.9081
vn -0.0148 0.3868 0.9220
vn -0.0243 0.4026 0.9151
vn 0.0980 0.3700 0.9238
vn 0.0996 0.3727 0.9226
vn 0.1050 0.3650 0.9250
vn -0.0187 0.4263 0.9044
vn -0.0386 0.3851 0.9221
vn -0.0095 0.3966 0.9179
vn 0.5784 0.2516 0.7760
vn 0.5548 0.2467 0.7945
vn 0.4405 0.3196 0.8389
vn 0.4936 0.2812 0.8230
vn 0.3847 0.4694 0.7948
vn 0.6721 0.2490 0.6973
vn 0.6266 0.2922 0.7225
vn 0.4759 0.1223 0.8709
vn 0.6156 0.2710 0.7400
vn 0.5612 0.3565 0.7470
vn 0.5047 0.2952 0.8112
vn 0.6592 0.2116 0.7216
vn 0.4620 0.2431 0.8529
vn 0.2451 -0.2385 0.9397
vn -0.0093 0.4029 0.9152
vn 0.3381 0.2631 0.9036
vn 0.4254 0.3037 0.8525
vn 0.3591 0.3411 0.8687
vn 0.3939 0.2652 0.8801
vn 0.3468 0.2016 0.9160
vn -0.0266 0.4068 0.9131
vn 0.3120 0.1354 0.9404
vn 0.3919 0.2177 0.8939
vn 0.3833 0.1848 0.9049
vn 0.3437 0.1478 0.9274
vn 0.3464 0.3536 0.8689
vn 0.4484 0.2416 0.8606
vn 0.1260 0.3098 0.9424
vn 0.1794 0.3453 0.9212
vn 0.1988 0.3434 0.9179
vn 0.1121 0.4081 0.9060
vn 0.1006 0.4210 0.9015
vn 0.0378 0.4790 0.8770
vn 0.4307 0.2999 0.8512
vn 0.2784 0.5073 0.8156
vn 0.2186 0.3817 0.8981
vn -0.3078 0.9436 0.1222
vn 0.3257 0.2268 0.9179
vn 0.2776 0.3712 0.8861
vn 0.3055 0.3701 0.8773
vn 0.0661 0.4291 0.9008
vn 0.1424 0.3616 0.9214
vn 0.6546 0.3071 0.6908
vn 0.2139 0.3620 0.9073
vn 0.2246 0.3757 0.8991
vn 0.2573 0.3501 0.9007
vn 0.4012 0.3557 0.8441
vn 0.1702 0.3780 0.9100
vn 0.4000 0.2653 0.8773
vn 0.1193 0.3937 0.9115
vn 0.1353 0.3898 0.9109
vn 0.2919 0.3482 0.8908
vn 0.2135 0.3780 0.9008
vn 0.1275 0.3621 0.9234
vn 0.1413 0.3687 0.9187
vn 0.2884 0.3504 0.8911
vn 0.0987 0.3958 0.9130
vn 0.3941 0.3325 0.8568
vn 0.0866 0.3513 0.9322
vn 0.6906 0.2142 0.6908
vn 0.3499 0.1142 0.9298
vn 0.2692 0.3682 0.8899
vn 0.3152 0.3511 0.8817
vn 0.2591 0.3279 0.9085
vn 0.2616 0.3800 0.8872
vn 0.2975 0.3600 0.8842
vn 0.3411 0.3747 0.8621
vn 0.3415 0.2818 0.8967
vn 0.1400 0.3848 0.9123
vn 0.1688 0.4005 0.9006
vn 0.2055 0.3767 0.9033
vn 0.2796 0.4403 0.8532
vn 0.3016 0.3227 0.8972
vn 0.2479 0.3151 0.9161
vn 0.2116 0.4155 0.8846
vn 0.1774 0.3861 0.9052
vn 0.3981 0.4316 0.8095
vn 0.0826 0.3952 0.9149
vn 0.1387 0.3851 0.9124
vn 0.4307 0.5075 0.7463
vn 0.3930 0.3467 0.8517
vn 0.3491 0.3435 0.8718
vn 0.3533 0.3435 0.8702
vn 0.3466 0.2809 0.8950
vn 0.2328 0.3626 0.9024
vn 0.3098 0.3740 0.8741
vn 0.3371 0.4616 0.8205
vn 0.2071 0.3678 0.9065
vn 0.4800 0.5873 0.6516
vn 0.3178 0.3813 0.8681
vn 0.6639 0.2898 0.6894
vn -0.0315 0.3892 0.9206
vn 0.4581 0.2026 0.8655
vn -0.2155 -0.1638 0.9627
vn -0.0864 0.3384 0.9370
vn 0.1731 0.7214 0.6705
vn -0.0879 0.3688 0.9254
vn 0.5128 0.3134 0.7993
vn 0.4406 0.1925 0.8768
vn 0.2905 0.2891 0.9122
vn 0.2787 0.5807 0.7650
vn 0.3902 0.6469 0.6552
vn 0.3876 0.6549 0.6487
vn 0.5614 0.6594 0.5000
vn 0.4778 0.6896 0.5442
vn 0.3800 0.6353 0.6723
vn 0.1968 0.6419 0.7411
vn 0.1891 0.5638 0.8039
vn 0.2472 0.6641 0.7056
vn 0.6833 0.7277 0.0604
vn 0.3340 0.9329 -0.1345
vn 0.2860 0.9565 -0.0574
vn 0.7329 0.6149 -0.2913
vn 0.7601 0.6306 -0.1566
vn 0.6497 0.6722 -0.3551
vn 0.5061 0.7859 -0.3554
vn 0.2757 0.6689 0.6903
vn 0.1247 0.6726 0.7294
vn 0.3166 0.6596 0.6817
vn 0.5163 0.8073 -0.2858
vn 0.8650 -0.0991 0.4919
vn -0.1262 0.2978 0.9463
vn 0.1190 0.8108 0.5730
vn 0.2538 0.7982 0.5463
vn 0.1417 0.8703 0.4717
vn 0.3332 0.6080 0.7207
vn 0.3361 0.6793 0.6524
vn 0.3197 0.7663 0.5573
vn 0.7389 0.6725 0.0422
vn 0.2499 0.7013 0.6676
vn 0.2282 0.7534 0.6167
vn 0.1584 0.7647 0.6247
vn 0.3422 0.6418 0.6863
vn 0.2748 0.6805 0.6793
vn 0.1765 0.7631 -0.6217
vn 0.1024 0.8690 -0.4841
vn 0.1201 0.8922 -0.4354
vn 0.1942 0.7714 -0.6059
vn 0.4799 0.8772 0.0158
vn -0.0558 0.8522 -0.5203
vn 0.3055 0.7295 0.6120
vn 0.4473 0.6906 0.5682
vn 0.4851 0.6386 0.5974
vn 0.7534 0.6388 0.1559
vn 0.9902 -0.0534 0.1289
vn 0.6825 0.5333 -0.4998
vn 0.4954 -0.5159 0.6989
vn 0.2900 -0.6158 0.7326
vn 0.2382 -0.7558 0.6100
vn 0.2083 -0.5844 0.7843
vn 0.0413 0.6083 0.7926
vn 0.0220 0.5199 0.8539
vn 0.1056 0.5872 0.8025
vn 0.2966 0.7802 -0.5508
vn 0.3708 0.8375 -0.4014
vn 0.5151 0.6573 -0.5501
vn -0.0755 0.7675 0.6366
vn -0.1986 0.7465 0.6350
vn 0.1138 0.7253 -0.6790
vn 0.0143 0.2784 -0.9604
vn 0.1653 0.5217 0.8369
vn 0.0563 0.8093 0.5847
vn 0.3520 0.6859 0.6369
vn -0.0828 0.2851 0.9549
vn 0.3931 0.5741 0.7183
vn 0.3746 0.5229 0.7656
vn 0.9238 0.2339 -0.3033
vn 0.5051 0.8573 -0.0993
vn 0.8067 0.2224 0.5475
vn 0.4220 0.6427 0.6394
vn 0.7403 0.5884 -0.3252
vn 0.6346 0.6113 -0.4729
vn 0.6903 0.5260 -0.4968
vn 0.8350 -0.3783 0.3996
vn -0.0692 0.2086 -0.9755
vn -0.1265 0.3882 -0.9128
vn 0.1727 0.8157 -0.5521
vn 0.3335 0.8074 -0.4866
vn 0.4856 0.7858 -0.3830
vn 0.9668 -0.2094 0.1465
vn 0.8344 0.1643 -0.5261
vn 0.6546 0.4434 -0.6123
vn -0.0661 0.5810 -0.8112
vn 0.1773 0.5192 -0.8360
vn 0.3665 0.6212 0.6927
vn 0.5098 0.8231 0.2501
vn 0.2805 0.9590 -0.0416
vn 0.5217 0.6679 -0.5307
vn 0.1797 0.8116 -0.5559
vn 0.0928 0.8873 -0.4517
vn 0.3624 0.8361 -0.4118
vn 0.4157 0.7513 -0.5127
vn 0.0064 0.9354 -0.3535
vn 0.0208 0.9167 0.3990
vn -0.4095 0.8860 0.2174
vn -0.3162 0.8928 0.3208
vn -0.2014 0.9727 -0.1150
vn 0.5660 0.7062 -0.4253
vn 0.2056 0.6652 0.7178
vn 0.3145 0.6270 0.7127
vn 0.7720 0.1871 -0.6074
vn 0.5964 0.7446 -0.2999
vn 0.6509 0.7567 -0.0608
vn 0.7765 0.6166 -0.1297
vn 0.5047 0.2533 -0.8253
vn -0.1525 0.4216 -0.8939
vn 0.6305 0.7460 -0.2143
vn 0.1028 0.9533 -0.2841
vn 0.7536 0.5400 -0.3748
vn -0.2327 0.8171 -0.5274
vn 0.0584 0.8899 -0.4524
vn 0.1049 0.7375 -0.6671
vn -0.0028 0.9501 -0.3120
vn -0.1956 0.9756 -0.0993
vn -0.0569 0.8222 -0.5664
vn -0.1844 0.8080 -0.5596
vn 0.6657 0.7443 0.0544
vn -0.0613 0.9862 0.1537
vn -0.0787 0.9606 -0.2664
vn 0.7578 0.6347 -0.1515
vn -0.2602 0.7483 -0.6102
vn 0.7222 0.6789 -0.1323
vn 0.0910 0.7505 0.6545
vn -0.0053 0.8078 0.5895
vn 0.2637 0.6752 0.6889
vn 0.8785 0.4621 0.1216
vn 0.8563 0.5074 0.0961
vn 0.8803 0.4579 0.1240
vn 0.8820 -0.3161 0.3495
vn 0.8693 0.4814 0.1123
vn 0.8951 0.4425 0.0543
vn 0.8798 0.4548 0.1381
vn 0.8385 0.5028 0.2099
vn 0.8994 0.4082 0.1564
vn -0.2958 0.7876 -0.5405
vn -0.3319 0.5491 -0.7671
vn -0.1935 0.7065 -0.6808
vn 0.4852 0.3228 0.8127
vn -0.1318 0.7604 -0.6359
vn -0.0851 0.7897 0.6075
vn -0.1567 0.8492 0.5043
vn 0.3459 0.6679 -0.6590
vn 0.2319 0.6452 -0.7280
vn -0.2451 0.8131 0.5281
vn 0.6737 0.6113 -0.4152
vn 0.4987 0.5808 -0.6434
vn 0.5725 0.5999 -0.5589
vn 0.7951 0.5514 -0.2525
vn 0.7282 0.5373 -0.4256
vn 0.3004 0.6104 -0.7329
vn 0.5772 0.6381 -0.5096
vn -0.3837 0.6524 -0.6536
vn 0.9016 -0.0680 -0.4272
vn 0.8080 0.4619 -0.3658
vn -0.2060 0.0669 -0.9763
vn -0.2530 0.9447 0.2087
vn -0.4348 0.8144 0.3844
vn -0.1456 0.9380 0.3147
vn 0.3534 0.9246 0.1425
vn 0.8187 0.5668 -0.0923
vn 0.8346 0.5127 -0.2012
vn 0.8535 0.4532 -0.2572
vn 0.0660 0.9947 -0.0794
vn 0.7963 0.6050 0.0011
vn 0.9007 0.4340 -0.0218
vn 0.5512 0.7733 -0.3134
vn -0.0265 0.6445 0.7641
vn 0.1312 0.2947 0.9465
vn -0.2258 0.9693 0.0970
vn 0.5237 0.8475 0.0868
vn 0.7883 0.1815 -0.5880
vn -0.0338 0.5611 0.8271
vn 0.1030 0.6366 0.7643
vn 0.4993 0.8390 -0.2163
vn 0.8154 0.5781 -0.0290
vn 0.6262 0.7669 0.1407
vn 0.5841 0.8006 0.1337
vn 0.7680 0.6283 0.1239
vn 0.8493 0.5203 0.0894
vn -0.0990 0.5564 0.8250
vn -0.0362 0.7772 0.6282
vn 0.8279 0.5593 -0.0413
vn 0.7633 0.6399 -0.0885
vn 0.3856 0.7315 -0.5623
vn 0.7610 0.5433 -0.3546
vn 0.7613 0.6350 -0.1311
vn 0.8334 0.5274 -0.1651
vn 0.7039 0.5543 -0.4443
vn 0.8769 0.2602 -0.4042
vn 0.6586 0.7515 -0.0381
vn 0.4201 0.8141 -0.4009
vn 0.2879 0.7164 -0.6355
vn 0.1005 0.7038 0.7032
vn 0.7655 0.6002 -0.2319
vn 0.7799 0.6143 -0.1205
vn 0.7473 0.6607 -0.0708
vn 0.6640 0.7386 0.1167
vn 0.7855 0.6003 -0.1503
vn 0.8052 0.5926 -0.0238
vn 0.6927 0.6912 0.2057
vn 0.7802 0.6247 -0.0332
vn -0.4142 0.5330 0.7378
vn 0.3247 0.7149 0.6193
vn 0.4418 0.8897 -0.1148
vn -0.1842 0.3180 0.9300
vn 0.3727 0.5496 0.7477
vn 0.2758 0.7023 0.6563
vn 0.3049 0.5274 0.7930
vn 0.0621 0.5736 0.8168
vn 0.6244 0.6937 0.3591
vn 0.7375 0.6524 0.1748
vn 0.7358 0.5972 0.3192
vn -0.3810 0.8097 0.4464
vn -0.1635 0.9052 0.3922
vn 0.1886 0.9217 0.3389
vn -0.0632 0.9089 0.4123
vn -0.4070 0.8344 0.3717
vn 0.4095 0.8401 0.3557
vn 0.7686 0.5104 -0.3858
vn 0.7957 0.5397 -0.2749
vn 0.1472 0.8903 0.4310
vn 0.5691 0.7672 0.2959
vn 0.7280 0.6856 0.0088
vn 0.1511 0.5983 -0.7869
vn 0.8391 0.3974 -0.3715
vn 0.8277 0.4150 -0.3778
vn 0.7760 0.5668 -0.2769
vn 0.8085 0.5885 0.0015
vn 0.3883 0.7779 0.4940
vn 0.6704 0.6306 0.3911
vn 0.7139 0.6824 0.1571
vn 0.8802 0.4723 0.0463
vn 0.4524 0.7411 0.4960
vn 0.3992 0.6386 0.6579
vn -0.0179 0.8839 0.4674
vn -0.1353 0.8136 0.5654
vn 0.8029 0.5651 0.1897
vn 0.8594 0.5028 0.0929
vn -0.1306 0.7173 0.6844
vn 0.8793 0.2271 -0.4186
vn 0.8381 0.4960 -0.2273
vn -0.0999 0.7695 0.6307
vn 0.0489 0.5787 0.8141
vn 0.2351 0.9459 0.2235
vn 0.8230 0.3346 -0.4590
vn 0.3491 0.8130 -0.4660
vn 0.1747 0.6123 0.7710
vn 0.6357 0.5759 0.5141
vn 0.7368 0.5190 0.4332
vn 0.6855 0.6547 0.3185
vn 0.2479 0.6569 0.7120
vn 0.5635 0.7852 0.2567
vn 0.7142 0.6562 0.2433
vn 0.4758 0.5926 0.6500
vn 0.5233 0.6080 0.5971
vn 0.5185 0.6452 0.5612
vn 0.4821 0.6010 0.6374
vn 0.5272 0.8180 0.2300
vn 0.5615 0.6022 0.5675
vn 0.5636 0.6112 0.5557
vn 0.5034 0.6552 0.5633
vn 0.4591 0.6592 0.5955
vn 0.7328 0.5481 -0.4032
vn 0.3405 0.7703 0.5391
vn 0.6388 0.6051 0.4751
vn 0.5273 0.6613 0.5335
vn -0.2869 0.3495 -0.8920
vn -0.1997 0.4215 -0.8846
vn 0.6385 0.6373 -0.4315
vn 0.9530 0.2958 0.0652
vn 0.8921 0.4482 -0.0574
vn 0.4506 0.7373 -0.5033
vn 0.4408 0.7013 -0.5602
vn 0.1485 0.6914 0.7070
vn 0.8862 0.4402 0.1442
vn 0.8813 0.4591 0.1122
vn 0.8243 0.5602 0.0824
vn 0.8811 0.4544 0.1309
vn -0.3660 0.3724 0.8529
vn -0.4239 0.8975 0.1215
vn -0.4929 0.7605 0.4227
vn -0.3247 0.7741 0.5435
vn -0.0524 0.7759 0.6287
vn 0.0441 0.8858 0.4620
vn -0.3687 0.9285 0.0443
vn 0.2879 0.7449 0.6018
vn 0.5278 0.6102 0.5909
vn 0.5297 0.6959 0.4849
vn 0.3709 0.6802 0.6322
vn 0.4761 0.8171 0.3250
vn 0.5622 -0.2699 0.7817
vn 0.6052 -0.1291 0.7855
vn 0.3376 -0.5808 0.7408
vn 0.4090 0.5700 0.7126
vn 0.6266 0.2618 0.7340
vn 0.0457 0.0550 0.9974
vn 0.3723 0.7237 0.5811
vn 0.4214 0.6738 0.6070
vn 0.6362 0.0130 0.7714
vn 0.4038 -0.6461 0.6477
vn 0.4802 0.6789 0.5554
vn 0.4182 0.6912 0.5894
vn 0.1136 0.6703 0.7334
vn 0.3488 0.4818 0.8039
vn 0.5324 0.5420 0.6502
vn 0.5794 0.5295 0.6196
vn 0.5592 0.6066 0.5651
vn 0.7061 0.5059 0.4956
vn 0.4496 0.5949 0.6662
vn 0.4762 0.4927 0.7283
vn 0.4587 0.5686 0.6828
vn 0.3637 0.5314 0.7651
vn 0.3912 0.5376 0.7469
vn 0.5720 0.4885 0.6590
vn 0.3015 0.4435 0.8441
vn 0.5607 0.5576 0.6122
vn 0.4489 0.5605 0.6960
vn 0.6992 0.2003 0.6863
vn 0.6134 0.6739 0.4119
vn 0.7173 0.3333 0.6118
vn 0.2698 -0.0876 0.9589
vn 0.4467 -0.2500 0.8590
vn 0.5433 0.7144 0.4410
vn -0.0401 0.2286 0.9727
vn 0.4990 0.0323 0.8660
vn -0.1205 0.1786 0.9765
vn 0.4384 -0.4263 0.7912
vn 0.5392 0.6757 0.5027
vn 0.3548 0.7308 0.5831
vn -0.5568 0.7489 0.3593
vn 0.8411 0.3409 -0.4199
vn 0.6801 0.5717 -0.4589
vn 0.3809 0.2790 0.8815
vn -0.4450 0.8278 0.3417
vn -0.3449 0.8390 0.4208
vn -0.2418 0.7387 0.6292
vn -0.3378 0.8754 0.3456
vn -0.0613 0.8853 0.4610
vn -0.4756 0.8200 0.3186
vn 0.4942 -0.7152 0.4942
vn -0.2110 0.8979 0.3864
vn -0.3014 0.9260 0.2273
vn -0.2315 0.9401 0.2502
vn -0.2495 0.9003 0.3568
vn -0.2077 0.8694 0.4483
vn -0.2478 0.8411 0.4807
vn -0.3110 0.8125 0.4931
vn -0.2232 0.7283 0.6479
vn -0.3241 0.7797 0.5357
vn -0.2666 0.7953 0.5444
vn -0.2015 0.7851 0.5857
vn 0.1251 0.6838 0.7189
vn 0.1911 0.6537 0.7322
vn 0.2995 0.6244 0.7214
vn 0.1407 0.6943 0.7058
vn 0.8907 -0.0905 -0.4454
vn 0.8592 -0.1231 -0.4965
vn 0.8637 -0.0618 -0.5003
vn 0.9146 0.0070 -0.4043
vn 0.9468 0.0087 -0.3218
vn 0.8994 -0.0482 -0.4345
vn 0.8983 0.0295 -0.4384
vn 0.8934 0.0450 -0.4471
vn 0.9436 0.0534 -0.3269
vn 0.8618 0.0127 -0.5071
vn 0.8166 -0.0527 -0.5747
vn 0.8007 -0.0052 -0.5990
vn 0.7441 -0.0874 -0.6624
vn 0.4984 -0.4009 -0.7687
vn 0.4899 -0.4685 -0.7352
vn 0.4741 -0.4630 -0.7489
vn 0.8415 0.0067 -0.5402
vn 0.9049 0.0123 -0.4255
vn 0.9316 0.0218 -0.3629
vn -0.1765 0.5340 -0.8269
vn -0.2035 0.4226 -0.8832
vn 0.0362 0.6094 -0.7920
vn 0.3816 -0.0276 -0.9239
vn 0.3400 0.2182 -0.9147
vn 0.3273 -0.1029 -0.9393
vn 0.4384 -0.3126 -0.8427
vn 0.4117 -0.1730 -0.8948
vn 0.4732 -0.2864 -0.8331
vn 0.8303 0.0154 -0.5571
vn 0.9496 0.0346 -0.3115
vn 0.9761 0.0217 -0.2163
vn 0.2698 -0.0957 -0.9582
vn 0.1134 0.0396 -0.9928
vn 0.2990 -0.0095 -0.9542
vn 0.5725 0.7092 -0.4114
vn -0.2055 0.8390 -0.5039
vn 0.9134 0.3606 -0.1886
vn 0.7171 -0.0228 -0.6966
vn -0.2252 0.7694 -0.5978
vn 0.8787 0.3967 -0.2654
vn 0.4565 0.1579 -0.8756
vn 0.9375 0.0271 -0.3469
vn 0.9461 -0.0173 -0.3235
vn 0.2640 0.8692 -0.4181
vn 0.4348 -0.2215 -0.8729
vn 0.8212 -0.2395 -0.5180
vn 0.7455 -0.2270 -0.6267
vn 0.8290 -0.1837 -0.5283
vn 0.8757 0.0169 -0.4826
vn 0.3821 -0.5377 -0.7516
vn 0.8008 -0.1412 -0.5821
vn 0.8454 -0.2071 -0.4923
vn 0.8394 -0.1670 -0.5172
vn -0.4132 -0.5897 -0.6939
vn -0.4924 -0.7644 -0.4162
vn -0.4712 -0.7651 -0.4390
vn 0.1792 -0.1526 -0.9719
vn 0.1740 -0.2224 -0.9593
vn 0.0565 -0.2088 -0.9763
vn 0.2208 -0.6002 -0.7687
vn 0.4361 -0.7182 -0.5422
vn 0.5269 -0.3876 -0.7564
vn 0.9315 -0.2461 -0.2679
vn 0.9667 0.2389 0.0912
vn 0.8381 -0.5316 -0.1221
vn 0.7468 -0.4872 -0.4527
vn 0.7062 -0.1385 -0.6944
vn 0.4358 -0.0312 -0.8995
vn 0.4656 0.0222 -0.8847
vn 0.4723 -0.0192 -0.8813
vn 0.9450 0.3154 0.0861
vn 0.9719 0.1673 0.1658
vn 0.9675 0.2043 0.1490
vn -0.3097 -0.6296 -0.7125
vn -0.3375 -0.5119 -0.7900
vn -0.3976 -0.7185 -0.5706
vn 0.6693 -0.0687 -0.7398
vn 0.5851 0.1027 -0.8044
vn -0.2903 -0.7502 -0.5940
vn -0.2092 -0.7164 -0.6656
vn 0.9996 -0.0095 -0.0259
vn 0.9884 0.0287 0.1493
vn 0.9890 -0.0412 0.1418
vn 0.1213 0.1628 -0.9792
vn 0.2490 -0.0515 -0.9671
vn 0.1588 0.0190 -0.9871
vn 0.4473 0.8136 -0.3714
vn 0.5676 0.7094 -0.4178
vn 0.5152 0.6905 -0.5077
vn 0.4629 0.0710 -0.8835
vn 0.3526 -0.1904 -0.9162
vn 0.2715 -0.2683 -0.9243
vn 0.4411 -0.0448 -0.8963
vn 0.4707 0.0164 -0.8822
vn 0.7674 0.4158 -0.4881
vn 0.7038 0.5355 -0.4668
vn 0.6838 0.5507 -0.4786
vn 0.4724 0.1365 -0.8708
vn 0.9748 0.1227 0.1863
vn 0.5250 -0.0892 -0.8464
vn 0.5812 0.0823 -0.8096
vn 0.5108 -0.0582 -0.8577
vn 0.5242 -0.4131 -0.7447
vn 0.5408 -0.3534 -0.7633
vn 0.9916 -0.0463 -0.1208
vn 0.9997 -0.0109 0.0236
vn 0.8769 0.4491 0.1715
vn 0.9254 0.3783 0.0217
vn 0.9014 0.4072 0.1472
vn 0.0255 0.8917 -0.4520
vn 0.0815 0.9809 0.1765
vn -0.1715 0.9016 -0.3971
vn 0.5556 0.0437 -0.8303
vn 0.3465 -0.0185 -0.9379
vn 0.3167 -0.0472 -0.9473
vn 0.2460 -0.0105 -0.9692
vn 0.2564 -0.5110 -0.8205
vn 0.2973 -0.0407 -0.9539
vn 0.2235 0.0631 -0.9727
vn 0.1967 0.0024 -0.9805
vn 0.2097 0.0076 -0.9777
vn 0.3073 -0.0704 -0.9490
vn 0.2072 0.1594 -0.9652
vn 0.2164 -0.1516 -0.9645
vn 0.2168 -0.0740 -0.9734
vn 0.7920 -0.1566 -0.5902
vn 0.4312 -0.3980 -0.8097
vn 0.9111 -0.0497 -0.4092
vn 0.5646 0.2095 -0.7984
vn 0.4908 0.2408 -0.8373
vn 0.9847 -0.0169 0.1735
vn 0.4826 -0.2270 -0.8459
vn 0.5754 -0.2405 -0.7817
vn 0.5013 0.0665 -0.8627
vn 0.4130 0.2053 -0.8873
vn 0.3490 0.3672 -0.8622
vn 0.0927 -0.5652 -0.8197
vn 0.2084 -0.6044 -0.7689
vn 0.0120 -0.5283 -0.8490
vn -0.3753 0.0192 -0.9267
vn -0.5653 -0.0856 -0.8204
vn -0.5744 0.0026 -0.8186
vn 0.9430 -0.0265 0.3318
vn 0.9878 -0.0277 0.1533
vn 0.6414 0.5375 -0.5474
vn 0.5983 0.6719 -0.4366
vn 0.8152 0.3425 -0.4670
vn 0.8703 0.2257 -0.4377
vn 0.8573 0.2210 -0.4649
vn 0.3069 -0.1300 -0.9428
vn 0.1092 -0.1009 -0.9889
vn -0.0955 -0.4878 -0.8677
vn -0.2613 -0.5365 -0.8024
vn -0.2737 -0.4850 -0.8305
vn -0.0756 0.7779 -0.6239
vn 0.3694 0.8344 -0.4090
vn -0.3064 -0.1007 -0.9466
vn -0.3877 0.1806 -0.9039
vn -0.2380 0.3251 -0.9152
vn -0.1274 -0.5943 -0.7941
vn -0.4438 -0.2716 -0.8540
vn -0.0703 -0.7112 -0.6994
vn -0.1119 -0.6645 -0.7388
vn 0.9963 -0.0643 0.0569
vn 0.9997 -0.0190 0.0137
vn 0.9885 -0.1109 0.1030
vn 0.9744 0.2124 0.0732
vn 0.5438 0.0123 -0.8391
vn 0.9908 -0.0078 -0.1348
vn 0.9583 0.2764 0.0720
vn 0.4682 -0.0944 -0.8786
vn 0.3422 -0.0270 -0.9392
vn 0.3607 -0.0834 -0.9289
vn 0.2930 0.1817 -0.9387
vn 0.9288 0.3585 0.0943
vn 0.9905 -0.0433 -0.1302
vn 0.8464 0.3984 -0.3535
vn 0.5744 0.5045 -0.6446
vn 0.5151 0.6796 -0.5223
vn 0.5114 -0.1815 -0.8400
vn 0.6575 0.1566 -0.7370
vn 0.9925 -0.1058 0.0611
vn 0.9143 -0.0019 -0.4050
vn 0.8359 -0.0293 -0.5481
vn 0.2790 -0.5667 -0.7753
vn 0.2465 0.2339 -0.9405
vn 0.2977 -0.0303 -0.9542
vn 0.1902 0.2021 -0.9607
vn -0.1839 -0.3456 -0.9202
vn 0.0076 -0.3313 -0.9435
vn 0.6999 0.5417 -0.4655
vn 0.9086 0.1318 -0.3964
vn -0.1078 -0.6416 -0.7594
vn 0.6044 0.1224 -0.7872
vn -0.0417 -0.9169 -0.3969
vn -0.1779 -0.8004 -0.5724
vn -0.2990 -0.6038 -0.7390
vn 0.6255 -0.6071 -0.4901
vn 0.5761 -0.7469 -0.3320
vn 0.2986 -0.6363 -0.7113
vn 0.7041 -0.0368 -0.7091
vn 0.7089 -0.0281 -0.7048
vn 0.7747 -0.0026 -0.6324
vn 0.8087 -0.1887 -0.5572
vn 0.8741 -0.2551 -0.4134
vn 0.8841 -0.1964 -0.4239
vn 0.7370 -0.3348 -0.5872
vn 0.9793 0.0466 -0.1970
vn 0.9941 0.0751 -0.0780
vn 0.8022 -0.0276 -0.5964
vn 0.8276 0.0036 -0.5613
vn 0.7470 0.0073 -0.6647
vn 0.9713 -0.0159 -0.2373
vn 0.9936 0.0054 -0.1129
vn 0.8124 -0.5395 -0.2212
vn 0.7705 -0.0134 -0.6373
vn 0.8323 -0.0693 -0.5500
vn 0.7253 -0.1534 -0.6711
vn 0.7843 -0.0060 -0.6204
vn 0.8466 0.0979 -0.5231
vn 0.8503 -0.0241 -0.5257
vn 0.7722 0.0048 -0.6354
vn -0.0369 -0.8008 -0.5978
vn 0.7165 0.4536 -0.5300
vn 0.7608 0.3452 -0.5496
vn 0.8251 0.3179 -0.4671
vn 0.6420 -0.0935 -0.7610
vn 0.6743 -0.0684 -0.7352
vn 0.0167 -0.3698 -0.9290
vn -0.0946 -0.0610 -0.9936
vn -0.5733 -0.2858 -0.7679
vn -0.3595 -0.4960 -0.7904
vn 0.0689 -0.4999 -0.8633
vn 0.4715 -0.1545 -0.8682
vn 0.8515 -0.0261 -0.5236
vn 0.7617 -0.1513 -0.6301
vn 0.2740 -0.3941 -0.8773
vn 0.9998 -0.0197 -0.0073
vn 0.9336 -0.3240 0.1528
vn 0.8771 -0.0164 -0.4801
vn 0.4321 0.0068 -0.9018
vn 0.5646 -0.1048 -0.8187
vn -0.2689 0.1337 -0.9538
vn -0.5910 0.0878 -0.8018
vn 0.6271 -0.1583 -0.7627
vn 0.9460 0.3038 0.1132
vn 0.9583 0.2695 0.0952
vn 0.9699 0.2209 0.1027
vn 0.9912 0.1311 -0.0155
vn 0.9633 0.2679 -0.0169
vn 0.9426 0.3330 -0.0254
vn 0.8307 -0.1178 -0.5441
vn 0.9419 0.3344 0.0305
vn 0.9636 0.2620 0.0540
vn 0.9009 0.4202 -0.1084
vn 0.6066 -0.3839 -0.6962
vn 0.6039 -0.0574 -0.7950
vn 0.7555 -0.0296 -0.6545
vn 0.9548 -0.2039 -0.2164
vn 0.9354 -0.3060 0.1774
vn 0.8809 -0.0468 -0.4711
vn 0.6028 0.0064 -0.7978
vn 0.5505 0.0092 -0.8348
vn 0.8712 0.1535 -0.4662
vn 0.7031 0.1044 -0.7033
vn 0.7605 0.0999 -0.6416
vn 0.7276 0.0159 -0.6858
vn -0.1090 -0.7845 -0.6105
vn -0.0914 -0.3233 -0.9419
vn -0.0927 0.1892 -0.9776
vn 0.9183 0.3923 -0.0526
vn 0.9590 0.2814 -0.0338
vn 0.2318 -0.6262 -0.7445
vn 0.1472 -0.6043 -0.7831
vn 0.3456 -0.1178 -0.9310
vn 0.9984 0.0375 0.0420
vn 0.3468 0.0018 -0.9380
vn 0.3054 -0.1381 -0.9422
vn 0.3287 0.0452 -0.9434
vn 0.7392 -0.0237 -0.6731
vn 0.6545 -0.5654 0.5020
vn 0.8447 -0.4627 0.2691
vn 0.7118 -0.6062 0.3547
vn 0.9584 -0.2826 0.0390
vn 0.8919 -0.4158 0.1776
vn 0.5008 -0.6135 0.6106
vn 0.4223 -0.0864 -0.9023
vn 0.8365 -0.5319 -0.1321
vn 0.9922 0.1223 -0.0234
vn 0.4494 0.0154 -0.8932
vn 0.6621 0.0918 -0.7438
vn 0.4055 -0.0620 -0.9120
vn 0.3363 -0.1299 -0.9328
vn 0.3445 0.2018 -0.9168
vn 0.4231 -0.0093 -0.9060
vn 0.4704 -0.0478 -0.8812
vn 0.3852 -0.0616 -0.9208
vn 0.3990 0.0208 -0.9167
vn 0.3815 0.1554 -0.9112
vn 0.6729 0.3041 -0.6743
vn 0.7161 0.2991 -0.6306
vn 0.7057 0.2389 -0.6670
vn 0.3361 0.0553 -0.9402
vn 0.9045 0.2573 -0.3402
vn 0.7529 0.4820 -0.4482
vn 0.4552 -0.0842 -0.8864
vn 0.7524 -0.0082 -0.6587
vn 0.4429 -0.5436 -0.7130
vn -0.2115 0.6049 -0.7677
vn -0.1557 0.8179 -0.5539
vn 0.3635 -0.1241 -0.9233
vn 0.3178 -0.0060 -0.9481
vn 0.8898 0.2836 -0.3576
vn 0.5509 0.1452 -0.8219
vn 0.9857 0.0838 0.1464
vn 0.2869 0.2401 -0.9274
vn 0.4892 0.1578 -0.8578
vn 0.1751 -0.0891 -0.9805
vn 0.4267 0.1187 -0.8966
vn 0.4460 0.0616 -0.8929
vn 0.4550 0.0437 -0.8894
vn 0.8960 -0.4423 0.0392
vn -0.2254 0.4996 -0.8364
vn -0.1699 0.0871 -0.9816
vn -0.1050 0.2795 -0.9544
vn 0.8093 -0.0841 -0.5813
vn 0.3409 -0.0667 -0.9377
vn 0.8366 -0.2498 -0.4876
vn 0.9025 -0.2162 -0.3725
vn 0.9189 -0.3463 -0.1887
vn -0.3140 -0.3819 -0.8692
vn -0.2809 -0.2851 -0.9164
vn 0.6697 -0.6046 -0.4313
vn 0.5109 0.0519 -0.8581
vn 0.3202 0.6602 -0.6794
vn 0.8056 0.2196 -0.5502
vn -0.4175 0.5979 -0.6842
vn -0.0675 -0.1733 -0.9826
vn -0.0131 -0.1947 -0.9808
vn 0.9392 0.1343 -0.3159
vn 0.2451 0.5504 -0.7981
vn 0.7255 0.2678 -0.6340
vn 0.1131 -0.2381 -0.9646
vn -0.0954 0.1748 -0.9800
vn 0.7796 0.4707 -0.4132
vn 0.7299 -0.1624 -0.6640
vn -0.4109 0.2809 -0.8673
vn 0.6367 0.3415 -0.6914
vn 0.7147 0.4875 -0.5016
vn 0.9710 0.1932 0.1409
vn 0.2015 0.5596 -0.8039
vn 0.7874 0.5529 -0.2727
vn -0.5740 0.1903 -0.7964
vn -0.5847 0.0463 -0.8099
vn -0.4283 0.7013 -0.5699
vn 0.5779 -0.2102 -0.7886
vn 0.6875 -0.0383 -0.7252
vn 0.8221 -0.0340 -0.5683
vn 0.4394 -0.0571 -0.8965
vn 0.3887 0.1974 -0.9000
vn 0.4669 0.0289 -0.8838
vn 0.6073 0.1845 -0.7727
vn 0.4782 0.1186 -0.8702
vn 0.5347 -0.0256 -0.8447
vn 0.6594 -0.1962 -0.7257
vn 0.6331 -0.3062 -0.7110
vn 0.6577 -0.0250 -0.7529
vn 0.6419 0.3260 -0.6940
vn 0.5477 0.0810 -0.8327
vn 0.5209 -0.2630 -0.8121
vn 0.5193 -0.2612 -0.8137
vn 0.4737 0.0253 -0.8803
vn 0.5051 -0.0946 -0.8578
vn 0.4333 -0.1640 -0.8862
vn 0.5665 -0.3405 -0.7504
vn 0.5397 0.2546 -0.8024
vn 0.6694 -0.0224 -0.7426
vn 0.6207 -0.0680 -0.7811
vn 0.7246 -0.2947 -0.6230
vn 0.6997 -0.2067 -0.6839
vn 0.4636 0.0719 -0.8831
vn 0.4629 -0.1049 -0.8802
vn 0.5399 0.1836 -0.8214
vn 0.5523 -0.0245 -0.8333
vn 0.5153 0.0542 -0.8553
vn 0.3638 0.0303 -0.9310
vn 0.3944 0.0188 -0.9187
vn 0.6378 -0.0142 -0.7701
vn 0.7958 0.0708 -0.6014
vn 0.7990 0.0019 -0.6013
vn 0.5539 -0.1789 -0.8132
vn 0.8111 0.3586 -0.4622
vn 0.8433 0.2789 -0.4594
vn 0.6542 -0.0093 -0.7563
vn 0.6059 -0.1326 -0.7844
vn 0.4653 -0.1291 -0.8757
vn 0.5014 0.0773 -0.8617
vn 0.2824 0.2452 -0.9274
vn 0.6233 0.3373 -0.7055
vn 0.6178 0.6899 -0.3773
vn 0.2211 0.0995 -0.9702
vn 0.6577 -0.1844 -0.7304
vn 0.6315 0.1223 -0.7657
vn 0.5694 0.1483 -0.8086
vn 0.4899 0.0627 -0.8695
vn 0.3863 0.1935 -0.9018
vn 0.6757 0.3451 -0.6514
vn 0.8838 0.4628 -0.0685
vn 0.5000 0.5586 -0.6618
vn 0.7221 0.5226 -0.4533
vn 0.5175 0.0452 -0.8545
vn 0.8286 0.4513 -0.3314
vn 0.9185 0.2873 -0.2716
vn 0.8170 0.2710 -0.5090
vn 0.4348 0.2230 -0.8725
vn 0.9645 0.1657 -0.2059
vn 0.7312 0.1956 -0.6536
vn 0.5511 -0.1166 -0.8263
vn 0.3934 -0.1254 -0.9108
vn 0.6394 -0.0350 -0.7681
vn 0.2375 0.6626 -0.7103
vn 0.3002 0.6647 -0.6842
vn 0.4361 -0.0579 -0.8980
vn 0.2935 0.8461 -0.4449
vn 0.9382 0.3355 0.0848
vn 0.8625 0.0006 -0.5060
vn 0.4672 0.1040 -0.8780
vn 0.6184 0.1317 -0.7748
vn 0.5287 -0.1035 -0.8425
vn 0.4150 -0.5396 -0.7325
vn 0.5027 0.1553 -0.8504
vn 0.4813 0.1872 -0.8563
vn 0.5211 0.2373 -0.8198
vn 0.5869 0.6089 -0.5337
vn 0.6074 0.2628 -0.7497
vn 0.3894 0.1824 -0.9028
vn 0.3015 -0.5818 -0.7554
vn 0.4618 0.3190 -0.8277
vn 0.7020 -0.1067 -0.7042
vn 0.3980 0.0841 -0.9135
vn 0.4257 0.1905 -0.8846
vn 0.5107 0.2211 -0.8308
vn 0.5207 0.2673 -0.8108
vn 0.4571 0.1653 -0.8739
vn 0.6467 0.3146 -0.6948
vn 0.3606 0.6733 -0.6455
vn 0.5290 0.0787 -0.8449
vn 0.7568 0.1396 -0.6386
vn 0.2673 -0.1936 -0.9440
vn 0.1482 0.1486 -0.9777
vn 0.7332 0.3325 -0.5932
vn 0.7397 0.2660 -0.6182
vn 0.4653 0.1810 -0.8665
vn 0.5859 0.1896 -0.7878
vn 0.1231 0.0446 -0.9914
vn 0.1759 0.1014 -0.9792
vn 0.6329 0.2272 -0.7401
vn 0.3363 0.2171 -0.9164
vn 0.2918 0.1224 -0.9486
vn 0.3591 0.2317 -0.9041
vn 0.4597 -0.0008 -0.8881
vn 0.1527 -0.3590 -0.9208
vn 0.0225 0.0972 -0.9950
vn 0.0954 -0.2847 -0.9539
vn 0.5443 0.0770 -0.8353
vn 0.5626 0.3069 -0.7677
vn 0.5629 0.3096 -0.7663
vn 0.5969 0.2419 -0.7650
vn 0.5767 0.2462 -0.7790
vn 0.6065 0.3143 -0.7303
vn 0.6919 -0.5505 -0.4672
vn 0.6035 -0.4922 -0.6273
vn 0.7872 0.5942 -0.1650
vn 0.9351 0.3177 0.1572
vn 0.9005 0.4166 0.1251
vn 0.7924 0.1481 -0.5918
vn 0.4746 -0.5173 -0.7122
vn 0.4343 0.2012 -0.8780
vn 0.4211 0.1208 -0.8989
vn 0.9461 0.3144 0.0776
vn 0.3528 0.0684 -0.9332
vn -0.4783 -0.4746 -0.7389
vn -0.7109 -0.1522 -0.6866
vn -0.3510 0.1868 -0.9175
vn 0.5663 0.2936 -0.7701
vn 0.4872 0.2074 -0.8483
vn 0.9437 0.3117 0.1107
vn 0.9548 0.2863 0.0800
vn -0.0794 0.8659 -0.4938
vn 0.9158 -0.2199 0.3361
vn 0.4983 0.1934 -0.8452
vn 0.9189 0.3562 0.1696
vn 0.8988 0.4308 0.0814
vn 0.9270 0.3615 0.1003
vn 0.9303 0.3204 0.1787
vn 0.5383 0.1191 -0.8343
vn 0.5407 0.1700 -0.8238
vn 0.9566 0.2606 0.1302
vn 0.9718 -0.0691 0.2256
vn 0.9629 0.2527 0.0944
vn 0.9335 0.1634 0.3192
vn 0.8956 0.1480 0.4196
vn 0.3570 -0.0667 -0.9317
vn 0.4142 -0.0052 -0.9102
vn 0.8728 0.4798 0.0890
vn 0.8989 0.4161 0.1375
vn -0.3173 -0.8083 -0.4959
vn 0.8991 0.4288 0.0880
vn -0.3219 0.3875 -0.8639
vn 0.0569 0.1863 -0.9808
vn 0.3481 -0.0493 -0.9362
vn 0.3896 0.1940 -0.9003
vn -0.3908 -0.0840 -0.9166
vn 0.2430 -0.1227 -0.9622
vn -0.0157 -0.1275 -0.9917
vn 0.0565 -0.1139 -0.9919
vn -0.2229 -0.9000 -0.3746
vn 0.2284 0.0128 -0.9735
vn -0.2068 -0.2666 -0.9414
vn 0.3789 -0.2196 -0.8990
vn 0.4122 0.4050 -0.8161
vn 0.5318 0.1848 -0.8265
vn 0.4477 0.0965 -0.8889
vn 0.9527 0.1449 0.2671
vn 0.5216 -0.0115 -0.8531
vn 0.5976 -0.0715 -0.7986
vn 0.3183 -0.0438 -0.9470
vn 0.5374 -0.0145 -0.8432
vn 0.3299 0.0758 -0.9410
vn 0.4000 0.0862 -0.9124
vn 0.6683 -0.1296 -0.7325
vn -0.1904 0.1819 -0.9647
vn 0.5193 0.1781 -0.8358
vn 0.2789 0.9592 -0.0468
vn 0.7443 -0.2779 -0.6072
vn -0.2686 -0.7307 -0.6277
vn 0.1612 -0.7582 -0.6318
vn 0.2846 -0.6921 -0.6633
vn -0.0948 -0.6994 -0.7084
vn 0.8858 -0.0967 -0.4539
vn -0.7330 0.1177 -0.6700
vn 0.9910 -0.0242 -0.1315
vt 0.531785 0.991966
vt 0.528547 0.988237
vt 0.526534 0.991642
vt 0.535150 0.999872
vt 0.533456 0.994242
vt 0.525664 0.999448
vt 0.541751 0.995076
vt 0.979948 0.814341
vt 0.962096 0.814831
vt 0.970563 0.828089
vt 0.980667 0.829319
vt 0.981190 0.824804
vt 0.416765 0.987409
vt 0.416028 0.995116
vt 0.423206 0.990799
vt 0.406877 0.989931
vt 0.404482 0.998686
vt 0.395547 0.993399
vt 0.395414 0.986333
vt 0.008425 0.297475
vt 0.020639 0.297475
vt 0.004508 0.287910
vt 0.020639 0.282680
vt 0.009212 0.281979
vt 0.519789 0.991242
vt 0.518707 0.999379
vt 0.523782 0.996034
vt 0.511597 0.999299
vt 0.509191 0.991239
vt 0.502455 0.990014
vt 0.504474 0.997768
vt 0.514660 0.987780
vt 0.524297 0.990488
vt 0.495508 0.998353
vt 0.500684 0.994456
vt 0.493176 0.988899
vt 0.484749 0.987872
vt 0.490033 0.998193
vt 0.485761 0.998754
vt 0.477915 0.989447
vt 0.479259 0.996705
vt 0.985336 0.557541
vt 0.982311 0.554548
vt 0.974924 0.554466
vt 0.969974 0.563501
vt 0.968496 0.571232
vt 0.975288 0.572324
vt 0.994139 0.559394
vt 0.980484 0.569360
vt 0.996191 0.571032
vt 0.990015 0.329943
vt 0.984474 0.335445
vt 0.987735 0.340623
vt 0.986923 0.320842
vt 0.978540 0.325110
vt 0.976443 0.332824
vt 0.994921 0.332591
vt 0.995572 0.328160
vt 0.982637 0.317483
vt 0.994735 0.323026
vt 0.971255 0.337897
vt 0.978865 0.340349
vt 0.471951 0.990372
vt 0.468547 0.987075
vt 0.460518 0.998407
vt 0.454901 0.998396
vt 0.461326 0.990383
vt 0.472386 0.996238
vt 0.465933 0.996238
vt 0.467836 0.998707
vt 0.452175 0.988192
vt 0.453553 0.992470
vt 0.459404 0.986275
vt 0.475594 0.991062
vt 0.960011 0.628711
vt 0.966138 0.638179
vt 0.966861 0.625242
vt 0.972525 0.627553
vt 0.978480 0.631279
vt 0.974542 0.625667
vt 0.978356 0.637619
vt 0.981420 0.629124
vt 0.980523 0.623966
vt 0.971014 0.623458
vt 0.983809 0.627261
vt 0.976056 0.087575
vt 0.983022 0.090512
vt 0.980274 0.084700
vt 0.978891 0.093715
vt 0.977821 0.098968
vt 0.982233 0.097134
vt 0.986935 0.095550
vt 0.986092 0.081609
vt 0.992827 0.086578
vt 0.993094 0.097346
vt 0.991499 0.092535
vt 0.979388 0.081088
vt 0.993447 0.080807
vt 0.425836 0.993634
vt 0.428117 0.998563
vt 0.425571 0.990660
vt 0.433805 0.999360
vt 0.447636 0.987107
vt 0.445428 0.991468
vt 0.449748 0.991034
vt 0.439168 0.991307
vt 0.442282 0.987263
vt 0.438179 0.986332
vt 0.432490 0.986194
vt 0.428042 0.986397
vt 0.439481 0.995944
vt 0.967415 0.729649
vt 0.988840 0.729631
vt 0.986778 0.706269
vt 0.996149 0.722302
vt 0.997056 0.717161
vt 0.992546 0.716212
vt 0.967415 0.704211
vt 0.967415 0.714866
vt 0.979092 0.702680
vt 0.991295 0.706794
vt 0.996857 0.710138
vt 0.994208 0.704969
vt 0.998342 0.705870
vt 0.988948 0.678852
vt 0.983503 0.664357
vt 0.969445 0.675778
vt 0.979229 0.696922
vt 0.970677 0.692176
vt 0.974723 0.699202
vt 0.991470 0.672341
vt 0.969209 0.642157
vt 0.969209 0.654296
vt 0.976853 0.653194
vt 0.992089 0.679741
vt 0.993924 0.649117
vt 0.986394 0.688303
vt 0.981146 0.692341
vt 0.984777 0.642157
vt 0.970221 0.685232
vt 0.969209 0.663251
vt 0.994408 0.668502
vt 0.028647 0.408868
vt 0.022974 0.413222
vt 0.026040 0.414451
vt 0.012819 0.412755
vt 0.019934 0.407710
vt 0.009231 0.413845
vt 0.015013 0.398871
vt 0.002895 0.401025
vt 0.020548 0.416539
vt 0.029208 0.412276
vt 0.025628 0.406541
vt 0.018447 0.415074
vt 0.015085 0.416010
vt 0.025005 0.399694
vt 0.023942 0.403576
vt 0.003063 0.411629
vt 0.008743 0.069693
vt 0.010155 0.073082
vt 0.020313 0.074461
vt 0.005393 0.053369
vt 0.001480 0.059066
vt 0.016105 0.050650
vt 0.021877 0.064272
vt 0.025024 0.060338
vt 0.017197 0.079709
vt 0.010908 0.078112
vt 0.019410 0.068653
vt 0.025111 0.055363
vt 0.021911 0.049772
vt 0.000036 0.066034
vt 0.005960 0.068875
vt 0.000036 0.054171
vt 0.974561 0.952995
vt 0.969447 0.953893
vt 0.972140 0.956337
vt 0.954232 0.982834
vt 0.966197 0.977610
vt 0.961491 0.978696
vt 0.965003 0.964998
vt 0.970671 0.971961
vt 0.968751 0.966277
vt 0.960894 0.971379
vt 0.989742 0.950642
vt 0.981015 0.951027
vt 0.978603 0.959196
vt 0.996550 0.944560
vt 0.983989 0.943464
vt 0.961917 0.974657
vt 0.971083 0.960868
vt 0.975914 0.962734
vt 0.963654 0.980775
vt 0.956052 0.983774
vt 0.975978 0.968759
vt 0.973297 0.975601
vt 0.986433 0.965041
vt 0.984231 0.955787
vt 0.968427 0.981367
vt 0.973988 0.980718
vt 0.021770 0.175558
vt 0.025276 0.167436
vt 0.018320 0.166499
vt 0.007222 0.200714
vt 0.013510 0.198830
vt 0.006994 0.197843
vt 0.029183 0.191651
vt 0.017453 0.197669
vt 0.020194 0.204630
vt 0.030043 0.173578
vt 0.018107 0.168977
vt 0.018819 0.172289
vt 0.014665 0.187726
vt 0.013869 0.191805
vt 0.031874 0.196194
vt 0.016393 0.183462
vt 0.016696 0.168575
vt 0.032600 0.204744
vt 0.019289 0.162833
vt 0.016977 0.162833
vt 0.015203 0.165948
vt 0.017088 0.179968
vt 0.016696 0.176251
vt 0.029860 0.184696
vt 0.472228 0.052664
vt 0.487657 0.054718
vt 0.481281 0.042366
vt 0.474757 0.037958
vt 0.483328 0.035427
vt 0.499426 0.043449
vt 0.476893 0.054146
vt 0.471970 0.051606
vt 0.499642 0.034017
vt 0.512996 0.024921
vt 0.485970 0.031299
vt 0.520273 0.051220
vt 0.522684 0.029916
vt 0.565792 0.024466
vt 0.550734 0.025176
vt 0.567623 0.045393
vt 0.532289 0.034969
vt 0.555997 0.047128
vt 0.550116 0.052013
vt 0.539391 0.027666
vt 0.500545 0.023620
vt 0.493298 0.029678
vt 0.499630 0.061014
vt 0.543279 0.057301
vt 0.520243 0.064235
vt 0.509234 0.065198
vt 0.997514 0.471820
vt 0.987962 0.464965
vt 0.972208 0.466897
vt 0.975843 0.511438
vt 0.986197 0.496656
vt 0.975832 0.503047
vt 0.984833 0.490597
vt 0.995737 0.493114
vt 0.992146 0.508718
vt 0.997858 0.500411
vt 0.968833 0.491958
vt 0.972536 0.496497
vt 0.995811 0.481904
vt 0.996873 0.487892
vt 0.980470 0.514585
vt 0.987309 0.516281
vt 0.993667 0.513871
vt 0.966299 0.483025
vt 0.997681 0.478162
vt 0.966294 0.474460
vt 0.996267 0.461759
vt 0.988727 0.461247
vt 0.048675 0.667468
vt 0.044848 0.690195
vt 0.054848 0.683102
vt 0.050952 0.697569
vt 0.053373 0.689367
vt 0.055342 0.700177
vt 0.062888 0.704834
vt 0.059454 0.694965
vt 0.054035 0.696401
vt 0.066001 0.694556
vt 0.075843 0.699952
vt 0.071526 0.682158
vt 0.066182 0.682236
vt 0.088891 0.688887
vt 0.090952 0.707599
vt 0.066603 0.705118
vt 0.070839 0.705388
vt 0.064174 0.677111
vt 0.076121 0.682009
vt 0.056492 0.706791
vt 0.035319 0.682255
vt 0.015446 0.783597
vt 0.017952 0.776597
vt 0.011853 0.777457
vt 0.001267 0.754763
vt 0.012216 0.758151
vt 0.000783 0.745953
vt 0.007467 0.784812
vt 0.007698 0.765841
vt 0.001989 0.771501
vt 0.021419 0.768951
vt 0.019667 0.760224
vt 0.013693 0.745953
vt 0.003433 0.759321
vt 0.000783 0.765538
vt 0.024018 0.782215
vt 0.025255 0.753795
vt 0.020521 0.749791
vt 0.001369 0.779259
vt 0.030156 0.765015
vt 0.029495 0.758650
vt 0.026265 0.775682
vt 0.031320 0.770550
vt 0.023999 0.901281
vt 0.022339 0.890786
vt 0.019166 0.902487
vt 0.029943 0.900055
vt 0.027652 0.901147
vt 0.034242 0.899326
vt 0.029404 0.888074
vt 0.015890 0.897123
vt 0.026896 0.892382
vt 0.020395 0.878317
vt 0.026156 0.876994
vt 0.029882 0.880383
vt 0.036643 0.885529
vt 0.044393 0.901774
vt 0.047075 0.887410
vt 0.016215 0.884129
vt 0.009240 0.889835
vt 0.011835 0.894572
vt 0.011192 0.882390
vt 0.007295 0.884208
vt 0.005601 0.887634
vt 0.046234 0.897856
vt 0.039768 0.902587
vt 0.049508 0.900902
vt 0.073135 0.147544
vt 0.079816 0.140144
vt 0.073050 0.136083
vt 0.038772 0.134328
vt 0.042487 0.138411
vt 0.049744 0.127933
vt 0.051645 0.138938
vt 0.038930 0.125613
vt 0.034829 0.124210
vt 0.034499 0.124647
vt 0.056594 0.141783
vt 0.063376 0.130071
vt 0.060399 0.147012
vt 0.068864 0.145003
vt 0.058022 0.128029
vt 0.086067 0.144602
vt 0.088740 0.143174
vt 0.088738 0.134329
vt 0.080987 0.134069
vt 0.081326 0.147951
vt 0.075164 0.123852
vt 0.076028 0.128987
vt 0.081034 0.124887
vt 0.070040 0.127598
vt 0.037876 0.127954
vt 0.043127 0.126844
vt 0.085805 0.128822
vt 0.093377 0.138212
vt 0.064443 0.124206
vt 0.975432 0.070580
vt 0.983710 0.063904
vt 0.974465 0.064044
vt 0.988723 0.068581
vt 0.998781 0.066627
vt 0.996084 0.065339
vt 0.994541 0.062902
vt 0.997319 0.070206
vt 0.988055 0.072495
vt 0.999392 0.074921
vt 0.975166 0.055761
vt 0.981953 0.052781
vt 0.975327 0.049277
vt 0.990995 0.056889
vt 0.979988 0.058836
vt 0.964073 0.050149
vt 0.969245 0.052127
vt 0.967402 0.047130
vt 0.970841 0.059681
vt 0.972475 0.062595
vt 0.994772 0.078488
vt 0.988183 0.052655
vt 0.987964 0.044518
vt 0.982892 0.045792
vt 0.990300 0.048585
vt 0.968022 0.055917
vt 0.964477 0.054044
vt 0.987003 0.070088
vt 0.988560 0.076236
vt 0.959373 0.045758
vt 0.960818 0.042323
vt 0.958340 0.042011
vt 0.958946 0.040292
vt 0.969418 0.062771
vt 0.039917 0.832712
vt 0.031578 0.830031
vt 0.039669 0.835043
vt 0.027211 0.815366
vt 0.021061 0.814721
vt 0.029705 0.817472
vt 0.013954 0.840447
vt 0.020782 0.829610
vt 0.002931 0.835481
vt 0.026615 0.831356
vt 0.035615 0.836491
vt 0.017891 0.825140
vt 0.006352 0.816059
vt 0.002932 0.824285
vt 0.009103 0.802742
vt 0.013878 0.797683
vt 0.006994 0.797327
vt 0.035699 0.819478
vt 0.024339 0.821944
vt 0.035995 0.822753
vt 0.032402 0.826104
vt 0.027080 0.825129
vt 0.021228 0.805007
vt 0.009651 0.808617
vt 0.022882 0.825408
vt 0.039018 0.828839
vt 0.022803 0.838003
vt 0.023843 0.830205
vt 0.025431 0.833782
vt 0.973264 0.843293
vt 0.971038 0.833607
vt 0.969884 0.839526
vt 0.951362 0.837042
vt 0.942926 0.840659
vt 0.948436 0.846315
vt 0.942094 0.830355
vt 0.942586 0.833675
vt 0.968203 0.846531
vt 0.961616 0.843116
vt 0.961251 0.847186
vt 0.966385 0.829127
vt 0.956676 0.819017
vt 0.947071 0.813296
vt 0.978369 0.839996
vt 0.975329 0.853459
vt 0.983830 0.854625
vt 0.991234 0.852906
vt 0.989519 0.844714
vt 0.941351 0.823205
vt 0.965732 0.849926
vt 0.968254 0.855120
vt 0.989745 0.857116
vt 0.960223 0.839377
vt 0.983588 0.836591
vt 0.963466 0.823774
vt 0.977445 0.836172
vt 0.974512 0.835515
vt 0.981270 0.214298
vt 0.984718 0.216759
vt 0.989918 0.212978
vt 0.970914 0.227809
vt 0.961681 0.226683
vt 0.960618 0.230132
vt 0.970307 0.232162
vt 0.975464 0.232234
vt 0.977403 0.212441
vt 0.970569 0.214352
vt 0.970640 0.219184
vt 0.978880 0.217834
vt 0.963760 0.216095
vt 0.957674 0.224555
vt 0.964850 0.221930
vt 0.954610 0.228074
vt 0.965882 0.224961
vt 0.974549 0.221549
vt 0.986599 0.224517
vt 0.991284 0.215835
vt 0.956013 0.212873
vt 0.991245 0.214256
vt 0.979464 0.233351
vt 0.981469 0.229785
vt 0.962281 0.233787
vt 0.945756 0.221883
vt 0.946145 0.225326
vt 0.979396 0.225241
vt 0.947322 0.227719
vt 0.941834 0.224342
vt 0.038903 0.340675
vt 0.034510 0.339295
vt 0.037755 0.342939
vt 0.038111 0.337950
vt 0.018576 0.353300
vt 0.027390 0.358449
vt 0.031640 0.354450
vt 0.039384 0.333086
vt 0.030359 0.325749
vt 0.013613 0.328084
vt 0.011776 0.324027
vt 0.032044 0.343888
vt 0.036172 0.347172
vt 0.049173 0.326285
vt 0.041846 0.323080
vt 0.022304 0.304732
vt 0.019153 0.302398
vt 0.020154 0.305497
vt 0.021486 0.359453
vt 0.037197 0.352682
vt 0.013168 0.350552
vt 0.013480 0.334202
vt 0.009172 0.342313
vt 0.032417 0.314486
vt 0.039017 0.315195
vt 0.016387 0.312791
vt 0.011665 0.318290
vt 0.029386 0.312406
vt 0.023535 0.307843
vt 0.019671 0.308581
vt 0.028017 0.308892
vt 0.012047 0.313814
vt 0.038536 0.907074
vt 0.020950 0.910485
vt 0.029798 0.918442
vt 0.053018 0.927286
vt 0.045421 0.949151
vt 0.022348 0.977399
vt 0.031736 0.980558
vt 0.023595 0.972871
vt 0.011486 0.964669
vt 0.023871 0.968513
vt 0.022485 0.943908
vt 0.065454 0.930875
vt 0.060801 0.944413
vt 0.073072 0.934866
vt 0.053761 0.978280
vt 0.070762 0.963501
vt 0.072906 0.950815
vt 0.042252 0.976429
vt 0.053133 0.915886
vt 0.061255 0.922479
vt 0.007822 0.922224
vt 0.026510 0.983880
vt 0.069461 0.978632
vt 0.026707 0.906436
vt 0.038261 0.980696
vt 0.007720 0.966150
vt 0.622484 0.042315
vt 0.600327 0.048365
vt 0.620151 0.047506
vt 0.614030 0.032536
vt 0.605765 0.022169
vt 0.596417 0.031952
vt 0.611626 0.038480
vt 0.620837 0.071936
vt 0.619911 0.077783
vt 0.623706 0.077220
vt 0.615472 0.075962
vt 0.623589 0.082858
vt 0.605109 0.062843
vt 0.625256 0.066376
vt 0.611413 0.071847
vt 0.584121 0.026388
vt 0.582962 0.022228
vt 0.583306 0.023275
vt 0.601607 0.014440
vt 0.611588 0.026417
vt 0.589695 0.014156
vt 0.590401 0.026225
vt 0.595533 0.010240
vt 0.597482 0.042947
vt 0.586757 0.018736
vt 0.605968 0.054226
vt 0.590432 0.040537
vt 0.581265 0.020871
vt 0.583745 0.018056
vt 0.588970 0.030167
vt 0.606309 0.014392
vt 0.624239 0.057631
vt 0.585947 0.034736
vt 0.619347 0.036935
vt 0.915064 0.868857
vt 0.915089 0.877117
vt 0.928146 0.875876
vt 0.899828 0.770213
vt 0.915089 0.767807
vt 0.908316 0.772279
vt 0.910646 0.862120
vt 0.917760 0.824144
vt 0.910040 0.852242
vt 0.936488 0.825794
vt 0.938003 0.833779
vt 0.939141 0.842602
vt 0.931938 0.868883
vt 0.931023 0.859238
vt 0.946223 0.790407
vt 0.946338 0.776910
vt 0.920680 0.808459
vt 0.939868 0.809406
vt 0.923069 0.877975
vt 0.939475 0.818660
vt 0.908363 0.844234
vt 0.889747 0.849286
vt 0.891856 0.824806
vt 0.946338 0.800184
vt 0.888758 0.809087
vt 0.918748 0.755091
vt 0.888333 0.780341
vt 0.888539 0.786352
vt 0.894868 0.781523
vt 0.889882 0.795565
vt 0.939605 0.852581
vt 0.922511 0.882674
vt 0.946338 0.755100
vt 0.929759 0.755100
vt 0.031321 0.215482
vt 0.024485 0.214182
vt 0.025834 0.222690
vt 0.019928 0.228468
vt 0.031712 0.232514
vt 0.008489 0.220098
vt 0.021192 0.211162
vt 0.008651 0.212782
vt 0.017451 0.207230
vt 0.013305 0.209475
vt 0.020260 0.237531
vt 0.024541 0.237110
vt 0.014907 0.247858
vt 0.011307 0.250515
vt 0.019629 0.253377
vt 0.025674 0.249447
vt 0.013989 0.206227
vt 0.008602 0.230720
vt 0.005844 0.224456
vt 0.028528 0.242035
vt 0.028535 0.238214
vt 0.034157 0.226066
vt 0.029726 0.235606
vt 0.011930 0.240095
vt 0.014371 0.233585
vt 0.003245 0.239219
vt 0.000086 0.227667
vt 0.928257 0.054521
vt 0.915482 0.072509
vt 0.926133 0.066448
vt 0.956385 0.057446
vt 0.950864 0.050326
vt 0.942643 0.054269
vt 0.942371 0.043904
vt 0.885102 0.063115
vt 0.888603 0.064705
vt 0.887642 0.056642
vt 0.951421 0.040928
vt 0.964399 0.069208
vt 0.966620 0.065737
vt 0.966690 0.059508
vt 0.934299 0.046338
vt 0.932195 0.068715
vt 0.943344 0.064702
vt 0.897993 0.063893
vt 0.892324 0.049192
vt 0.893725 0.063145
vt 0.949390 0.067079
vt 0.894313 0.042561
vt 0.900581 0.043905
vt 0.895720 0.041018
vt 0.922623 0.046307
vt 0.915867 0.046131
vt 0.909586 0.066939
vt 0.928292 0.044420
vt 0.920275 0.044094
vt 0.909818 0.041816
vt 0.902340 0.067805
vt 0.930504 0.027655
vt 0.934629 0.017721
vt 0.925345 0.014602
vt 0.909079 0.013706
vt 0.910447 0.022298
vt 0.912652 0.011984
vt 0.885746 0.025928
vt 0.885597 0.033234
vt 0.889928 0.035156
vt 0.887267 0.020220
vt 0.882379 0.014132
vt 0.876475 0.019764
vt 0.882245 0.020285
vt 0.902346 0.022542
vt 0.904456 0.014093
vt 0.907418 0.029380
vt 0.900538 0.015042
vt 0.893090 0.014594
vt 0.876082 0.014730
vt 0.901800 0.029877
vt 0.923825 0.027257
vt 0.879990 0.011387
vt 0.884347 0.012673
vt 0.931449 0.012277
vt 0.920495 0.033444
vt 0.912016 0.035027
vt 0.921324 0.030771
vt 0.878624 0.012515
vt 0.895809 0.012177
vt 0.888968 0.014817
vt 0.871150 0.011444
vt 0.004838 0.030186
vt 0.006160 0.024535
vt 0.001939 0.025487
vt 0.016693 0.031936
vt 0.018356 0.026848
vt 0.010333 0.030585
vt 0.012744 0.008112
vt 0.008599 0.016369
vt 0.016204 0.014502
vt 0.018868 0.020187
vt 0.023106 0.019528
vt 0.019816 0.009353
vt 0.004678 0.011685
vt 0.027756 0.011493
vt 0.029828 0.008236
vt 0.026171 0.006312
vt 0.001961 0.020071
vt 0.020100 0.002254
vt 0.013833 0.003454
vt 0.023672 0.026541
vt 0.007970 0.035584
vt 0.000134 0.029003
vt 0.012491 0.035351
vt 0.010798 0.022922
vt 0.018069 0.037833
vt 0.005362 0.005468
vt 0.016506 0.040015
vt 0.027597 0.016299
vt 0.000487 0.032705
vt 0.000428 0.014957
vt 0.028189 0.020302
vt 0.013723 0.038636
vt 0.033659 0.422707
vt 0.036715 0.428120
vt 0.037946 0.423236
vt 0.029808 0.426125
vt 0.029853 0.432490
vt 0.030501 0.421711
vt 0.040211 0.417508
vt 0.032647 0.414500
vt 0.023397 0.433772
vt 0.020942 0.429828
vt 0.015335 0.436224
vt 0.051237 0.421504
vt 0.046434 0.413758
vt 0.051730 0.431306
vt 0.026155 0.428504
vt 0.014501 0.448824
vt 0.034114 0.441269
vt 0.026375 0.425425
vt 0.019793 0.426883
vt 0.014600 0.440551
vt 0.035588 0.434537
vt 0.015784 0.428241
vt 0.009950 0.430482
vt 0.009800 0.436095
vt 0.040330 0.415202
vt 0.036712 0.413140
vt 0.027029 0.421299
vt 0.022651 0.422350
vt 0.029752 0.417814
vt 0.032687 0.719457
vt 0.038255 0.726796
vt 0.037341 0.720371
vt 0.024778 0.731742
vt 0.031464 0.728863
vt 0.016959 0.718322
vt 0.042235 0.723920
vt 0.048443 0.711523
vt 0.045800 0.724098
vt 0.053142 0.714360
vt 0.054033 0.708591
vt 0.025036 0.713924
vt 0.019193 0.711940
vt 0.043694 0.704827
vt 0.058597 0.717502
vt 0.059299 0.711767
vt 0.037514 0.748797
vt 0.033206 0.757452
vt 0.037798 0.754114
vt 0.053540 0.725915
vt 0.026695 0.711770
vt 0.030739 0.712129
vt 0.012307 0.711543
vt 0.023025 0.709359
vt 0.016652 0.729732
vt 0.014806 0.721806
vt 0.036397 0.712171
vt 0.011862 0.715221
vt 0.028909 0.750743
vt 0.013494 0.707904
vt 0.039294 0.740606
vt 0.026456 0.740247
vt 0.042970 0.736647
vt 0.025507 0.745857
vt 0.043860 0.727320
vt 0.042190 0.730997
vt 0.968406 0.141156
vt 0.965593 0.144357
vt 0.968557 0.147527
vt 0.976694 0.160053
vt 0.973092 0.156309
vt 0.973188 0.159373
vt 0.996340 0.150237
vt 0.987731 0.157115
vt 0.998736 0.153218
vt 0.987211 0.146959
vt 0.980107 0.150452
vt 0.965416 0.142517
vt 0.972752 0.153196
vt 0.967844 0.151869
vt 0.977173 0.145763
vt 0.974249 0.141595
vt 0.980392 0.144552
vt 0.994224 0.147358
vt 0.990494 0.144415
vt 0.996314 0.161940
vt 0.989037 0.166691
vt 0.997927 0.167147
vt 0.997490 0.163998
vt 0.988639 0.162573
vt 0.984719 0.165969
vt 0.979404 0.166000
vt 0.983264 0.139403
vt 0.994969 0.142276
vt 0.998136 0.135173
vt 0.981428 0.124823
vt 0.971461 0.130365
vt 0.993278 0.115099
vt 0.978205 0.113074
vt 0.997372 0.169107
vt 0.976291 0.121622
vt 0.991871 0.169430
vt 0.966047 0.607460
vt 0.951072 0.587529
vt 0.950108 0.601127
vt 0.995212 0.604532
vt 0.993532 0.594328
vt 0.977761 0.600046
vt 0.999160 0.610760
vt 0.993113 0.617475
vt 0.984634 0.620802
vt 0.971765 0.584696
vt 0.999455 0.605789
vt 0.988153 0.582597
vt 0.977955 0.582880
vt 0.956363 0.578999
vt 0.962480 0.583130
vt 0.943932 0.593165
vt 0.967026 0.619508
vt 0.969756 0.620200
vt 0.965633 0.614514
vt 0.943830 0.598446
vt 0.970496 0.612426
vt 0.950563 0.579037
vt 0.960730 0.612101
vt 0.959061 0.606715
vt 0.972088 0.617683
vt 0.978587 0.618877
vt 0.975082 0.621108
vt 0.952874 0.605225
vt 0.982566 0.579288
vt 0.151531 0.015753
vt 0.157288 0.014407
vt 0.155747 0.009980
vt 0.145403 0.020357
vt 0.151200 0.026106
vt 0.141785 0.027733
vt 0.153634 0.005818
vt 0.148763 0.008464
vt 0.148810 0.002370
vt 0.153454 0.002348
vt 0.154271 0.001117
vt 0.141282 0.013591
vt 0.162823 0.031252
vt 0.160404 0.043733
vt 0.166922 0.035205
vt 0.143252 0.009806
vt 0.165199 0.041403
vt 0.139088 0.021682
vt 0.147888 0.030996
vt 0.158865 0.027814
vt 0.162937 0.026031
vt 0.161820 0.021845
vt 0.155055 0.031744
vt 0.156345 0.018633
vt 0.155199 0.034731
vt 0.151097 0.069097
vt 0.151888 0.064387
vt 0.143927 0.064551
vt 0.154354 0.043775
vt 0.159046 0.055460
vt 0.161851 0.049662
vt 0.144643 0.071490
vt 0.143823 0.054197
vt 0.141297 0.074860
vt 0.139009 0.032715
vt 0.142992 0.034466
vt 0.155648 0.062154
vt 0.142270 0.047035
vt 0.141474 0.041803
vt 0.138589 0.037692
vt 0.033465 0.655263
vt 0.023755 0.650237
vt 0.026985 0.658472
vt 0.024160 0.642070
vt 0.012661 0.644355
vt 0.013128 0.636322
vt 0.019122 0.637976
vt 0.018009 0.633475
vt 0.038581 0.650935
vt 0.034218 0.647528
vt 0.022924 0.683448
vt 0.031944 0.688301
vt 0.032121 0.682059
vt 0.033600 0.676416
vt 0.038337 0.672638
vt 0.035169 0.641837
vt 0.029056 0.641407
vt 0.048032 0.661923
vt 0.053330 0.655681
vt 0.053384 0.651157
vt 0.044203 0.664435
vt 0.051206 0.659304
vt 0.026638 0.670542
vt 0.018725 0.664052
vt 0.019866 0.658171
vt 0.019469 0.653849
vt 0.021385 0.689250
vt 0.026888 0.692011
vt 0.025777 0.638403
vt 0.020756 0.632447
vt 0.044046 0.644554
vt 0.049753 0.647923
vt 0.023218 0.697141
vt 0.031549 0.663755
vt 0.017224 0.661510
vt 0.017304 0.649842
vt 0.016980 0.669462
vt 0.040670 0.666523
vt 0.018956 0.675180
vt 0.038581 0.644918
vt 0.037844 0.381150
vt 0.031991 0.385848
vt 0.039035 0.385801
vt 0.043324 0.388475
vt 0.035746 0.394748
vt 0.046672 0.395210
vt 0.024007 0.383658
vt 0.028667 0.376619
vt 0.039397 0.373332
vt 0.038950 0.369403
vt 0.034108 0.375498
vt 0.020538 0.377210
vt 0.023326 0.374205
vt 0.012068 0.361855
vt 0.010327 0.367134
vt 0.014890 0.368749
vt 0.045838 0.377643
vt 0.046122 0.374081
vt 0.029942 0.405300
vt 0.036466 0.405747
vt 0.028124 0.393174
vt 0.022526 0.390883
vt 0.026176 0.370756
vt 0.024055 0.367226
vt 0.026965 0.362481
vt 0.047026 0.402343
vt 0.040185 0.409681
vt 0.019203 0.366635
vt 0.027829 0.399015
vt 0.036666 0.365141
vt 0.030958 0.364784
vt 0.042775 0.370986
vt 0.016405 0.375242
vt 0.044799 0.383482
vt 0.015035 0.371281
vt 0.050133 0.391028
vt 0.049566 0.385165
vt 0.010425 0.368977
vt 0.048768 0.379893
vt 0.022295 0.366419
vt 0.046391 0.408205
vt 0.015692 0.117527
vt 0.013681 0.133859
vt 0.023293 0.126553
vt 0.011019 0.095909
vt 0.015783 0.106716
vt 0.016428 0.100028
vt 0.032615 0.093730
vt 0.029993 0.095207
vt 0.033373 0.096204
vt 0.039339 0.107847
vt 0.037022 0.104741
vt 0.039814 0.110527
vt 0.027252 0.093256
vt 0.022276 0.096007
vt 0.029081 0.110185
vt 0.021712 0.123672
vt 0.028416 0.102144
vt 0.032958 0.121790
vt 0.020588 0.102607
vt 0.021924 0.130299
vt 0.020184 0.135080
vt 0.004761 0.101142
vt 0.002286 0.106042
vt 0.027981 0.122368
vt 0.010524 0.138419
vt 0.001075 0.130608
vt 0.005133 0.111589
vt 0.042356 0.115540
vt 0.043334 0.111513
vt 0.004840 0.095076
vt 0.008279 0.125229
vt 0.005757 0.117678
vt 0.022237 0.115252
vt 0.071936 0.631093
vt 0.046560 0.639011
vt 0.062064 0.643594
vt 0.062647 0.621733
vt 0.126260 0.677167
vt 0.119125 0.659719
vt 0.101156 0.662408
vt 0.121653 0.693868
vt 0.091230 0.682962
vt 0.096974 0.713518
vt 0.109849 0.649137
vt 0.102964 0.641942
vt 0.097289 0.648901
vt 0.082272 0.669966
vt 0.075006 0.678299
vt 0.090217 0.657891
vt 0.079987 0.665520
vt 0.091877 0.656423
vt 0.072803 0.666925
vt 0.082594 0.661154
vt 0.070490 0.661621
vt 0.079042 0.641994
vt 0.060123 0.650007
vt 0.079896 0.648022
vt 0.090521 0.644216
vt 0.071041 0.654949
vt 0.083892 0.657403
vt 0.088620 0.648292
vt 0.060795 0.661982
vt 0.070628 0.672413
vt 0.064516 0.669592
vt 0.090946 0.653484
vt 0.116637 0.625146
vt 0.124016 0.618421
vt 0.121893 0.615812
vt 0.113211 0.631798
vt 0.105540 0.628109
vt 0.105570 0.636570
vt 0.111743 0.616320
vt 0.106469 0.607527
vt 0.074259 0.619293
vt 0.086247 0.610410
vt 0.099535 0.605905
vt 0.090953 0.624616
vt 0.100656 0.637109
vt 0.123651 0.713392
vt 0.043330 0.859553
vt 0.030104 0.870017
vt 0.043187 0.869760
vt 0.067661 0.882622
vt 0.046536 0.883380
vt 0.050200 0.885291
vt 0.049710 0.867191
vt 0.058976 0.854459
vt 0.045181 0.850486
vt 0.056791 0.858060
vt 0.062167 0.860277
vt 0.062840 0.856653
vt 0.061967 0.868866
vt 0.040370 0.879953
vt 0.059271 0.888933
vt 0.054995 0.894883
vt 0.062937 0.891607
vt 0.050575 0.890425
vt 0.055653 0.842619
vt 0.050589 0.833849
vt 0.046228 0.841541
vt 0.064274 0.875211
vt 0.064371 0.872280
vt 0.030090 0.844058
vt 0.024299 0.844057
vt 0.017443 0.848168
vt 0.012232 0.857952
vt 0.013332 0.860857
vt 0.011370 0.851522
vt 0.015671 0.861597
vt 0.023308 0.865385
vt 0.040876 0.839453
vt 0.035113 0.850711
vt 0.033810 0.839209
vt 0.065446 0.866720
vt 0.065794 0.862708
vt 0.033961 0.876873
vt 0.058564 0.849703
vt 0.937106 0.020615
vt 0.953259 0.025283
vt 0.941943 0.010278
vt 0.960003 0.019752
vt 0.962999 0.012745
vt 0.958369 0.011306
vt 0.977676 0.012508
vt 0.975731 0.015270
vt 0.982062 0.014815
vt 0.970666 0.034796
vt 0.971861 0.029966
vt 0.967301 0.032094
vt 0.975008 0.034193
vt 0.966574 0.028124
vt 0.953075 0.014016
vt 0.986093 0.035219
vt 0.982067 0.029687
vt 0.982444 0.036296
vt 0.975036 0.009827
vt 0.974442 0.026496
vt 0.976835 0.028170
vt 0.977281 0.022766
vt 0.984601 0.021267
vt 0.972627 0.023778
vt 0.967278 0.022154
vt 0.945154 0.033081
vt 0.955665 0.036123
vt 0.961378 0.035540
vt 0.972019 0.012518
vt 0.990386 0.012264
vt 0.991476 0.017184
vt 0.967706 0.012800
vt 0.985637 0.012616
vt 0.994943 0.029230
vt 0.990591 0.027761
vt 0.987865 0.032393
vt 0.994376 0.035710
vt 0.990690 0.021663
vt 0.977769 0.034565
vt 0.979932 0.034214
vt 0.940645 0.030303
vt 0.992813 0.023799
vt 0.948482 0.036721
vt 0.120983 0.922506
vt 0.107077 0.915681
vt 0.099166 0.933041
vt 0.117369 0.937979
vt 0.088623 0.940869
vt 0.102656 0.943622
vt 0.090431 0.889331
vt 0.090287 0.893756
vt 0.094807 0.888675
vt 0.097305 0.891064
vt 0.111184 0.901517
vt 0.121380 0.899974
vt 0.122765 0.892664
vt 0.122673 0.916041
vt 0.113920 0.886452
vt 0.105398 0.889007
vt 0.101634 0.887777
vt 0.102911 0.892463
vt 0.126071 0.906175
vt 0.096590 0.907096
vt 0.096206 0.897785
vt 0.079512 0.876056
vt 0.082374 0.860929
vt 0.075743 0.871252
vt 0.073728 0.868059
vt 0.071263 0.863453
vt 0.118963 0.884803
vt 0.118192 0.880540
vt 0.063862 0.918963
vt 0.067593 0.901988
vt 0.059984 0.911046
vt 0.085739 0.889791
vt 0.079261 0.891227
vt 0.076637 0.889190
vt 0.069394 0.894013
vt 0.107273 0.883205
vt 0.083182 0.884742
vt 0.077930 0.883001
vt 0.096641 0.880328
vt 0.078095 0.933834
vt 0.074913 0.906077
vt 0.079900 0.897269
vt 0.070402 0.925109
vt 0.076630 0.878065
vt 0.058520 0.837010
vt 0.064164 0.847790
vt 0.072785 0.840124
vt 0.068021 0.858235
vt 0.070560 0.881312
vt 0.069993 0.887525
vt 0.074775 0.885559
vt 0.070915 0.885047
vt 0.038224 0.511728
vt 0.044762 0.516637
vt 0.040727 0.511895
vt 0.044344 0.509417
vt 0.036687 0.516785
vt 0.077667 0.588594
vt 0.063120 0.598632
vt 0.075296 0.598632
vt 0.021708 0.505933
vt 0.007671 0.516258
vt 0.032004 0.530701
vt 0.047335 0.560724
vt 0.040978 0.569752
vt 0.047757 0.572580
vt 0.077911 0.570723
vt 0.076993 0.561460
vt 0.047127 0.543977
vt 0.057624 0.520169
vt 0.066680 0.499803
vt 0.057338 0.501057
vt 0.064827 0.507825
vt 0.035812 0.545511
vt 0.074906 0.553235
vt 0.077751 0.539730
vt 0.070008 0.534814
vt 0.064945 0.529080
vt 0.067981 0.523009
vt 0.055605 0.506956
vt 0.019807 0.543432
vt 0.007671 0.563455
vt 0.078471 0.578065
vt 0.052637 0.577321
vt 0.056206 0.593152
vt 0.023827 0.552526
vt 0.027791 0.557929
vt 0.069989 0.514174
vt 0.063343 0.496071
vt 0.060482 0.498066
vt 0.049593 0.507671
vt 0.031497 0.567433
vt 0.030436 0.513801
vt 0.052813 0.584224
vt 0.968790 0.188712
vt 0.978815 0.196639
vt 0.972546 0.187611
vt 0.978012 0.209344
vt 0.983516 0.207845
vt 0.982256 0.203600
vt 0.975729 0.203926
vt 0.980438 0.178517
vt 0.989013 0.181680
vt 0.989635 0.180334
vt 0.977066 0.175222
vt 0.977846 0.200678
vt 0.967807 0.195299
vt 0.986891 0.199615
vt 0.990353 0.195469
vt 0.984873 0.196094
vt 0.966186 0.201394
vt 0.951533 0.197062
vt 0.958786 0.204708
vt 0.953813 0.208830
vt 0.976648 0.183913
vt 0.969937 0.180567
vt 0.965495 0.208800
vt 0.970530 0.173204
vt 0.963798 0.166819
vt 0.964419 0.173836
vt 0.970646 0.169847
vt 0.970814 0.164408
vt 0.967586 0.168112
vt 0.959351 0.186731
vt 0.963229 0.170352
vt 0.975246 0.167800
vt 0.986366 0.188913
vt 0.991304 0.189086
vt 0.981473 0.189972
vt 0.988334 0.201995
vt 0.941772 0.207251
vt 0.939071 0.215542
vt 0.949810 0.213085
vt 0.962473 0.181748
vt 0.963115 0.176635
vt 0.946498 0.200091
vt 0.955068 0.190046
vt 0.984752 0.201354
vt 0.975256 0.171660
vt 0.978854 0.169784
vt 0.981907 0.172688
vt 0.972251 0.207785
vt 0.991836 0.178686
vt 0.985322 0.203645
vt 0.997794 0.182190
vt 0.974850 0.164341
vt 0.068114 0.460288
vt 0.062438 0.449507
vt 0.057859 0.456950
vt 0.050459 0.454393
vt 0.049068 0.462077
vt 0.059506 0.446373
vt 0.056663 0.451577
vt 0.043751 0.476160
vt 0.042939 0.466331
vt 0.057836 0.463638
vt 0.051879 0.443888
vt 0.051248 0.448527
vt 0.062891 0.445631
vt 0.042271 0.456379
vt 0.055131 0.488047
vt 0.060535 0.489352
vt 0.057792 0.482339
vt 0.047756 0.487611
vt 0.025788 0.481790
vt 0.031988 0.469651
vt 0.016718 0.480903
vt 0.057480 0.443420
vt 0.036187 0.489892
vt 0.018465 0.469310
vt 0.042602 0.462211
vt 0.070593 0.476740
vt 0.066505 0.470638
vt 0.069139 0.464869
vt 0.033369 0.458939
vt 0.017292 0.458824
vt 0.026564 0.450751
vt 0.019658 0.452521
vt 0.032583 0.446734
vt 0.037951 0.448850
vt 0.040791 0.441523
vt 0.072663 0.478718
vt 0.076320 0.481155
vt 0.077450 0.487243
vt 0.069469 0.489509
vt 0.049831 0.440017
vt 0.047729 0.443504
vt 0.960799 0.784029
vt 0.954260 0.781338
vt 0.950794 0.789017
vt 0.973630 0.736275
vt 0.964162 0.733108
vt 0.975613 0.743532
vt 0.974501 0.791496
vt 0.985295 0.790887
vt 0.986936 0.786641
vt 0.951146 0.767180
vt 0.962257 0.754793
vt 0.948816 0.760373
vt 0.963728 0.766687
vt 0.970665 0.748472
vt 0.951445 0.755374
vt 0.975330 0.800026
vt 0.982064 0.794617
vt 0.967665 0.794934
vt 0.952585 0.798243
vt 0.958362 0.800983
vt 0.960846 0.793946
vt 0.954415 0.735345
vt 0.966906 0.802472
vt 0.971430 0.759853
vt 0.966814 0.776457
vt 0.948690 0.747838
vt 0.984223 0.780605
vt 0.952198 0.794354
vt 0.962542 0.788864
vt 0.970479 0.783649
vt 0.981104 0.739901
vt 0.985372 0.741490
vt 0.975593 0.752725
vt 0.950310 0.773053
vt 0.974679 0.769435
vt 0.974031 0.762963
vt 0.983877 0.775942
vt 0.980822 0.735021
vt 0.984830 0.752204
vt 0.993884 0.753423
vt 0.990547 0.747628
vt 0.980851 0.761216
vt 0.992711 0.741508
vt 0.999411 0.757022
vt 0.997499 0.762720
vt 0.996990 0.768970
vt 0.987326 0.769934
vt 0.991563 0.776057
vt 0.992578 0.782783
vt 0.982880 0.800443
vt 0.772929 0.105421
vt 0.783197 0.103571
vt 0.769098 0.096798
vt 0.790310 0.083333
vt 0.772803 0.069032
vt 0.769628 0.078493
vt 0.767919 0.122179
vt 0.780443 0.124220
vt 0.771074 0.117023
vt 0.775485 0.159328
vt 0.771736 0.152888
vt 0.771923 0.157474
vt 0.780346 0.164530
vt 0.788218 0.155951
vt 0.771445 0.111143
vt 0.779484 0.112081
vt 0.785558 0.169601
vt 0.786823 0.118356
vt 0.791905 0.117643
vt 0.792653 0.113759
vt 0.791021 0.111058
vt 0.787377 0.116274
vt 0.797733 0.142609
vt 0.790917 0.142476
vt 0.795339 0.146708
vt 0.791616 0.107533
vt 0.788221 0.104666
vt 0.789233 0.138722
vt 0.783180 0.131030
vt 0.781257 0.139923
vt 0.769560 0.142891
vt 0.795958 0.151213
vt 0.784834 0.142878
vt 0.793687 0.133533
vt 0.794953 0.130156
vt 0.790404 0.127179
vt 0.790253 0.069032
vt 0.792400 0.169443
vt 0.796330 0.167049
vt 0.797101 0.161346
vt 0.797113 0.153937
vt 0.792926 0.124759
vt 0.767810 0.148139
vt 0.795142 0.138423
vt 0.793948 0.120646
vt 0.790537 0.096096
vt 0.791896 0.089163
vt 0.771752 0.132264
vt 0.788994 0.101242
vt 0.794653 0.127252
vt 0.768636 0.129802
vt 0.772656 0.135790
vt 0.615098 0.408770
vt 0.619100 0.393093
vt 0.607503 0.394181
vt 0.636303 0.393354
vt 0.634479 0.414958
vt 0.600851 0.399212
vt 0.598359 0.407025
vt 0.601256 0.410834
vt 0.589774 0.443819
vt 0.602486 0.436775
vt 0.583265 0.437908
vt 0.683614 0.293125
vt 0.675684 0.284408
vt 0.685965 0.296330
vt 0.600010 0.416454
vt 0.625700 0.380009
vt 0.609724 0.375841
vt 0.602542 0.448079
vt 0.684342 0.290788
vt 0.689019 0.285099
vt 0.588149 0.448509
vt 0.606139 0.423768
vt 0.647297 0.372959
vt 0.603325 0.386296
vt 0.618389 0.368503
vt 0.695733 0.323712
vt 0.702280 0.312609
vt 0.623667 0.341718
vt 0.647031 0.346720
vt 0.628777 0.331206
vt 0.675656 0.358540
vt 0.666863 0.334994
vt 0.699718 0.288757
vt 0.712081 0.295894
vt 0.687666 0.328913
vt 0.665293 0.313516
vt 0.639399 0.314427
vt 0.650585 0.321698
vt 0.644768 0.304317
vt 0.652869 0.288586
vt 0.632789 0.322183
vt 0.593073 0.457076
vt 0.586951 0.453542
vt 0.604297 0.442391
vt 0.593516 0.427003
vt 0.600166 0.458950
vt 0.607801 0.458746
vt 0.626658 0.443231
vt 0.633022 0.424362
vt 0.616320 0.358793
vt 0.683005 0.338801
vt 0.663306 0.277808
vt 0.678842 0.348379
vt 0.670555 0.367819
vt 0.632200 0.434252
vt 0.619708 0.455872
vt 0.657236 0.389944
vt 0.665284 0.376345
vt 0.650725 0.400476
vt 0.644749 0.412517
vt 0.796431 0.009559
vt 0.784466 0.011869
vt 0.800515 0.026692
vt 0.774834 0.023463
vt 0.777819 0.031938
vt 0.776722 0.015708
vt 0.795197 0.054932
vt 0.790336 0.063605
vt 0.805334 0.065788
vt 0.873641 0.018353
vt 0.839212 0.028401
vt 0.844955 0.038081
vt 0.809041 0.071182
vt 0.812775 0.077849
vt 0.852010 0.065423
vt 0.859949 0.052425
vt 0.853914 0.045250
vt 0.822343 0.070123
vt 0.820660 0.062802
vt 0.872840 0.031190
vt 0.848879 0.077874
vt 0.848148 0.068967
vt 0.837574 0.064866
vt 0.806426 0.061073
vt 0.844563 0.008812
vt 0.828079 0.009851
vt 0.820710 0.056044
vt 0.774834 0.042008
vt 0.781789 0.054652
vt 0.804309 0.046401
vt 0.828752 0.044739
vt 0.794338 0.068127
vt 0.873646 0.038127
vt 0.824117 0.076975
vt 0.787160 0.034648
vt 0.789743 0.058746
vt 0.807956 0.030159
vt 0.820546 0.044205
vt 0.818495 0.013742
vt 0.802069 0.071400
vt 0.810145 0.013768
vt 0.873641 0.063008
vt 0.873641 0.045784
vt 0.863179 0.009258
vt 0.863982 0.065149
vt 0.831875 0.077866
vt 0.262895 0.061591
vt 0.266022 0.069821
vt 0.272538 0.073920
vt 0.285020 0.067403
vt 0.285870 0.057965
vt 0.280344 0.066081
vt 0.287973 0.068168
vt 0.295820 0.067089
vt 0.297792 0.061453
vt 0.290932 0.066903
vt 0.265933 0.073074
vt 0.260037 0.066663
vt 0.260918 0.057018
vt 0.265187 0.012010
vt 0.278783 0.033939
vt 0.277734 0.006293
vt 0.282361 0.013924
vt 0.282683 0.030183
vt 0.287619 0.016183
vt 0.284943 0.000261
vt 0.288769 0.005697
vt 0.264154 0.023954
vt 0.261534 0.030410
vt 0.261472 0.038023
vt 0.265854 0.006699
vt 0.262170 0.017558
vt 0.271782 0.002486
vt 0.261777 0.051165
vt 0.265729 0.042603
vt 0.291052 0.007693
vt 0.297980 0.004518
vt 0.296052 0.011388
vt 0.288675 0.035006
vt 0.286219 0.028413
vt 0.295410 0.030398
vt 0.290431 0.025125
vt 0.297685 0.038162
vt 0.293752 0.037228
vt 0.300094 0.050771
vt 0.300133 0.044865
vt 0.295927 0.046059
vt 0.278217 0.041535
vt 0.298634 0.018979
vt 0.291946 0.060406
vt 0.303871 0.003568
vt 0.263437 0.046820
vt 0.288890 0.053084
vt 0.302768 0.011346
vt 0.303421 0.064890
vt 0.306041 0.070910
vt 0.284670 0.049162
vt 0.285802 0.039968
vt 0.294258 0.050760
vt 0.303800 0.017881
vt 0.301058 0.030482
vt 0.303556 0.057510
vt 0.289501 0.043971
vt 0.305219 0.025388
vt 0.658651 0.040568
vt 0.656485 0.045340
vt 0.661247 0.050410
vt 0.662270 0.039406
vt 0.668844 0.047234
vt 0.672509 0.041432
vt 0.663833 0.052018
vt 0.667735 0.054891
vt 0.681765 0.058660
vt 0.691734 0.053174
vt 0.674223 0.053011
vt 0.680165 0.045530
vt 0.683539 0.033709
vt 0.670889 0.028220
vt 0.673992 0.057701
vt 0.676669 0.018308
vt 0.684360 0.018639
vt 0.637775 0.041717
vt 0.637563 0.032003
vt 0.632094 0.042226
vt 0.691881 0.038831
vt 0.697683 0.034113
vt 0.698720 0.056312
vt 0.641399 0.031959
vt 0.645268 0.031478
vt 0.711429 0.052142
vt 0.703047 0.058588
vt 0.632070 0.031942
vt 0.706217 0.044291
vt 0.711429 0.038438
vt 0.649577 0.031602
vt 0.642513 0.046935
vt 0.647106 0.045649
vt 0.651628 0.044987
vt 0.672544 0.007414
vt 0.673706 0.012734
vt 0.680448 0.009185
vt 0.659287 0.021902
vt 0.663974 0.023387
vt 0.665153 0.009884
vt 0.658463 0.016061
vt 0.653106 0.037225
vt 0.656080 0.031426
vt 0.675563 0.014355
vt 0.687071 0.016028
vt 0.687961 0.011325
vt 0.680983 0.012528
vt 0.652752 0.030139
vt 0.701100 0.014978
vt 0.691800 0.016874
vt 0.690057 0.027504
vt 0.692962 0.007259
vt 0.687148 0.005545
vt 0.654351 0.026962
vt 0.711429 0.016792
vt 0.657258 0.023851
vt 0.065920 0.237669
vt 0.054674 0.231448
vt 0.061644 0.241759
vt 0.051616 0.218652
vt 0.052093 0.183463
vt 0.051489 0.177730
vt 0.043336 0.181167
vt 0.055913 0.175165
vt 0.054457 0.160918
vt 0.047270 0.170110
vt 0.042748 0.210167
vt 0.055559 0.208285
vt 0.042343 0.200409
vt 0.039035 0.196523
vt 0.042216 0.191427
vt 0.072541 0.187475
vt 0.063806 0.186393
vt 0.065765 0.198283
vt 0.051557 0.194882
vt 0.052389 0.157519
vt 0.071710 0.224838
vt 0.079263 0.217894
vt 0.060215 0.169448
vt 0.059471 0.174122
vt 0.078898 0.209513
vt 0.081079 0.193411
vt 0.070669 0.234705
vt 0.037171 0.179647
vt 0.040874 0.177049
vt 0.054030 0.180200
vt 0.043715 0.173583
vt 0.078416 0.188551
vt 0.074784 0.186401
vt 0.043283 0.224706
vt 0.048821 0.155795
vt 0.047290 0.162911
vt 0.034611 0.168865
vt 0.032615 0.174766
vt 0.045907 0.239173
vt 0.053611 0.253431
vt 0.055392 0.244941
vt 0.028605 0.166131
vt 0.036651 0.158714
vt 0.028777 0.158032
vt 0.043674 0.162773
vt 0.062022 0.173505
vt 0.038661 0.256702
vt 0.042649 0.252359
vt 0.034777 0.258865
vt 0.056760 0.168351
vt 0.084590 0.198805
vt 0.036710 0.205545
vt 0.031946 0.156043
vt 0.057998 0.180953
vt 0.061820 0.182153
vt 0.067330 0.179559
vt 0.065108 0.179345
vt 0.063472 0.177624
vt 0.055946 0.188430
vt 0.057306 0.184824
vt 0.073046 0.181285
vt 0.039629 0.186283
vt 0.037521 0.190753
vt 0.034842 0.194492
vt 0.035360 0.203062
vt 0.039493 0.183379
vt 0.036361 0.211431
vt 0.037433 0.218536
vt 0.035888 0.235464
vt 0.071119 0.178065
vt 0.056342 0.164349
vt 0.089105 0.204497
vt 0.063049 0.175231
vt 0.030945 0.246353
vt 0.768824 0.350606
vt 0.808397 0.356665
vt 0.797986 0.329409
vt 0.837333 0.298896
vt 0.851609 0.277214
vt 0.796634 0.271105
vt 0.784419 0.301220
vt 0.813852 0.307888
vt 0.762810 0.265686
vt 0.770880 0.250030
vt 0.760869 0.280552
vt 0.855584 0.331202
vt 0.858434 0.311669
vt 0.821997 0.336865
vt 0.790618 0.368167
vt 0.852822 0.250030
vt 0.867293 0.269788
vt 0.810622 0.447628
vt 0.809113 0.433208
vt 0.795681 0.451855
vt 0.792162 0.389832
vt 0.818070 0.371988
vt 0.855852 0.354726
vt 0.870140 0.349848
vt 0.775436 0.373673
vt 0.770330 0.361416
vt 0.810509 0.413500
vt 0.822959 0.398176
vt 0.837516 0.421198
vt 0.836549 0.397685
vt 0.822075 0.426458
vt 0.832149 0.386063
vt 0.762010 0.335859
vt 0.769152 0.323707
vt 0.837317 0.362843
vt 0.820874 0.450924
vt 0.837931 0.455695
vt 0.772950 0.386586
vt 0.854767 0.370783
vt 0.850774 0.382314
vt 0.885483 0.325447
vt 0.885964 0.342119
vt 0.759034 0.295453
vt 0.757161 0.256603
vt 0.802412 0.250030
vt 0.781540 0.413610
vt 0.784649 0.427258
vt 0.783181 0.405459
vt 0.853067 0.431610
vt 0.850537 0.401380
vt 0.765391 0.309599
vt 0.885964 0.280475
vt 0.885856 0.382968
vt 0.878027 0.367921
vt 0.884702 0.375531
vt 0.883800 0.357358
vt 0.864540 0.386461
vt 0.885964 0.304005
vt 0.799974 0.408121
vt 0.791559 0.437236
vt 0.876821 0.401018
vt 0.884478 0.389407
vt 0.208028 0.060041
vt 0.196225 0.060615
vt 0.200838 0.070258
vt 0.202112 0.084964
vt 0.188725 0.077559
vt 0.196791 0.090696
vt 0.173019 0.065927
vt 0.171899 0.072201
vt 0.169969 0.054801
vt 0.179756 0.088477
vt 0.173457 0.082940
vt 0.176209 0.078194
vt 0.190807 0.098355
vt 0.180240 0.098138
vt 0.180576 0.103126
vt 0.185815 0.049129
vt 0.166378 0.046822
vt 0.175110 0.032027
vt 0.170610 0.037820
vt 0.190450 0.033122
vt 0.187736 0.056289
vt 0.176423 0.094218
vt 0.180468 0.028399
vt 0.166085 0.060864
vt 0.213057 0.070690
vt 0.223321 0.074430
vt 0.218970 0.074638
vt 0.200634 0.043972
vt 0.187244 0.022688
vt 0.237402 0.066330
vt 0.240822 0.065908
vt 0.232138 0.053873
vt 0.227113 0.071777
vt 0.222109 0.058576
vt 0.217360 0.065106
vt 0.214865 0.077579
vt 0.205068 0.021273
vt 0.243537 0.062518
vt 0.250813 0.057902
vt 0.255455 0.046059
vt 0.194091 0.024026
vt 0.222741 0.013514
vt 0.219366 0.034320
vt 0.227227 0.025420
vt 0.206397 0.080906
vt 0.218590 0.049984
vt 0.255531 0.038762
vt 0.251778 0.030712
vt 0.235749 0.025166
vt 0.246050 0.018428
vt 0.249907 0.040697
vt 0.241748 0.043472
vt 0.247138 0.061764
vt 0.252059 0.062029
vt 0.198200 0.018135
vt 0.235081 0.071790
vt 0.211381 0.020824
vt 0.211024 0.080930
vt 0.902066 0.949978
vt 0.893856 0.935281
vt 0.893915 0.953746
vt 0.905554 0.953456
vt 0.909642 0.959591
vt 0.920900 0.955727
vt 0.927224 0.883872
vt 0.949243 0.886863
vt 0.930851 0.878226
vt 0.929975 0.911651
vt 0.920084 0.895119
vt 0.918484 0.901475
vt 0.934624 0.897853
vt 0.923422 0.888597
vt 0.911467 0.936018
vt 0.908353 0.921243
vt 0.943306 0.936528
vt 0.971536 0.891805
vt 0.966947 0.866631
vt 0.959727 0.914491
vt 0.947817 0.913851
vt 0.938621 0.858924
vt 0.936101 0.870153
vt 0.957578 0.856746
vt 0.917951 0.908580
vt 0.911128 0.914074
vt 0.928308 0.950678
vt 0.927606 0.967347
vt 0.916135 0.962440
vt 0.920682 0.962943
vt 0.938005 0.975846
vt 0.956196 0.972977
vt 0.983350 0.916681
vt 0.990126 0.903746
vt 0.950605 0.981589
vt 0.976525 0.863783
vt 0.978191 0.875772
vt 0.993882 0.896335
vt 0.989402 0.883691
vt 0.985051 0.879812
vt 0.993292 0.888704
vt 0.987146 0.911529
vt 0.946136 0.852929
vt 0.970592 0.941462
vt 0.971555 0.920192
vt 0.961032 0.953020
vt 0.966079 0.948098
vt 0.967115 0.857954
vt 0.956142 0.964026
vt 0.952837 0.849337
vt 0.974314 0.933281
vt 0.977155 0.928485
vt 0.981721 0.923560
vt 0.959618 0.958871
vt 0.888943 0.944313
vt 0.052596 0.626910
vt 0.057667 0.620859
vt 0.059109 0.616068
vt 0.055522 0.613168
vt 0.045935 0.617121
vt 0.054593 0.608213
vt 0.048415 0.607986
vt 0.069486 0.609345
vt 0.070886 0.605665
vt 0.066040 0.609898
vt 0.073658 0.606986
vt 0.029562 0.581559
vt 0.026266 0.579468
vt 0.023851 0.589065
vt 0.062824 0.605315
vt 0.060548 0.607994
vt 0.022183 0.598883
vt 0.028245 0.602788
vt 0.019591 0.600434
vt 0.020446 0.594066
vt 0.021933 0.581914
vt 0.059026 0.601568
vt 0.063585 0.600947
vt 0.018419 0.605496
vt 0.017529 0.618083
vt 0.032217 0.621579
vt 0.015159 0.610271
vt 0.055635 0.597585
vt 0.051757 0.602354
vt 0.036593 0.638577
vt 0.044230 0.634816
vt 0.034792 0.631794
vt 0.047272 0.631168
vt 0.039200 0.628206
vt 0.018844 0.627670
vt 0.025569 0.629131
vt 0.034039 0.610098
vt 0.041765 0.622210
vt 0.068930 0.604113
vt 0.067063 0.601793
vt 0.027462 0.634641
vt 0.032192 0.627391
vt 0.065093 0.614738
vt 0.055473 0.623548
vt 0.040329 0.613135
vt 0.040012 0.600943
vt 0.050369 0.629344
vt 0.034634 0.588180
vt 0.043593 0.625578
vt 0.041739 0.590023
vt 0.039292 0.586704
vt 0.032113 0.584217
vt 0.052760 0.596108
vt 0.041793 0.638830
vt 0.046684 0.593493
vt 0.050833 0.592409
vt 0.044679 0.590685
vt 0.361538 0.943093
vt 0.361010 0.937135
vt 0.353780 0.942384
vt 0.354860 0.939721
vt 0.356625 0.938166
vt 0.330691 0.995169
vt 0.350046 0.996862
vt 0.347343 0.985551
vt 0.350126 0.962195
vt 0.359008 0.957295
vt 0.356664 0.952365
vt 0.343273 0.943008
vt 0.344299 0.951434
vt 0.341760 0.957426
vt 0.348893 0.957683
vt 0.375866 0.942878
vt 0.369430 0.955125
vt 0.386848 0.946384
vt 0.353389 0.978381
vt 0.348786 0.980748
vt 0.371255 0.980902
vt 0.368001 0.939402
vt 0.351469 0.971718
vt 0.343747 0.968251
vt 0.365691 0.933380
vt 0.370497 0.944848
vt 0.339471 0.977711
vt 0.376989 0.976812
vt 0.393222 0.988147
vt 0.387893 0.994470
vt 0.369396 0.936100
vt 0.344231 0.973777
vt 0.358837 0.976146
vt 0.378630 0.985944
vt 0.364781 0.998151
vt 0.382866 0.999734
vt 0.364041 0.972136
vt 0.357884 0.970455
vt 0.402253 0.958109
vt 0.400401 0.952827
vt 0.394690 0.953659
vt 0.376995 0.973808
vt 0.363626 0.960974
vt 0.333785 0.959812
vt 0.344926 0.961898
vt 0.332327 0.981879
vt 0.347326 0.973433
vt 0.372862 0.936590
vt 0.378267 0.938270
vt 0.341154 0.950499
vt 0.403048 0.964013
vt 0.408742 0.961773
vt 0.395042 0.960345
vt 0.394100 0.962701
vt 0.387169 0.960239
vt 0.401206 0.967444
vt 0.392731 0.982073
vt 0.379347 0.958181
vt 0.380352 0.961109
vt 0.393050 0.965848
vt 0.396532 0.972611
vt 0.719913 0.237604
vt 0.706736 0.245401
vt 0.709228 0.251629
vt 0.738322 0.156297
vt 0.730919 0.169023
vt 0.750240 0.165103
vt 0.718360 0.272410
vt 0.713866 0.267251
vt 0.713127 0.272358
vt 0.794273 0.218383
vt 0.764500 0.228118
vt 0.784308 0.221573
vt 0.711814 0.198745
vt 0.717834 0.209216
vt 0.710616 0.192856
vt 0.784184 0.235849
vt 0.716059 0.225789
vt 0.716373 0.219677
vt 0.712562 0.229905
vt 0.702859 0.185447
vt 0.710136 0.180931
vt 0.765655 0.196877
vt 0.741825 0.197114
vt 0.821043 0.209665
vt 0.836287 0.201702
vt 0.814201 0.163585
vt 0.739651 0.260681
vt 0.717246 0.263674
vt 0.731318 0.264833
vt 0.762142 0.175161
vt 0.749206 0.217661
vt 0.777262 0.244479
vt 0.727988 0.212884
vt 0.707724 0.263479
vt 0.736095 0.235697
vt 0.784525 0.178899
vt 0.721897 0.220249
vt 0.724725 0.226000
vt 0.707448 0.258150
vt 0.698318 0.256331
vt 0.702122 0.249110
vt 0.698630 0.253325
vt 0.706511 0.241487
vt 0.725873 0.270877
vt 0.734202 0.221602
vt 0.842104 0.169146
vt 0.752570 0.253658
vt 0.735669 0.245064
vt 0.747483 0.257977
vt 0.718765 0.172178
vt 0.707768 0.237991
vt 0.725381 0.281905
vt 0.730709 0.273973
vt 0.723514 0.277027
vt 0.767785 0.247678
vt 0.709003 0.204570
vt 0.714135 0.213907
vt 0.730478 0.237313
vt 0.771722 0.161180
vt 0.736035 0.269779
vt 0.738117 0.264826
vt 0.806694 0.221888
vt 0.861875 0.197456
vt 0.717841 0.275764
vt 0.709335 0.233787
vt 0.721161 0.277431
vt 0.859353 0.177449
vt 0.123783 0.530799
vt 0.125721 0.540807
vt 0.128353 0.537027
vt 0.108744 0.587528
vt 0.106630 0.596438
vt 0.116724 0.596438
vt 0.120689 0.509227
vt 0.123869 0.503322
vt 0.121721 0.499653
vt 0.084847 0.508068
vt 0.080671 0.512052
vt 0.083555 0.519271
vt 0.106785 0.528778
vt 0.120695 0.549428
vt 0.116194 0.521989
vt 0.120887 0.572218
vt 0.128417 0.560397
vt 0.104256 0.507450
vt 0.108289 0.492258
vt 0.080722 0.551870
vt 0.080781 0.559076
vt 0.096174 0.548600
vt 0.114790 0.487160
vt 0.118777 0.491686
vt 0.128794 0.574514
vt 0.126885 0.569210
vt 0.114050 0.482066
vt 0.128834 0.552092
vt 0.123324 0.518089
vt 0.123140 0.513822
vt 0.120364 0.497831
vt 0.127528 0.582202
vt 0.121518 0.591645
vt 0.129424 0.593868
vt 0.107706 0.566731
vt 0.095007 0.567829
vt 0.106433 0.577583
vt 0.098124 0.486458
vt 0.093497 0.490335
vt 0.086828 0.497238
vt 0.116250 0.582550
vt 0.103991 0.481099
vt 0.080519 0.543657
vt 0.097649 0.532842
vt 0.080674 0.532926
vt 0.080321 0.596438
vt 0.097822 0.596438
vt 0.089178 0.492436
vt 0.086450 0.585608
vt 0.086098 0.564546
vt 0.080858 0.575779
vt 0.109122 0.481345
vt 0.082985 0.501305
vt 0.126626 0.548421
vt 0.080324 0.525512
vt 0.126731 0.523282
vt 0.124366 0.544846
vt 0.092892 0.487372
vt 0.111607 0.476863
vt 0.813653 0.587705
vt 0.805624 0.573959
vt 0.784876 0.596815
vt 0.840605 0.620358
vt 0.830257 0.605783
vt 0.808047 0.608054
vt 0.801253 0.552507
vt 0.813024 0.550104
vt 0.801226 0.543406
vt 0.812636 0.564329
vt 0.847952 0.670336
vt 0.851930 0.667420
vt 0.843750 0.667290
vt 0.854698 0.669226
vt 0.845957 0.673046
vt 0.855314 0.673420
vt 0.792539 0.661894
vt 0.805791 0.663255
vt 0.800358 0.656242
vt 0.809175 0.539533
vt 0.802548 0.652955
vt 0.801399 0.639448
vt 0.800334 0.648040
vt 0.786523 0.618485
vt 0.839740 0.671123
vt 0.824617 0.677322
vt 0.816932 0.682931
vt 0.829029 0.684344
vt 0.818438 0.565134
vt 0.817149 0.573213
vt 0.811964 0.543625
vt 0.827008 0.581896
vt 0.850342 0.666039
vt 0.858926 0.667717
vt 0.836496 0.681365
vt 0.825215 0.674046
vt 0.830511 0.679523
vt 0.820787 0.668277
vt 0.814099 0.671564
vt 0.829948 0.681492
vt 0.789756 0.705165
vt 0.812331 0.712510
vt 0.817881 0.699833
vt 0.867835 0.669814
vt 0.807754 0.723822
vt 0.796362 0.678510
vt 0.828813 0.670887
vt 0.829093 0.666663
vt 0.791625 0.636788
vt 0.836632 0.672233
vt 0.831241 0.673216
vt 0.846525 0.663199
vt 0.834351 0.663415
vt 0.836711 0.676698
vt 0.837099 0.668576
vt 0.860045 0.666583
vt 0.840643 0.646142
vt 0.832479 0.642464
vt 0.817122 0.558659
vt 0.813115 0.554962
vt 0.838424 0.633633
vt 0.872445 0.671578
vt 0.870363 0.670432
vt 0.866836 0.670941
vt 0.825662 0.592958
vt 0.797077 0.651554
vt 0.813536 0.654959
vt 0.866126 0.668323
vt 0.860990 0.671472
vt 0.807522 0.626519
vt 0.790550 0.552270
vt 0.793807 0.566387
vt 0.840250 0.679130
vt 0.838857 0.674232
vt 0.782038 0.580529
vt 0.783536 0.586921
vt 0.787536 0.628292
vt 0.842341 0.673541
vt 0.840848 0.674630
vt 0.847571 0.675620
vt 0.780012 0.607305
vt 0.828646 0.692663
vt 0.845166 0.656527
vt 0.788043 0.670977
vt 0.794039 0.646112
vt 0.802254 0.739108
vt 0.776565 0.746181
vt 0.231723 0.209743
vt 0.231783 0.237599
vt 0.243327 0.224564
vt 0.096477 0.216208
vt 0.106805 0.202423
vt 0.099596 0.206677
vt 0.218766 0.239623
vt 0.130373 0.211760
vt 0.116417 0.197675
vt 0.132762 0.220725
vt 0.136109 0.238466
vt 0.138201 0.221059
vt 0.145318 0.239741
vt 0.159363 0.222162
vt 0.144429 0.217779
vt 0.111153 0.233191
vt 0.213163 0.183079
vt 0.134648 0.207878
vt 0.101425 0.273235
vt 0.085564 0.286801
vt 0.124149 0.288751
vt 0.130714 0.275877
vt 0.123208 0.255279
vt 0.132957 0.260800
vt 0.092457 0.305391
vt 0.118098 0.298203
vt 0.091305 0.295642
vt 0.123191 0.313182
vt 0.159423 0.292142
vt 0.146834 0.271530
vt 0.144348 0.302333
vt 0.135470 0.294617
vt 0.177755 0.232082
vt 0.162220 0.251100
vt 0.177255 0.265287
vt 0.126138 0.300586
vt 0.098662 0.315891
vt 0.114780 0.318801
vt 0.173463 0.171909
vt 0.155248 0.184010
vt 0.135642 0.275058
vt 0.127904 0.294468
vt 0.135831 0.200949
vt 0.137016 0.255955
vt 0.147396 0.256087
vt 0.199843 0.257169
vt 0.197415 0.271624
vt 0.139874 0.191267
vt 0.126376 0.306248
vt 0.132049 0.200669
vt 0.125678 0.197418
vt 0.191977 0.154219
vt 0.230965 0.173035
vt 0.085001 0.224609
vt 0.085244 0.234118
vt 0.082629 0.242941
vt 0.211680 0.252241
vt 0.132470 0.250398
vt 0.130705 0.300745
vt 0.092036 0.206536
vt 0.086769 0.212548
vt 0.243847 0.210636
vt 0.166815 0.281794
vt 0.179957 0.277985
vt 0.082263 0.265515
vt 0.078308 0.275465
vt 0.083823 0.258389
vt 0.086777 0.217943
vt 0.082372 0.251854
vt 0.245929 0.198955
vt 0.104119 0.325716
vt 0.931546 0.576578
vt 0.927448 0.570876
vt 0.929649 0.578602
vt 0.944506 0.530303
vt 0.948136 0.524918
vt 0.931776 0.521211
vt 0.976549 0.520186
vt 0.969143 0.529061
vt 0.978500 0.527059
vt 0.936328 0.559941
vt 0.926625 0.561144
vt 0.963931 0.523764
vt 0.953691 0.528739
vt 0.959206 0.535670
vt 0.935671 0.587831
vt 0.940338 0.579833
vt 0.938242 0.578212
vt 0.937772 0.515033
vt 0.926488 0.515628
vt 0.925115 0.587878
vt 0.930122 0.589009
vt 0.928706 0.582256
vt 0.945031 0.582693
vt 0.939339 0.585274
vt 0.956980 0.511834
vt 0.970152 0.506535
vt 0.965165 0.502966
vt 0.953846 0.474151
vt 0.953115 0.489185
vt 0.962204 0.473570
vt 0.980182 0.534298
vt 0.975213 0.538843
vt 0.953076 0.518043
vt 0.969008 0.553132
vt 0.963304 0.553069
vt 0.966318 0.558777
vt 0.967475 0.539014
vt 0.964206 0.545191
vt 0.947567 0.541480
vt 0.953801 0.550946
vt 0.952039 0.567246
vt 0.948175 0.564465
vt 0.949507 0.554419
vt 0.942046 0.484078
vt 0.943280 0.493478
vt 0.943626 0.482848
vt 0.930475 0.543232
vt 0.939343 0.547865
vt 0.930985 0.535932
vt 0.942809 0.514954
vt 0.932517 0.531807
vt 0.952239 0.498736
vt 0.956809 0.490234
vt 0.946703 0.481928
vt 0.947381 0.502918
vt 0.933428 0.549790
vt 0.949677 0.520547
vt 0.938365 0.491684
vt 0.940402 0.496611
vt 0.940071 0.486588
vt 0.930856 0.508368
vt 0.935698 0.504797
vt 0.949942 0.468241
vt 0.964196 0.495213
vt 0.941606 0.568451
vt 0.957843 0.573932
vt 0.959316 0.568379
vt 0.971857 0.543847
vt 0.944657 0.503626
vt 0.937774 0.499475
vt 0.948299 0.574405
vt 0.966306 0.565488
vt 0.951505 0.533150
vt 0.944259 0.474049
vt 0.975237 0.550452
vt 0.940639 0.484407
vt 0.930213 0.526754
vt 0.927291 0.547803
vt 0.927850 0.554799
vt 0.929040 0.523861
vt 0.956447 0.392688
vt 0.958451 0.386476
vt 0.943063 0.385370
vt 0.917860 0.374483
vt 0.920641 0.385154
vt 0.918008 0.364293
vt 0.975291 0.405447
vt 0.993675 0.412413
vt 0.990804 0.390891
vt 0.988656 0.458370
vt 0.962781 0.435147
vt 0.974061 0.459387
vt 0.973065 0.384024
vt 0.956224 0.375764
vt 0.935210 0.369434
vt 0.958085 0.442372
vt 0.941146 0.430931
vt 0.999154 0.405830
vt 0.948385 0.347654
vt 0.969549 0.349925
vt 0.990209 0.358604
vt 0.980119 0.353475
vt 0.995788 0.361375
vt 0.992532 0.426007
vt 0.993581 0.367354
vt 0.994075 0.378078
vt 0.999209 0.371831
vt 0.934521 0.458861
vt 0.931111 0.447975
vt 0.926764 0.456176
vt 0.928381 0.399416
vt 0.940452 0.416862
vt 0.922808 0.417143
vt 0.926413 0.423325
vt 0.994828 0.355857
vt 0.975916 0.350465
vt 0.971067 0.377140
vt 0.993898 0.387882
vt 0.963344 0.347252
vt 0.956661 0.347288
vt 0.955253 0.450736
vt 0.941590 0.437649
vt 0.940194 0.362971
vt 0.949223 0.374293
vt 0.927142 0.410999
vt 0.926952 0.364697
vt 0.928265 0.442439
vt 0.929068 0.434286
vt 0.934234 0.464352
vt 0.941594 0.466013
vt 0.953957 0.466017
vt 0.955102 0.457826
vt 0.944050 0.354533
vt 0.994334 0.382572
vt 0.929840 0.427164
vt 0.931527 0.429403
vt 0.986346 0.351862
vt 0.918009 0.394321
vt 0.998083 0.445241
vt 0.931483 0.358983
vt 0.944455 0.378415
vt 0.961382 0.462273
vt 0.999209 0.393994
vt 0.967153 0.460506
vt 0.551624 0.078191
vt 0.547555 0.068758
vt 0.534903 0.067303
vt 0.542830 0.066724
vt 0.603757 0.149975
vt 0.610460 0.154459
vt 0.612231 0.148673
vt 0.536289 0.088668
vt 0.527571 0.085107
vt 0.522928 0.075688
vt 0.620833 0.095957
vt 0.623228 0.109919
vt 0.625280 0.104538
vt 0.595930 0.147752
vt 0.616632 0.137884
vt 0.597524 0.131425
vt 0.595839 0.138576
vt 0.547284 0.107056
vt 0.547858 0.113955
vt 0.555256 0.106706
vt 0.617129 0.131567
vt 0.618098 0.123276
vt 0.621349 0.119029
vt 0.621023 0.113662
vt 0.558123 0.101202
vt 0.551863 0.121829
vt 0.577019 0.128539
vt 0.557698 0.120810
vt 0.559795 0.087680
vt 0.569675 0.078890
vt 0.535746 0.098905
vt 0.543116 0.103208
vt 0.609846 0.076445
vt 0.587693 0.082930
vt 0.602715 0.096403
vt 0.602378 0.065428
vt 0.593231 0.055554
vt 0.573354 0.056346
vt 0.550361 0.065385
vt 0.554170 0.127640
vt 0.564483 0.138519
vt 0.569628 0.137536
vt 0.596677 0.110434
vt 0.562891 0.048929
vt 0.608250 0.109910
vt 0.553139 0.133923
vt 0.559799 0.137244
vt 0.575988 0.098869
vt 0.616747 0.085949
vt 0.570736 0.117469
vt 0.580300 0.142366
vt 0.590246 0.109621
vt 0.593002 0.130834
vt 0.574406 0.145565
vt 0.587718 0.137316
vt 0.585622 0.145272
vt 0.590865 0.145068
vt 0.593623 0.118765
vt 0.555054 0.058843
vt 0.583629 0.042438
vt 0.619008 0.144249
vt 0.724092 0.111159
vt 0.736706 0.128829
vt 0.734729 0.117645
vt 0.659791 0.127408
vt 0.667801 0.135908
vt 0.674229 0.127421
vt 0.656483 0.146450
vt 0.662899 0.152226
vt 0.669761 0.148543
vt 0.746226 0.054189
vt 0.737989 0.054997
vt 0.746226 0.067541
vt 0.686029 0.111223
vt 0.679641 0.099846
vt 0.674770 0.112817
vt 0.698838 0.123212
vt 0.683558 0.130733
vt 0.700651 0.139449
vt 0.670952 0.163195
vt 0.673664 0.166143
vt 0.679166 0.152042
vt 0.688242 0.078943
vt 0.681493 0.083542
vt 0.687023 0.097717
vt 0.706511 0.114097
vt 0.711177 0.098291
vt 0.659987 0.148515
vt 0.713911 0.130552
vt 0.717826 0.141749
vt 0.722714 0.137732
vt 0.673196 0.139748
vt 0.665240 0.120070
vt 0.642777 0.122238
vt 0.658116 0.139288
vt 0.650846 0.141764
vt 0.712026 0.077597
vt 0.730611 0.089540
vt 0.733476 0.073699
vt 0.652491 0.136489
vt 0.642405 0.056914
vt 0.627771 0.067818
vt 0.630247 0.079519
vt 0.731809 0.136978
vt 0.725606 0.144262
vt 0.732784 0.146870
vt 0.719099 0.118877
vt 0.740636 0.091606
vt 0.744052 0.097296
vt 0.694089 0.082427
vt 0.657046 0.058740
vt 0.679238 0.070380
vt 0.669067 0.065719
vt 0.635948 0.085901
vt 0.663940 0.102404
vt 0.640486 0.107304
vt 0.743137 0.105140
vt 0.725796 0.147935
vt 0.730396 0.158564
vt 0.729025 0.152989
vt 0.693137 0.101604
vt 0.635982 0.098769
vt 0.710461 0.149303
vt 0.695598 0.112888
vt 0.696736 0.074501
vt 0.689781 0.063722
vt 0.742074 0.083028
vt 0.702010 0.095841
vt 0.692715 0.166280
vt 0.719628 0.159670
vt 0.731247 0.063394
vt 0.711799 0.065379
vt 0.719273 0.061232
vt 0.726893 0.061584
vt 0.704386 0.063733
vt 0.697370 0.059415
vt 0.666151 0.159628
vt 0.666422 0.154127
vt 0.706368 0.171600
vt 0.640505 0.114282
vt 0.682340 0.076203
vt 0.646932 0.131657
vt 0.118799 0.872926
vt 0.122056 0.868071
vt 0.119018 0.865962
vt 0.139880 0.875091
vt 0.140390 0.859591
vt 0.133459 0.868506
vt 0.120716 0.845657
vt 0.122433 0.837921
vt 0.118111 0.832579
vt 0.102047 0.850238
vt 0.098249 0.860863
vt 0.111554 0.857335
vt 0.170619 0.842727
vt 0.175982 0.838429
vt 0.180452 0.834925
vt 0.118661 0.850936
vt 0.122065 0.852451
vt 0.121865 0.847623
vt 0.116920 0.859246
vt 0.120034 0.861811
vt 0.172770 0.817712
vt 0.198819 0.829892
vt 0.196547 0.800145
vt 0.145885 0.829827
vt 0.149058 0.802934
vt 0.132505 0.828553
vt 0.111373 0.867049
vt 0.117250 0.843108
vt 0.085166 0.852689
vt 0.096558 0.839051
vt 0.108413 0.823900
vt 0.097707 0.873545
vt 0.147254 0.870817
vt 0.149459 0.866343
vt 0.149438 0.859527
vt 0.133866 0.850442
vt 0.079263 0.836528
vt 0.093713 0.833339
vt 0.187619 0.802305
vt 0.177317 0.804631
vt 0.111227 0.877390
vt 0.095771 0.825535
vt 0.092020 0.828195
vt 0.131351 0.854198
vt 0.127986 0.862730
vt 0.166023 0.798877
vt 0.125253 0.817513
vt 0.143699 0.798068
vt 0.110173 0.820378
vt 0.124577 0.851342
vt 0.124852 0.858565
vt 0.100050 0.821396
vt 0.129264 0.847325
vt 0.127954 0.855540
vt 0.127312 0.822980
vt 0.129396 0.832359
vt 0.160698 0.831939
vt 0.133980 0.838094
vt 0.116511 0.874421
vt 0.103636 0.821923
vt 0.116447 0.822362
vt 0.122270 0.822453
vt 0.124980 0.832344
vt 0.115281 0.817938
vt 0.125397 0.840790
vt 0.159526 0.849520
vt 0.145536 0.841553
vt 0.154123 0.854637
vt 0.161254 0.846512
vt 0.162297 0.842434
vt 0.095318 0.863911
vt 0.123129 0.863964
vt 0.207120 0.814094
vt 0.204305 0.794627
vt 0.190633 0.835938
vt 0.212872 0.806477
vt 0.137036 0.842068
vt 0.127674 0.871630
vt 0.375615 0.077212
vt 0.363152 0.065362
vt 0.360712 0.076313
vt 0.426002 0.051852
vt 0.392174 0.052657
vt 0.427079 0.062815
vt 0.381685 0.029118
vt 0.394132 0.030109
vt 0.383882 0.011903
vt 0.334401 0.075441
vt 0.334218 0.079154
vt 0.337945 0.077926
vt 0.432279 0.046642
vt 0.419868 0.037971
vt 0.349956 0.080256
vt 0.356387 0.079773
vt 0.345172 0.080406
vt 0.369169 0.023615
vt 0.372917 0.036283
vt 0.356819 0.085087
vt 0.400873 0.011842
vt 0.378988 0.016633
vt 0.372950 0.009964
vt 0.361011 0.090854
vt 0.378234 0.036164
vt 0.320823 0.069855
vt 0.318952 0.074185
vt 0.328344 0.076860
vt 0.321355 0.066291
vt 0.321702 0.062024
vt 0.328727 0.061501
vt 0.343793 0.038801
vt 0.349534 0.033521
vt 0.325244 0.035610
vt 0.341626 0.059886
vt 0.344653 0.045639
vt 0.340880 0.046064
vt 0.431281 0.037545
vt 0.330968 0.055681
vt 0.332258 0.069801
vt 0.336526 0.066295
vt 0.323550 0.053294
vt 0.318991 0.057111
vt 0.404637 0.077055
vt 0.389946 0.091262
vt 0.372887 0.090701
vt 0.378366 0.092861
vt 0.384743 0.092137
vt 0.331945 0.077058
vt 0.363632 0.041472
vt 0.359898 0.051333
vt 0.384528 0.044612
vt 0.352737 0.071565
vt 0.345873 0.061042
vt 0.343351 0.069456
vt 0.352154 0.014101
vt 0.367350 0.090460
vt 0.364074 0.012292
vt 0.353739 0.082437
vt 0.378049 0.054738
vt 0.417199 0.024401
vt 0.426273 0.029864
vt 0.360233 0.015032
vt 0.340793 0.081312
vt 0.404213 0.091489
vt 0.414250 0.084646
vt 0.359615 0.086794
vt 0.409662 0.008794
vt 0.396087 0.093963
vt 0.329100 0.041525
vt 0.325714 0.046056
vt 0.332723 0.045664
vt 0.340459 0.015714
vt 0.328079 0.017639
vt 0.411314 0.093807
vt 0.415369 0.077618
vt 0.424532 0.073942
vt 0.428029 0.019126
vt 0.324795 0.051107
vt 0.420475 0.005020
vt 0.321762 0.026889
vt 0.108369 0.790443
vt 0.109027 0.802292
vt 0.114888 0.800881
vt 0.116358 0.795021
vt 0.081516 0.759020
vt 0.085769 0.755805
vt 0.074432 0.752611
vt 0.089563 0.762828
vt 0.091328 0.758112
vt 0.072034 0.764504
vt 0.064002 0.761632
vt 0.070857 0.771032
vt 0.085057 0.765234
vt 0.032694 0.774788
vt 0.032684 0.794334
vt 0.047603 0.792851
vt 0.076159 0.745629
vt 0.089172 0.751768
vt 0.038571 0.812203
vt 0.038528 0.818448
vt 0.043032 0.823260
vt 0.060930 0.735433
vt 0.046401 0.739648
vt 0.042582 0.742489
vt 0.053594 0.733441
vt 0.062670 0.731548
vt 0.057867 0.731071
vt 0.072200 0.733596
vt 0.061318 0.726108
vt 0.071286 0.726108
vt 0.100527 0.748890
vt 0.097932 0.726109
vt 0.085251 0.740072
vt 0.085401 0.726109
vt 0.057919 0.755476
vt 0.066690 0.747477
vt 0.055347 0.747145
vt 0.104459 0.778583
vt 0.100506 0.783045
vt 0.093467 0.774274
vt 0.094489 0.781066
vt 0.096374 0.775912
vt 0.109973 0.786123
vt 0.079236 0.774419
vt 0.089020 0.771282
vt 0.086851 0.779526
vt 0.100382 0.789711
vt 0.091208 0.789741
vt 0.093206 0.770645
vt 0.094167 0.762742
vt 0.102070 0.764747
vt 0.109690 0.765643
vt 0.112168 0.778479
vt 0.046345 0.773209
vt 0.035453 0.805750
vt 0.046963 0.808862
vt 0.055167 0.829770
vt 0.067141 0.829693
vt 0.047748 0.755229
vt 0.042030 0.747291
vt 0.041148 0.762346
vt 0.118369 0.791411
vt 0.118734 0.784430
vt 0.107761 0.752049
vt 0.048440 0.829494
vt 0.118734 0.759850
vt 0.118734 0.733060
vt 0.072376 0.783413
vt 0.109892 0.727017
vt 0.064348 0.815478
vt 0.103635 0.817430
vt 0.087047 0.803724
vt 0.093518 0.819599
vt 0.062014 0.791014
vt 0.062665 0.834085
vt 0.077567 0.821749
vt 0.078035 0.829151
vt 0.084046 0.827932
vt 0.071919 0.827159
vt 0.042497 0.827912
vt 0.106640 0.811240
vt 0.107378 0.806758
vt 0.087363 0.823252
vt 0.044033 0.831053
vt 0.079878 0.791392
vt 0.047347 0.312541
vt 0.044599 0.309804
vt 0.042591 0.313579
vt 0.035551 0.309897
vt 0.040414 0.311424
vt 0.039046 0.306130
vt 0.028860 0.301052
vt 0.031881 0.306750
vt 0.047389 0.298262
vt 0.057273 0.276677
vt 0.043911 0.286671
vt 0.049583 0.273877
vt 0.041740 0.281676
vt 0.033293 0.307792
vt 0.032184 0.281005
vt 0.032877 0.277244
vt 0.029301 0.272376
vt 0.025110 0.270655
vt 0.062227 0.309123
vt 0.056099 0.307097
vt 0.052481 0.303577
vt 0.042922 0.306004
vt 0.063820 0.277799
vt 0.062616 0.280233
vt 0.070506 0.276690
vt 0.067569 0.284826
vt 0.062438 0.301852
vt 0.067974 0.300367
vt 0.063293 0.296551
vt 0.024890 0.278862
vt 0.077074 0.286380
vt 0.032402 0.291580
vt 0.059713 0.275779
vt 0.055112 0.301211
vt 0.023104 0.283817
vt 0.068067 0.303764
vt 0.023083 0.294712
vt 0.044508 0.271541
vt 0.069977 0.291133
vt 0.076301 0.300442
vt 0.060651 0.289840
vt 0.039842 0.292161
vt 0.050486 0.301245
vt 0.082992 0.327184
vt 0.086187 0.323968
vt 0.084880 0.319080
vt 0.049986 0.317944
vt 0.091415 0.316726
vt 0.090375 0.308682
vt 0.074083 0.323942
vt 0.078874 0.325880
vt 0.078237 0.321884
vt 0.087747 0.302796
vt 0.081268 0.306456
vt 0.085723 0.306315
vt 0.059098 0.318107
vt 0.066703 0.313182
vt 0.064248 0.311546
vt 0.055162 0.316762
vt 0.062879 0.319807
vt 0.078239 0.310736
vt 0.039295 0.272430
vt 0.066277 0.320959
vt 0.069176 0.322982
vt 0.089267 0.325209
vt 0.033707 0.270462
vt 0.088780 0.298033
vt 0.080863 0.291754
vt 0.075778 0.279952
vt 0.066123 0.273903
vt 0.069743 0.271155
vt 0.535699 0.130188
vt 0.517034 0.148511
vt 0.538164 0.139017
vt 0.474438 0.065281
vt 0.460148 0.078528
vt 0.461928 0.095393
vt 0.427404 0.078739
vt 0.443305 0.087867
vt 0.442617 0.077597
vt 0.417377 0.084122
vt 0.417477 0.092800
vt 0.430173 0.099238
vt 0.417438 0.100724
vt 0.418994 0.107034
vt 0.526164 0.113905
vt 0.528154 0.089688
vt 0.501478 0.090464
vt 0.435165 0.066528
vt 0.430657 0.072206
vt 0.455576 0.098728
vt 0.444203 0.110620
vt 0.435150 0.144919
vt 0.448914 0.146410
vt 0.429328 0.139117
vt 0.491711 0.104905
vt 0.456121 0.085707
vt 0.455231 0.066807
vt 0.484587 0.081511
vt 0.528600 0.119971
vt 0.500704 0.124446
vt 0.519255 0.177157
vt 0.533604 0.169582
vt 0.419898 0.159567
vt 0.417702 0.165452
vt 0.437073 0.163410
vt 0.417517 0.138357
vt 0.418254 0.146677
vt 0.450635 0.067735
vt 0.480236 0.156826
vt 0.496909 0.175929
vt 0.421626 0.079390
vt 0.468886 0.135709
vt 0.467336 0.119173
vt 0.543522 0.148264
vt 0.417365 0.111958
vt 0.419982 0.118478
vt 0.502805 0.070170
vt 0.492069 0.070560
vt 0.513167 0.071546
vt 0.458178 0.069954
vt 0.515606 0.082424
vt 0.538945 0.156473
vt 0.498507 0.065685
vt 0.442640 0.118056
vt 0.468331 0.065085
vt 0.504673 0.169688
vt 0.536769 0.123476
vt 0.417466 0.173387
vt 0.422810 0.180691
vt 0.544653 0.157139
vt 0.527756 0.106608
vt 0.487365 0.181659
vt 0.475890 0.184467
vt 0.482881 0.063245
vt 0.493149 0.141875
vt 0.462506 0.066366
vt 0.419527 0.130507
vt 0.431218 0.181483
vt 0.463710 0.110540
vt 0.448872 0.121830
vt 0.439925 0.184948
vt 0.454336 0.184948
vt 0.461730 0.176446
vt 0.419572 0.153587
vt 0.442294 0.064907
vt 0.447544 0.062778
vt 0.418263 0.124917
vt 0.146667 0.144776
vt 0.142529 0.161348
vt 0.157132 0.147054
vt 0.156434 0.095061
vt 0.161664 0.091287
vt 0.156082 0.091596
vt 0.156747 0.083125
vt 0.156451 0.079269
vt 0.147882 0.079577
vt 0.107613 0.179862
vt 0.090283 0.152007
vt 0.099486 0.171283
vt 0.139361 0.082236
vt 0.146145 0.090224
vt 0.145300 0.081398
vt 0.159585 0.086344
vt 0.161960 0.087445
vt 0.111942 0.128041
vt 0.114362 0.143458
vt 0.122258 0.143469
vt 0.118542 0.117836
vt 0.111968 0.118474
vt 0.135216 0.124577
vt 0.137026 0.143872
vt 0.165574 0.095284
vt 0.082983 0.168934
vt 0.126238 0.097460
vt 0.142918 0.100982
vt 0.134099 0.083360
vt 0.113466 0.191100
vt 0.120787 0.193436
vt 0.130877 0.179538
vt 0.100433 0.120576
vt 0.128062 0.170185
vt 0.122937 0.149777
vt 0.113897 0.161405
vt 0.173215 0.105667
vt 0.162104 0.109651
vt 0.182610 0.107998
vt 0.123827 0.110244
vt 0.141867 0.109899
vt 0.097864 0.180953
vt 0.100620 0.194054
vt 0.116172 0.089318
vt 0.110966 0.097538
vt 0.124867 0.088507
vt 0.128873 0.085590
vt 0.124246 0.114041
vt 0.141284 0.120156
vt 0.146398 0.116872
vt 0.134235 0.152408
vt 0.139735 0.174320
vt 0.151875 0.136629
vt 0.145701 0.134919
vt 0.096445 0.138848
vt 0.095182 0.131341
vt 0.149215 0.085243
vt 0.164862 0.140100
vt 0.173968 0.097003
vt 0.153126 0.128208
vt 0.085788 0.188800
vt 0.094448 0.195511
vt 0.095941 0.200853
vt 0.156789 0.076527
vt 0.106107 0.107913
vt 0.154235 0.163804
vt 0.160754 0.167420
vt 0.167041 0.164334
vt 0.143546 0.077615
vt 0.148904 0.177328
vt 0.182884 0.129370
vt 0.169522 0.128627
vt 0.184541 0.138292
vt 0.180365 0.149642
vt 0.173070 0.155047
vt 0.169251 0.117784
vt 0.155622 0.075207
vt 0.154916 0.072443
vt 0.149402 0.073372
vt 0.091563 0.198177
vt 0.093101 0.204176
vt 0.187396 0.132677
vt 0.094664 0.143535
vt 0.191495 0.135297
vt 0.933264 0.307446
vt 0.936832 0.287419
vt 0.917271 0.298405
vt 0.922416 0.345655
vt 0.937144 0.344870
vt 0.924640 0.335680
vt 0.911805 0.344408
vt 0.911196 0.333126
vt 0.905246 0.341194
vt 0.952588 0.335296
vt 0.951150 0.321159
vt 0.919353 0.333992
vt 0.923515 0.328267
vt 0.923680 0.320041
vt 0.915151 0.325833
vt 0.893957 0.241379
vt 0.888418 0.255565
vt 0.905954 0.266736
vt 0.969079 0.333438
vt 0.964095 0.308530
vt 0.911651 0.349890
vt 0.961154 0.338227
vt 0.920143 0.355272
vt 0.933540 0.354170
vt 0.940409 0.299957
vt 0.954924 0.299460
vt 0.924178 0.358383
vt 0.974960 0.325643
vt 0.970282 0.315787
vt 0.884003 0.274759
vt 0.897516 0.270709
vt 0.878682 0.265625
vt 0.921418 0.275760
vt 0.912032 0.248717
vt 0.940440 0.270840
vt 0.926076 0.261004
vt 0.988749 0.300309
vt 0.989419 0.292792
vt 0.979314 0.297516
vt 0.985581 0.306338
vt 0.954048 0.231487
vt 0.941592 0.251867
vt 0.958441 0.243279
vt 0.932062 0.246004
vt 0.908345 0.229689
vt 0.977216 0.306713
vt 0.969470 0.289633
vt 0.952055 0.276676
vt 0.926377 0.225243
vt 0.934507 0.234618
vt 0.932580 0.227772
vt 0.888417 0.277428
vt 0.980321 0.314501
vt 0.911695 0.279630
vt 0.943578 0.239059
vt 0.976254 0.318818
vt 0.873637 0.254112
vt 0.975503 0.255882
vt 0.969109 0.244769
vt 0.963457 0.270017
vt 0.940018 0.235878
vt 0.908495 0.285936
vt 0.975755 0.275804
vt 0.983512 0.288158
vt 0.908227 0.319879
vt 0.915014 0.353633
vt 0.894168 0.228234
vt 0.882899 0.234717
vt 0.949463 0.343015
vt 0.898613 0.326931
vt 0.893629 0.337215
vt 0.899787 0.337658
vt 0.902896 0.308948
vt 0.975695 0.266113
vt 0.980881 0.271067
vt 0.889395 0.312389
vt 0.890713 0.321917
vt 0.898380 0.301372
vt 0.907133 0.222233
vt 0.902167 0.223592
vt 0.868400 0.243088
vt 0.987994 0.283305
vt 0.986852 0.275501
vt 0.991954 0.286312
vt 0.914916 0.216232
vt 0.927732 0.211975
vt 0.900970 0.297103
vt 0.892204 0.296573
vt 0.892122 0.284112
vt 0.890422 0.290192
vt 0.862619 0.783970
vt 0.838890 0.765383
vt 0.831325 0.797008
vt 0.850132 0.933446
vt 0.837247 0.921124
vt 0.835133 0.938177
vt 0.833492 0.857038
vt 0.820538 0.860044
vt 0.832645 0.872243
vt 0.846918 0.935881
vt 0.849792 0.939781
vt 0.769574 0.803287
vt 0.752000 0.808296
vt 0.787810 0.826061
vt 0.858811 0.873981
vt 0.808420 0.846617
vt 0.774699 0.855238
vt 0.806580 0.802769
vt 0.819237 0.779029
vt 0.733344 0.959824
vt 0.714230 0.912400
vt 0.711877 0.942227
vt 0.782732 0.766401
vt 0.788963 0.752001
vt 0.843513 0.816478
vt 0.868678 0.792557
vt 0.864668 0.957403
vt 0.884681 0.761049
vt 0.874572 0.747762
vt 0.871530 0.954415
vt 0.884524 0.951880
vt 0.802206 0.742175
vt 0.868292 0.813639
vt 0.885726 0.798203
vt 0.795888 0.805925
vt 0.808071 0.832129
vt 0.885600 0.879285
vt 0.880573 0.866341
vt 0.817721 0.827953
vt 0.878148 0.774621
vt 0.818698 0.836764
vt 0.766857 0.877865
vt 0.803367 0.867265
vt 0.836623 0.885682
vt 0.831153 0.893514
vt 0.720324 0.856409
vt 0.721868 0.882288
vt 0.741244 0.857965
vt 0.884718 0.903972
vt 0.723668 0.899179
vt 0.740666 0.908869
vt 0.882481 0.832709
vt 0.883517 0.845837
vt 0.863513 0.856523
vt 0.793901 0.897514
vt 0.797028 0.933772
vt 0.807968 0.920359
vt 0.820398 0.742155
vt 0.765234 0.944386
vt 0.757169 0.899045
vt 0.835183 0.843176
vt 0.790540 0.938143
vt 0.748215 0.957022
vt 0.776329 0.904388
vt 0.758679 0.950110
vt 0.853862 0.923426
vt 0.819917 0.942549
vt 0.841545 0.742155
vt 0.705839 0.959824
vt 0.885921 0.742155
vt 0.750904 0.826755
vt 0.742201 0.837883
vt 0.862687 0.742155
vt 0.815044 0.899138
vt 0.822463 0.909238
vt 0.877304 0.918645
vt 0.804322 0.936327
vt 0.878331 0.823573
vt 0.856560 0.950058
vt 0.771365 0.769763
vt 0.883455 0.892778
vt 0.885683 0.935860
vt 0.879299 0.927307
vt 0.706338 0.928470
vt 0.676603 0.862604
vt 0.666116 0.866804
vt 0.676441 0.867136
vt 0.648949 0.876828
vt 0.702886 0.902492
vt 0.640016 0.826394
vt 0.633194 0.829192
vt 0.615940 0.840960
vt 0.694938 0.927720
vt 0.685026 0.915609
vt 0.688219 0.936402
vt 0.628966 0.902188
vt 0.624984 0.880417
vt 0.605777 0.896523
vt 0.602018 0.878369
vt 0.609965 0.879337
vt 0.618928 0.873383
vt 0.656663 0.859786
vt 0.652050 0.867991
vt 0.673129 0.827869
vt 0.665622 0.821559
vt 0.649191 0.823301
vt 0.662570 0.836443
vt 0.640524 0.976049
vt 0.648667 0.961102
vt 0.624779 0.953963
vt 0.656047 0.912719
vt 0.613172 0.884208
vt 0.677611 0.955588
vt 0.656101 0.959961
vt 0.667519 0.962054
vt 0.602394 0.941708
vt 0.609358 0.923751
vt 0.597670 0.926297
vt 0.552590 0.958146
vt 0.561728 0.968075
vt 0.556702 0.954101
vt 0.601667 0.913984
vt 0.605609 0.914494
vt 0.698207 0.885599
vt 0.700580 0.872394
vt 0.684527 0.946154
vt 0.694801 0.858560
vt 0.688403 0.855666
vt 0.548931 0.960801
vt 0.548457 0.966456
vt 0.552476 0.965054
vt 0.657925 0.973239
vt 0.568419 0.958950
vt 0.573811 0.965711
vt 0.582906 0.966056
vt 0.645732 0.929683
vt 0.655214 0.927693
vt 0.569427 0.941622
vt 0.592176 0.970957
vt 0.620097 0.974123
vt 0.649593 0.970688
vt 0.652013 0.839862
vt 0.542351 0.965438
vt 0.545686 0.967848
vt 0.631225 0.981798
vt 0.646037 0.941718
vt 0.623769 0.864517
vt 0.682717 0.835903
vt 0.690684 0.863687
vt 0.591427 0.949152
vt 0.625989 0.924168
vt 0.623891 0.831077
vt 0.657909 0.820782
vt 0.592965 0.915430
vt 0.588209 0.902718
vt 0.586734 0.911681
vt 0.604415 0.889598
vt 0.632639 0.871957
vt 0.580133 0.929536
vt 0.575146 0.936848
vt 0.579205 0.918287
vt 0.578864 0.969014
vt 0.670910 0.857227
vt 0.603023 0.976143
vt 0.613081 0.981199
vt 0.567702 0.965861
vt 0.690578 0.843519
vt 0.674658 0.844709
vt 0.563531 0.951378
vt 0.584966 0.972265
vt 0.667019 0.969186
vt 0.597579 0.973903
vt 0.596848 0.896668
vt 0.598251 0.884973
vt 0.615533 0.855214
vt 0.601634 0.862667
vt 0.563244 0.945457
vt 0.555843 0.966942
vt 0.540099 0.969478
vt 0.544058 0.967937
vt 0.602546 0.871771
vt 0.555824 0.257420
vt 0.565145 0.251515
vt 0.548719 0.252858
vt 0.567419 0.264556
vt 0.562192 0.274848
vt 0.581129 0.277502
vt 0.537437 0.266806
vt 0.568496 0.298140
vt 0.567966 0.290021
vt 0.564273 0.300343
vt 0.626945 0.274476
vt 0.628422 0.283060
vt 0.638168 0.275039
vt 0.650789 0.284229
vt 0.644615 0.295121
vt 0.663456 0.266636
vt 0.637457 0.261319
vt 0.648749 0.276544
vt 0.631974 0.297804
vt 0.607939 0.319566
vt 0.608929 0.338630
vt 0.626601 0.317570
vt 0.534600 0.244393
vt 0.541276 0.256020
vt 0.633846 0.168790
vt 0.602574 0.178206
vt 0.597298 0.206339
vt 0.599768 0.251316
vt 0.586186 0.230675
vt 0.578606 0.253260
vt 0.606962 0.265473
vt 0.634521 0.241294
vt 0.622355 0.230148
vt 0.637340 0.208561
vt 0.525081 0.237745
vt 0.542070 0.242251
vt 0.670278 0.242675
vt 0.658366 0.227359
vt 0.568322 0.156148
vt 0.548459 0.174146
vt 0.554104 0.201236
vt 0.598615 0.315114
vt 0.600306 0.303193
vt 0.581149 0.308627
vt 0.579823 0.296243
vt 0.579640 0.306188
vt 0.577424 0.297781
vt 0.572079 0.291961
vt 0.575930 0.303902
vt 0.572883 0.302286
vt 0.634303 0.308386
vt 0.578135 0.306489
vt 0.594397 0.305857
vt 0.591180 0.270849
vt 0.583183 0.270117
vt 0.525658 0.221888
vt 0.565531 0.220823
vt 0.594926 0.313543
vt 0.661094 0.252174
vt 0.559206 0.237557
vt 0.646151 0.160300
vt 0.611437 0.278970
vt 0.606085 0.292293
vt 0.523505 0.274467
vt 0.517329 0.275191
vt 0.521634 0.281163
vt 0.571815 0.283092
vt 0.528066 0.260406
vt 0.521661 0.263884
vt 0.571047 0.304458
vt 0.567451 0.304085
vt 0.512215 0.260384
vt 0.510262 0.265991
vt 0.530780 0.248103
vt 0.543263 0.288762
vt 0.545395 0.292949
vt 0.508344 0.273599
vt 0.581636 0.285715
vt 0.574837 0.286563
vt 0.578732 0.290525
vt 0.585196 0.293153
vt 0.582702 0.296682
vt 0.555044 0.305123
vt 0.679172 0.190238
vt 0.695509 0.188505
vt 0.676899 0.169512
vt 0.673586 0.218779
vt 0.659386 0.171283
vt 0.549050 0.189027
vt 0.524890 0.195355
vt 0.591932 0.313000
vt 0.589337 0.308222
vt 0.591296 0.319338
vt 0.580737 0.317570
vt 0.585692 0.289616
vt 0.590900 0.301448
vt 0.532844 0.284139
vt 0.690143 0.168702
vt 0.517253 0.242481
vt 0.514387 0.247160
vt 0.529102 0.214324
vt 0.693844 0.210978
vt 0.590638 0.154149
vt 0.585925 0.321466
vt 0.596520 0.265378
vt 0.517296 0.231168
vt 0.622038 0.154693
vt 0.042190 0.074428
vt 0.045743 0.068013
vt 0.032601 0.061698
vt 0.025754 0.065419
vt 0.033216 0.085058
vt 0.026519 0.076013
vt 0.080409 0.022868
vt 0.062564 0.025611
vt 0.075259 0.030967
vt 0.030960 0.038806
vt 0.027328 0.043265
vt 0.041890 0.051100
vt 0.054732 0.066191
vt 0.037210 0.055837
vt 0.101208 0.021704
vt 0.102900 0.009949
vt 0.093690 0.017845
vt 0.086908 0.006629
vt 0.079446 0.008891
vt 0.081742 0.018581
vt 0.096560 0.013545
vt 0.064207 0.071647
vt 0.070159 0.084849
vt 0.072626 0.078086
vt 0.039464 0.035761
vt 0.088104 0.031107
vt 0.096408 0.028685
vt 0.110105 0.009281
vt 0.053056 0.044594
vt 0.033687 0.020330
vt 0.034116 0.025041
vt 0.046534 0.019364
vt 0.050365 0.037283
vt 0.036622 0.011769
vt 0.100918 0.104802
vt 0.083442 0.112913
vt 0.092871 0.109536
vt 0.061637 0.033473
vt 0.124686 0.075299
vt 0.113814 0.062398
vt 0.116708 0.080032
vt 0.131489 0.065062
vt 0.134225 0.051954
vt 0.095893 0.084054
vt 0.104050 0.096417
vt 0.100820 0.072716
vt 0.109042 0.081029
vt 0.086982 0.082253
vt 0.075744 0.103984
vt 0.078902 0.067948
vt 0.084244 0.056503
vt 0.133553 0.039046
vt 0.128340 0.033230
vt 0.117328 0.041516
vt 0.116257 0.027652
vt 0.125034 0.031526
vt 0.128363 0.026801
vt 0.027430 0.050601
vt 0.051808 0.090955
vt 0.032463 0.090412
vt 0.039302 0.092486
vt 0.067225 0.063513
vt 0.072986 0.053393
vt 0.089092 0.046714
vt 0.077228 0.042370
vt 0.105657 0.057453
vt 0.106572 0.038988
vt 0.060111 0.018197
vt 0.064400 0.004963
vt 0.053844 0.005922
vt 0.073238 0.007351
vt 0.028197 0.056631
vt 0.025910 0.029539
vt 0.064151 0.044920
vt 0.049985 0.078537
vt 0.058883 0.057033
vt 0.043379 0.006802
vt 0.054960 0.026945
vt 0.049127 0.102891
vt 0.064477 0.108576
vt 0.128812 0.012330
vt 0.121191 0.017941
vt 0.127649 0.021119
vt 0.055257 0.107964
vt 0.069977 0.109948
vt 0.041015 0.096166
vt 0.046917 0.096586
vt 0.026793 0.083496
vt 0.116429 0.020052
vt 0.114117 0.036072
vt 0.073636 0.113817
vt 0.086698 0.039155
vt 0.113729 0.017782
vt 0.103963 0.026671
vt 0.104156 0.031518
vt 0.095804 0.035537
vt 0.119750 0.390860
vt 0.111144 0.392029
vt 0.120105 0.401692
vt 0.063928 0.359320
vt 0.042682 0.353185
vt 0.046258 0.368155
vt 0.073998 0.389927
vt 0.077706 0.374654
vt 0.064830 0.378165
vt 0.112893 0.384038
vt 0.102687 0.378933
vt 0.122181 0.420655
vt 0.126513 0.415783
vt 0.114581 0.403784
vt 0.102419 0.430811
vt 0.111750 0.439022
vt 0.110314 0.430797
vt 0.076936 0.440622
vt 0.073730 0.430293
vt 0.064197 0.441662
vt 0.100968 0.390773
vt 0.084875 0.432377
vt 0.090098 0.445959
vt 0.093896 0.431885
vt 0.067422 0.393912
vt 0.081831 0.400651
vt 0.137903 0.399160
vt 0.132964 0.395325
vt 0.133044 0.403128
vt 0.068558 0.454070
vt 0.072423 0.456837
vt 0.066858 0.444491
vt 0.136542 0.394007
vt 0.092283 0.353565
vt 0.078408 0.344202
vt 0.064534 0.348648
vt 0.089709 0.417886
vt 0.083888 0.422910
vt 0.079020 0.448952
vt 0.097684 0.421137
vt 0.125380 0.398207
vt 0.125396 0.387155
vt 0.080291 0.387091
vt 0.089942 0.379162
vt 0.070700 0.401914
vt 0.063709 0.407141
vt 0.070157 0.411809
vt 0.125521 0.375513
vt 0.119190 0.371296
vt 0.115105 0.377364
vt 0.106572 0.396910
vt 0.116174 0.425150
vt 0.116773 0.421528
vt 0.113833 0.427761
vt 0.103046 0.450625
vt 0.092111 0.385102
vt 0.099904 0.399018
vt 0.057229 0.400147
vt 0.077639 0.471891
vt 0.081443 0.453341
vt 0.094679 0.412302
vt 0.072656 0.462989
vt 0.073437 0.468348
vt 0.053016 0.381138
vt 0.084056 0.461747
vt 0.067867 0.447847
vt 0.053242 0.337734
vt 0.058812 0.344295
vt 0.109239 0.379243
vt 0.104053 0.408416
vt 0.079241 0.479996
vt 0.088191 0.470938
vt 0.134195 0.381056
vt 0.131147 0.378047
vt 0.056110 0.395827
vt 0.052857 0.388931
vt 0.094981 0.370620
vt 0.086500 0.475066
vt 0.085975 0.480365
vt 0.089133 0.394058
vt 0.143118 0.394125
vt 0.149197 0.387784
vt 0.141507 0.380359
vt 0.129037 0.405767
vt 0.126663 0.409697
vt 0.054838 0.404347
vt 0.053111 0.411482
vt 0.088615 0.401149
vt 0.089780 0.365824
vt 0.109466 0.447705
vt 0.096517 0.459562
vt 0.101222 0.456153
vt 0.098248 0.468754
vt 0.052162 0.374658
vt 0.071005 0.421033
vt 0.067629 0.429784
vt 0.113084 0.371532
vt 0.054381 0.430888
vt 0.059563 0.438712
vt 0.103014 0.370263
vt 0.041280 0.338766
vt 0.056532 0.420594
vt 0.078605 0.409598
vt 0.614760 0.556113
vt 0.622441 0.578281
vt 0.630302 0.542078
vt 0.772404 0.761928
vt 0.749373 0.782072
vt 0.765176 0.772571
vt 0.653355 0.802859
vt 0.641205 0.790764
vt 0.644450 0.801107
vt 0.730994 0.770297
vt 0.721260 0.788791
vt 0.738770 0.782870
vt 0.694677 0.638506
vt 0.712937 0.602026
vt 0.689300 0.601300
vt 0.770713 0.716515
vt 0.755277 0.742201
vt 0.767910 0.731111
vt 0.644729 0.669562
vt 0.595409 0.642596
vt 0.596353 0.667885
vt 0.672972 0.576924
vt 0.723554 0.578979
vt 0.699042 0.539797
vt 0.744365 0.538637
vt 0.736662 0.560110
vt 0.620844 0.623340
vt 0.542650 0.627722
vt 0.679462 0.794934
vt 0.689116 0.796653
vt 0.689350 0.783977
vt 0.688254 0.541065
vt 0.665787 0.546000
vt 0.742106 0.796252
vt 0.733263 0.791332
vt 0.729362 0.798592
vt 0.591402 0.703449
vt 0.540961 0.713720
vt 0.558859 0.725155
vt 0.541314 0.662242
vt 0.541316 0.685953
vt 0.642092 0.709032
vt 0.743359 0.790040
vt 0.751052 0.627524
vt 0.765574 0.669245
vt 0.769405 0.648927
vt 0.555211 0.741653
vt 0.593326 0.732639
vt 0.759902 0.592934
vt 0.661643 0.638554
vt 0.772376 0.743721
vt 0.564763 0.752433
vt 0.600519 0.760669
vt 0.743879 0.725455
vt 0.771718 0.704168
vt 0.742458 0.685879
vt 0.725739 0.709000
vt 0.729980 0.741238
vt 0.598468 0.555332
vt 0.590895 0.585534
vt 0.673804 0.759293
vt 0.612252 0.741158
vt 0.688438 0.732078
vt 0.567218 0.571261
vt 0.747268 0.804604
vt 0.643028 0.756176
vt 0.764063 0.682766
vt 0.725761 0.751568
vt 0.718784 0.682732
vt 0.688414 0.706103
vt 0.709390 0.789386
vt 0.702975 0.751574
vt 0.740290 0.807793
vt 0.698693 0.794197
vt 0.659868 0.799352
vt 0.725109 0.795632
vt 0.707193 0.721172
vt 0.631330 0.802794
vt 0.601273 0.807740
vt 0.620936 0.804334
vt 0.693694 0.794412
vt 0.769106 0.689309
vt 0.667376 0.799750
vt 0.773111 0.724098
vt 0.679105 0.684177
vt 0.610115 0.780766
vt 0.757103 0.565818
vt 0.729777 0.526481
vt 0.714048 0.523400
vt 0.540961 0.604694
vt 0.554329 0.593035
vt 0.540961 0.642296
vt 0.576953 0.800343
vt 0.658080 0.605850
vt 0.555940 0.777249
vt 0.758669 0.776331
vt 0.735326 0.805540
vt 0.673984 0.798887
vt 0.272538 0.167909
vt 0.299615 0.161098
vt 0.276572 0.144847
vt 0.317738 0.078115
vt 0.304187 0.095465
vt 0.336505 0.083072
vt 0.274723 0.209776
vt 0.292364 0.214366
vt 0.290472 0.187772
vt 0.276358 0.121962
vt 0.285192 0.121113
vt 0.285310 0.111854
vt 0.257542 0.162261
vt 0.265797 0.161113
vt 0.269045 0.146405
vt 0.236206 0.099843
vt 0.231068 0.130739
vt 0.249640 0.113902
vt 0.361001 0.195147
vt 0.347818 0.177194
vt 0.349965 0.195406
vt 0.263175 0.143377
vt 0.308359 0.115043
vt 0.262424 0.123725
vt 0.293160 0.070241
vt 0.304116 0.078273
vt 0.200703 0.106812
vt 0.213865 0.085578
vt 0.201596 0.091375
vt 0.411443 0.172051
vt 0.408750 0.164149
vt 0.401843 0.176707
vt 0.268351 0.179865
vt 0.264029 0.175569
vt 0.260708 0.194229
vt 0.306595 0.192282
vt 0.284802 0.087745
vt 0.285021 0.101109
vt 0.234040 0.088361
vt 0.227829 0.085376
vt 0.398546 0.157282
vt 0.393645 0.151278
vt 0.390485 0.143935
vt 0.331743 0.172046
vt 0.344921 0.199771
vt 0.221405 0.146515
vt 0.220562 0.162381
vt 0.269379 0.132750
vt 0.209984 0.139248
vt 0.271590 0.080486
vt 0.280270 0.088953
vt 0.279982 0.075659
vt 0.260092 0.184457
vt 0.255211 0.096938
vt 0.372434 0.155515
vt 0.372781 0.171467
vt 0.392146 0.173987
vt 0.307125 0.128373
vt 0.276533 0.133820
vt 0.366481 0.097352
vt 0.341880 0.123715
vt 0.368224 0.107914
vt 0.371061 0.115800
vt 0.356761 0.134305
vt 0.372279 0.122002
vt 0.322205 0.162939
vt 0.343584 0.153917
vt 0.402195 0.163942
vt 0.375886 0.129689
vt 0.269205 0.198496
vt 0.313686 0.143723
vt 0.385729 0.133303
vt 0.333279 0.106416
vt 0.361450 0.163812
vt 0.364593 0.179262
vt 0.371379 0.177681
vt 0.328147 0.212073
vt 0.339507 0.208609
vt 0.278383 0.101206
vt 0.377969 0.176595
vt 0.350840 0.092671
vt 0.242476 0.089043
vt 0.273776 0.098631
vt 0.246618 0.075198
vt 0.386443 0.178119
vt 0.242868 0.182516
vt 0.254580 0.181831
vt 0.376043 0.123523
vt 0.235858 0.173819
vt 0.236830 0.162901
vt 0.302655 0.217168
vt 0.319499 0.220303
vt 0.259423 0.072846
vt 0.186800 0.126123
vt 0.191574 0.108036
vt 0.703796 0.448332
vt 0.709484 0.442261
vt 0.700519 0.437951
vt 0.704340 0.431338
vt 0.692317 0.436031
vt 0.716258 0.463895
vt 0.713333 0.449451
vt 0.710623 0.454834
vt 0.630081 0.537612
vt 0.640936 0.535473
vt 0.622893 0.524198
vt 0.629521 0.492846
vt 0.655617 0.496888
vt 0.640561 0.484721
vt 0.665291 0.427275
vt 0.663636 0.433927
vt 0.673027 0.435368
vt 0.652322 0.529178
vt 0.649088 0.476593
vt 0.640150 0.470247
vt 0.654245 0.403161
vt 0.646957 0.416972
vt 0.681648 0.440932
vt 0.680927 0.430556
vt 0.650521 0.510313
vt 0.682376 0.522625
vt 0.669117 0.504476
vt 0.705861 0.468271
vt 0.712380 0.470474
vt 0.624360 0.517501
vt 0.625442 0.512772
vt 0.649203 0.441887
vt 0.634642 0.446290
vt 0.650377 0.451026
vt 0.661218 0.492365
vt 0.750519 0.377703
vt 0.732302 0.394598
vt 0.741630 0.391015
vt 0.634378 0.439700
vt 0.611733 0.509936
vt 0.602196 0.494872
vt 0.610479 0.544473
vt 0.602975 0.520205
vt 0.600560 0.532235
vt 0.697372 0.349703
vt 0.707459 0.353249
vt 0.699191 0.325172
vt 0.689015 0.457630
vt 0.688496 0.476089
vt 0.696238 0.462188
vt 0.680296 0.475832
vt 0.694499 0.478412
vt 0.751844 0.383623
vt 0.750649 0.390902
vt 0.680895 0.483045
vt 0.621210 0.540604
vt 0.676482 0.456355
vt 0.646390 0.522096
vt 0.673119 0.471518
vt 0.701649 0.402889
vt 0.722769 0.393020
vt 0.710706 0.384146
vt 0.682175 0.354625
vt 0.605710 0.508979
vt 0.673525 0.536559
vt 0.667910 0.480649
vt 0.666117 0.487661
vt 0.754780 0.362650
vt 0.732479 0.354910
vt 0.693296 0.427343
vt 0.656667 0.474445
vt 0.764896 0.349639
vt 0.750760 0.350459
vt 0.724371 0.409277
vt 0.650451 0.470261
vt 0.660049 0.462139
vt 0.649953 0.531466
vt 0.622801 0.457931
vt 0.626576 0.471945
vt 0.631365 0.455728
vt 0.609380 0.482705
vt 0.742145 0.409032
vt 0.756888 0.386240
vt 0.665151 0.384396
vt 0.659932 0.400242
vt 0.680431 0.382316
vt 0.641230 0.434048
vt 0.596260 0.524202
vt 0.615458 0.470374
vt 0.681904 0.502473
vt 0.677234 0.493938
vt 0.756576 0.366839
vt 0.710369 0.433856
vt 0.687629 0.487098
vt 0.630299 0.451052
vt 0.756728 0.343042
vt 0.752661 0.333078
vt 0.740423 0.316100
vt 0.710392 0.310750
vt 0.714315 0.322565
vt 0.639684 0.428956
vt 0.751164 0.403434
vt 0.692810 0.504574
vt 0.601898 0.514434
vt 0.700926 0.484602
vt 0.702549 0.479436
vt 0.696372 0.488507
vt 0.623753 0.539181
vt 0.627659 0.539523
vt 0.690413 0.496753
vt 0.720707 0.304644
vt 0.701280 0.489904
vt 0.598275 0.539137
vt 0.709409 0.475107
vt 0.637730 0.540061
vt 0.717739 0.407958
vt 0.668457 0.407756
vt 0.737015 0.428023
vt 0.741247 0.420636
vt 0.713661 0.441176
vt 0.713174 0.444783
vt 0.731661 0.427795
vt 0.695649 0.378104
vt 0.686887 0.356142
vt 0.716845 0.423982
vt 0.730435 0.433517
vt 0.714830 0.447514
vt 0.717365 0.440029
vt 0.683174 0.369705
vt 0.926143 0.537703
vt 0.924442 0.531529
vt 0.912547 0.539816
vt 0.813001 0.483717
vt 0.834684 0.511579
vt 0.837377 0.487847
vt 0.831832 0.520774
vt 0.821358 0.516615
vt 0.902452 0.570068
vt 0.888382 0.575042
vt 0.902838 0.591640
vt 0.893365 0.592047
vt 0.914098 0.580409
vt 0.916737 0.575035
vt 0.909606 0.593682
vt 0.917556 0.567802
vt 0.806663 0.516739
vt 0.810272 0.501246
vt 0.896145 0.602298
vt 0.896349 0.595657
vt 0.924875 0.525045
vt 0.922002 0.518651
vt 0.922207 0.565163
vt 0.923358 0.555771
vt 0.917574 0.589726
vt 0.882924 0.453142
vt 0.903481 0.465116
vt 0.895960 0.452728
vt 0.907242 0.599466
vt 0.878768 0.432430
vt 0.903071 0.440410
vt 0.919702 0.455795
vt 0.890808 0.431798
vt 0.885565 0.433129
vt 0.902482 0.430929
vt 0.897021 0.430470
vt 0.867615 0.438586
vt 0.904105 0.527933
vt 0.919882 0.512971
vt 0.906817 0.515237
vt 0.921517 0.504859
vt 0.920620 0.498531
vt 0.911675 0.492607
vt 0.864159 0.441865
vt 0.869344 0.454143
vt 0.924817 0.479100
vt 0.905352 0.478138
vt 0.865800 0.471120
vt 0.886142 0.472765
vt 0.872226 0.504991
vt 0.884353 0.499653
vt 0.873519 0.484105
vt 0.889727 0.483593
vt 0.849459 0.450437
vt 0.922735 0.491144
vt 0.857880 0.443977
vt 0.894351 0.496655
vt 0.876023 0.522342
vt 0.862243 0.520433
vt 0.904102 0.419665
vt 0.846703 0.475819
vt 0.899710 0.506724
vt 0.861338 0.565732
vt 0.868717 0.570737
vt 0.872268 0.573408
vt 0.890437 0.586054
vt 0.888421 0.563942
vt 0.880256 0.556042
vt 0.886541 0.581550
vt 0.887583 0.583777
vt 0.850921 0.541335
vt 0.873726 0.537656
vt 0.808921 0.536908
vt 0.817408 0.537248
vt 0.804759 0.529310
vt 0.919496 0.462019
vt 0.919826 0.470069
vt 0.889442 0.547093
vt 0.865972 0.553103
vt 0.852180 0.561939
vt 0.858230 0.560508
vt 0.919050 0.435484
vt 0.917230 0.423937
vt 0.917149 0.448297
vt 0.829165 0.557085
vt 0.837374 0.528341
vt 0.838739 0.543004
vt 0.833395 0.558873
vt 0.841127 0.566543
vt 0.847651 0.515870
vt 0.816909 0.551974
vt 0.858070 0.505305
vt 0.872514 0.436771
vt 0.919657 0.442601
vt 0.864747 0.569145
vt 0.840762 0.458309
vt 0.835571 0.463711
vt 0.823485 0.477782
vt 0.871139 0.583222
vt 0.880421 0.583458
vt 0.914642 0.420180
vt 0.893312 0.522402
vt 0.884076 0.530858
vt 0.876940 0.527460
vt 0.814326 0.494590
vt 0.899885 0.548194
vt 0.861210 0.485894
vt 0.483891 0.277035
vt 0.486335 0.273225
vt 0.479055 0.274175
vt 0.479930 0.278399
vt 0.396099 0.265883
vt 0.399049 0.260529
vt 0.392641 0.260532
vt 0.461199 0.225921
vt 0.472367 0.241392
vt 0.471917 0.221150
vt 0.408645 0.250649
vt 0.400642 0.249138
vt 0.491867 0.276943
vt 0.493909 0.271549
vt 0.503787 0.204010
vt 0.484860 0.185250
vt 0.492874 0.206584
vt 0.361977 0.226376
vt 0.364637 0.234951
vt 0.367366 0.231117
vt 0.474048 0.277351
vt 0.477010 0.233693
vt 0.444662 0.284656
vt 0.449437 0.283246
vt 0.451317 0.271365
vt 0.491268 0.251077
vt 0.485237 0.259959
vt 0.492218 0.264659
vt 0.407622 0.259119
vt 0.395005 0.214730
vt 0.386916 0.204974
vt 0.381383 0.214951
vt 0.500294 0.219364
vt 0.490226 0.210477
vt 0.480810 0.219214
vt 0.477860 0.265623
vt 0.430263 0.196427
vt 0.423453 0.194683
vt 0.423953 0.208871
vt 0.419713 0.264122
vt 0.520028 0.198864
vt 0.521089 0.210751
vt 0.452477 0.261731
vt 0.457377 0.236779
vt 0.438825 0.245392
vt 0.503097 0.188805
vt 0.493028 0.185254
vt 0.452752 0.191536
vt 0.446553 0.193842
vt 0.450053 0.222517
vt 0.440300 0.235813
vt 0.426424 0.223730
vt 0.395032 0.250123
vt 0.472804 0.200688
vt 0.404325 0.242416
vt 0.414475 0.221709
vt 0.390083 0.243323
vt 0.406600 0.215297
vt 0.456207 0.275905
vt 0.458956 0.278243
vt 0.484107 0.233030
vt 0.494624 0.241423
vt 0.413961 0.197486
vt 0.439616 0.204384
vt 0.458472 0.185827
vt 0.480830 0.192412
vt 0.475005 0.186635
vt 0.467767 0.189012
vt 0.482024 0.254421
vt 0.486774 0.246926
vt 0.435626 0.191156
vt 0.495297 0.255572
vt 0.380030 0.245711
vt 0.369999 0.238027
vt 0.374944 0.244698
vt 0.478790 0.203273
vt 0.429669 0.210557
vt 0.455157 0.268191
vt 0.511901 0.226549
vt 0.510469 0.233226
vt 0.386474 0.250263
vt 0.464354 0.280234
vt 0.462179 0.268682
vt 0.470972 0.280429
vt 0.468330 0.266705
vt 0.458928 0.263885
vt 0.362037 0.206560
vt 0.444700 0.261835
vt 0.424184 0.281123
vt 0.476508 0.251773
vt 0.461205 0.259621
vt 0.472460 0.261427
vt 0.433280 0.281036
vt 0.443339 0.274027
vt 0.438687 0.283413
vt 0.460827 0.279534
vt 0.379264 0.233930
vt 0.375031 0.225953
vt 0.454154 0.278002
vt 0.520694 0.214908
vt 0.354440 0.213898
vt 0.342614 0.225177
vt 0.349276 0.227683
vt 0.384063 0.253113
vt 0.517944 0.195128
vt 0.400822 0.266115
vt 0.355551 0.230259
vt 0.395112 0.206342
vt 0.391498 0.206129
vt 0.517461 0.225612
vt 0.371902 0.207751
vt 0.376406 0.197791
vt 0.397705 0.204739
vt 0.441995 0.283979
vt 0.371690 0.244836
vt 0.399430 0.219903
vt 0.495190 0.250031
vt 0.495692 0.246602
vt 0.442783 0.270101
vt 0.379355 0.253423
vt 0.416778 0.278548
vt 0.488326 0.283554
vt 0.346322 0.210710
vt 0.497500 0.185574
vt 0.448398 0.268099
vt 0.509848 0.188451
vt 0.517013 0.189540
vt 0.404700 0.274145
vt 0.399661 0.198862
vt 0.504412 0.242434
vt 0.495878 0.244325
vt 0.487860 0.243550
vt 0.375772 0.248157
vt 0.340334 0.214504
vt 0.379052 0.298146
vt 0.363083 0.306641
vt 0.368157 0.316723
vt 0.366439 0.325057
vt 0.377210 0.320857
vt 0.383256 0.325099
vt 0.383975 0.317755
vt 0.356617 0.329978
vt 0.342370 0.322726
vt 0.330082 0.336976
vt 0.340865 0.311305
vt 0.333069 0.311685
vt 0.329897 0.288060
vt 0.319888 0.306561
vt 0.338951 0.299060
vt 0.307551 0.287549
vt 0.319030 0.276347
vt 0.353068 0.302735
vt 0.361237 0.295279
vt 0.355300 0.281751
vt 0.343712 0.305425
vt 0.325214 0.260330
vt 0.343935 0.255560
vt 0.328362 0.320433
vt 0.349802 0.314706
vt 0.371313 0.342657
vt 0.350854 0.341070
vt 0.353996 0.359684
vt 0.338530 0.355683
vt 0.371398 0.359083
vt 0.346775 0.383585
vt 0.368877 0.372245
vt 0.377032 0.354596
vt 0.365877 0.269772
vt 0.373230 0.251020
vt 0.329287 0.239721
vt 0.314173 0.242453
vt 0.391951 0.309345
vt 0.382793 0.326123
vt 0.336229 0.229640
vt 0.304139 0.266849
vt 0.319033 0.294446
vt 0.298217 0.276818
vt 0.298402 0.244665
vt 0.360603 0.386576
vt 0.379391 0.279608
vt 0.383109 0.347336
vt 0.400024 0.298284
vt 0.393585 0.283573
vt 0.381751 0.332494
vt 0.291120 0.276974
vt 0.290338 0.286909
vt 0.373885 0.267581
vt 0.376745 0.259515
vt 0.300488 0.311010
vt 0.280404 0.308687
vt 0.293062 0.325299
vt 0.298481 0.298841
vt 0.210671 0.290264
vt 0.205929 0.304869
vt 0.229184 0.286384
vt 0.293975 0.305094
vt 0.225893 0.279718
vt 0.261891 0.255351
vt 0.242615 0.268822
vt 0.261670 0.267057
vt 0.246409 0.274835
vt 0.198157 0.276816
vt 0.200221 0.282396
vt 0.206134 0.277177
vt 0.213060 0.281708
vt 0.204733 0.288370
vt 0.313174 0.324552
vt 0.338680 0.340321
vt 0.281447 0.266146
vt 0.267934 0.254200
vt 0.273347 0.273936
vt 0.276508 0.258808
vt 0.318698 0.222841
vt 0.253234 0.278513
vt 0.278055 0.283596
vt 0.236968 0.298363
vt 0.246305 0.291197
vt 0.261304 0.288292
vt 0.275001 0.296933
vt 0.277925 0.299492
vt 0.233414 0.313672
vt 0.246555 0.309019
vt 0.222202 0.310609
vt 0.258363 0.299429
vt 0.375531 0.272854
vt 0.372542 0.267990
vt 0.261985 0.314129
vt 0.228613 0.312200
vt 0.249882 0.319296
vt 0.299861 0.343705
vt 0.271940 0.328852
vt 0.301267 0.363723
vt 0.281578 0.339932
vt 0.251623 0.341738
vt 0.262488 0.348653
vt 0.273949 0.348799
vt 0.246231 0.330174
vt 0.311418 0.367422
vt 0.288290 0.362763
vt 0.239186 0.328210
vt 0.319338 0.373275
vt 0.302456 0.239489
vt 0.331587 0.376816
vt 0.344593 0.241151
vt 0.248790 0.242423
vt 0.233824 0.240293
vt 0.238216 0.255671
vt 0.245789 0.241726
vt 0.216162 0.260066
vt 0.223758 0.261315
vt 0.223718 0.247541
vt 0.225379 0.272370
vt 0.209418 0.271004
vt 0.354936 0.240458
vt 0.243359 0.239115
vt 0.251083 0.251644
vt 0.290133 0.247136
vt 0.285468 0.244785
vt 0.290386 0.256049
vt 0.281944 0.235391
vt 0.273805 0.232032
vt 0.363486 0.248510
vt 0.266284 0.234078
vt 0.260817 0.240322
vt 0.292274 0.247590
vt 0.256469 0.239906
vt 0.365373 0.246477
vt 0.252044 0.241637
vt 0.211545 0.902084
vt 0.205019 0.908231
vt 0.223627 0.916355
vt 0.237719 0.864692
vt 0.228302 0.857942
vt 0.213319 0.879663
vt 0.187450 0.866964
vt 0.146271 0.935856
vt 0.136777 0.934558
vt 0.132540 0.938790
vt 0.118271 0.947830
vt 0.129015 0.948476
vt 0.126982 0.947801
vt 0.165417 0.947262
vt 0.151760 0.945513
vt 0.160123 0.955627
vt 0.177951 0.947466
vt 0.154811 0.938182
vt 0.151456 0.910529
vt 0.155254 0.919336
vt 0.158159 0.910445
vt 0.160393 0.893390
vt 0.156290 0.897454
vt 0.166895 0.896192
vt 0.149927 0.932286
vt 0.161128 0.932791
vt 0.152037 0.923736
vt 0.207303 0.898915
vt 0.137216 0.920867
vt 0.143511 0.913767
vt 0.135642 0.914468
vt 0.259580 0.924917
vt 0.261270 0.912830
vt 0.239350 0.907824
vt 0.165875 0.927175
vt 0.154573 0.886382
vt 0.151056 0.878285
vt 0.146721 0.878928
vt 0.143317 0.956613
vt 0.140848 0.946234
vt 0.181171 0.923685
vt 0.170138 0.920700
vt 0.175388 0.927169
vt 0.224839 0.897619
vt 0.233721 0.876628
vt 0.136108 0.942731
vt 0.144264 0.940057
vt 0.166438 0.905463
vt 0.173244 0.905292
vt 0.246973 0.889697
vt 0.163894 0.888536
vt 0.235019 0.831847
vt 0.202576 0.835524
vt 0.137930 0.909491
vt 0.344008 0.933777
vt 0.307284 0.952574
vt 0.337003 0.949194
vt 0.227480 0.932329
vt 0.241739 0.927479
vt 0.229499 0.923481
vt 0.151807 0.905948
vt 0.162436 0.914494
vt 0.186716 0.892833
vt 0.186309 0.883929
vt 0.141903 0.940519
vt 0.249854 0.948923
vt 0.273662 0.947596
vt 0.176392 0.938219
vt 0.282752 0.907021
vt 0.150616 0.895150
vt 0.129196 0.934512
vt 0.124225 0.937044
vt 0.313150 0.929006
vt 0.288465 0.933348
vt 0.128376 0.943469
vt 0.226806 0.945550
vt 0.239649 0.950628
vt 0.264084 0.871691
vt 0.136870 0.887836
vt 0.139182 0.931095
vt 0.218740 0.938647
vt 0.294242 0.950677
vt 0.310692 0.909841
vt 0.171145 0.953687
vt 0.263970 0.858896
vt 0.258979 0.845515
vt 0.122336 0.947802
vt 0.186932 0.849723
vt 0.223486 0.819356
vt 0.258851 0.820347
vt 0.131930 0.927580
vt 0.197807 0.844589
vt 0.155559 0.876223
vt 0.200240 0.950116
vt 0.190390 0.949602
vt 0.129028 0.953235
vt 0.123720 0.954914
vt 0.167745 0.877928
vt 0.129084 0.914826
vt 0.129767 0.907273
vt 0.282945 0.952938
vt 0.245555 0.816306
vt 0.235788 0.812990
vt 0.179672 0.906826
vt 0.206330 0.829991
vt 0.185490 0.907480
vt 0.177497 0.878233
vt 0.222083 0.949071
vt 0.192780 0.904464
vt 0.253740 0.812807
vt 0.157517 0.872984
vt 0.192075 0.917530
vt 0.214482 0.947277
vt 0.124798 0.897234
vt 0.136252 0.895847
vt 0.200655 0.931696
vt 0.131567 0.919157
vt 0.132940 0.931855
vt 0.131335 0.922209
vt 0.130106 0.926857
vt 0.127677 0.891929
vt 0.176137 0.865070
vt 0.176474 0.858417
vt 0.252623 0.902779
vt 0.171022 0.877732
vt 0.302720 0.844717
vt 0.291251 0.860013
vt 0.313003 0.848827
vt 0.210833 0.824155
vt 0.266160 0.947873
vt 0.259311 0.960334
vt 0.293996 0.836355
vt 0.198694 0.940946
vt 0.184591 0.935415
vt 0.313234 0.923324
vt 0.134181 0.891835
vt 0.159841 0.870251
vt 0.207345 0.951163
vt 0.311525 0.958433
vt 0.319160 0.865494
vt 0.316449 0.873544
vt 0.299901 0.869869
vt 0.319698 0.887247
vt 0.136802 0.956141
vt 0.138214 0.878196
vt 0.197379 0.952081
vt 0.149155 0.957947
vt 0.280107 0.878757
vt 0.269005 0.823913
vt 0.281622 0.830947
vt 0.166657 0.871898
vt 0.167935 0.867971
vt 0.182652 0.853568
vt 0.191624 0.843651
vt 0.178049 0.854391
vt 0.171827 0.864058
vt 0.908022 0.626173
vt 0.915624 0.626763
vt 0.906126 0.617808
vt 0.892986 0.642746
vt 0.890813 0.650999
vt 0.898645 0.652292
vt 0.913667 0.620333
vt 0.919481 0.620682
vt 0.932651 0.624427
vt 0.938067 0.625669
vt 0.937314 0.616778
vt 0.932633 0.618742
vt 0.901133 0.637710
vt 0.893162 0.635738
vt 0.881370 0.646969
vt 0.888473 0.650972
vt 0.914056 0.634556
vt 0.902342 0.631316
vt 0.883900 0.662952
vt 0.888785 0.664955
vt 0.885282 0.656401
vt 0.904653 0.622500
vt 0.907490 0.644656
vt 0.916402 0.649848
vt 0.902144 0.657303
vt 0.901534 0.617556
vt 0.900106 0.621405
vt 0.898756 0.627804
vt 0.936524 0.633210
vt 0.942622 0.627390
vt 0.888609 0.633511
vt 0.895420 0.630730
vt 0.898253 0.671512
vt 0.899363 0.614206
vt 0.941612 0.614671
vt 0.894497 0.658735
vt 0.881657 0.639771
vt 0.883471 0.629753
vt 0.924109 0.643210
vt 0.924780 0.635208
vt 0.876471 0.644634
vt 0.954169 0.618695
vt 0.921180 0.658346
vt 0.923763 0.619653
vt 0.925381 0.627196
vt 0.933632 0.630399
vt 0.877894 0.662812
vt 0.928965 0.637948
vt 0.878680 0.655965
vt 0.909692 0.616636
vt 0.891436 0.622752
vt 0.927966 0.620238
vt 0.947672 0.637887
vt 0.933999 0.651615
vt 0.888758 0.615693
vt 0.884222 0.614795
vt 0.879957 0.614865
vt 0.940938 0.652582
vt 0.940333 0.684526
vt 0.957192 0.658567
vt 0.916966 0.667789
vt 0.913008 0.683042
vt 0.888801 0.688574
vt 0.898538 0.699330
vt 0.953227 0.638737
vt 0.961131 0.646002
vt 0.962659 0.641745
vt 0.912322 0.692407
vt 0.922358 0.681409
vt 0.902465 0.677762
vt 0.904008 0.710992
vt 0.902490 0.726897
vt 0.887501 0.716456
vt 0.923936 0.704530
vt 0.881509 0.695719
vt 0.955547 0.631131
vt 0.960136 0.635560
vt 0.881858 0.623423
vt 0.877051 0.629045
vt 0.871867 0.619688
vt 0.860350 0.620893
vt 0.891721 0.616714
vt 0.870105 0.612764
vt 0.861920 0.628237
vt 0.955782 0.627667
vt 0.955248 0.621834
vt 0.852110 0.610533
vt 0.859817 0.607586
vt 0.856145 0.607905
vt 0.850427 0.605714
vt 0.885272 0.675376
vt 0.875858 0.687093
vt 0.873233 0.693684
vt 0.864541 0.714061
vt 0.872600 0.707291
vt 0.872859 0.728004
vt 0.876602 0.729306
vt 0.868438 0.725795
vt 0.864659 0.720450
vt 0.861349 0.706719
vt 0.863896 0.710161
vt 0.856839 0.697248
vt 0.894947 0.670501
vt 0.957060 0.615820
vt 0.957713 0.611909
vt 0.950589 0.615441
vt 0.946096 0.613291
vt 0.954043 0.617165
vt 0.930442 0.645032
vt 0.870788 0.687138
vt 0.874775 0.683962
vt 0.877380 0.677265
vt 0.875580 0.668861
vt 0.871948 0.666295
vt 0.873831 0.681367
vt 0.872211 0.660641
vt 0.874211 0.677927
vt 0.877686 0.671510
vt 0.874233 0.675329
vt 0.869586 0.649220
vt 0.869170 0.643640
vt 0.867786 0.646851
vt 0.871192 0.657825
vt 0.872062 0.655180
vt 0.865563 0.636545
vt 0.869175 0.652400
vt 0.864166 0.641078
vt 0.895552 0.614787
vt 0.858884 0.624112
vt 0.860663 0.615615
vt 0.864995 0.613038
vt 0.864922 0.633706
vt 0.876420 0.611060
vt 0.910859 0.737709
vt 0.931326 0.748804
vt 0.915419 0.732951
vt 0.966785 0.655183
vt 0.965269 0.661310
vt 0.942383 0.740411
vt 0.935594 0.711604
vt 0.941006 0.744986
vt 0.879876 0.732849
vt 0.881859 0.738104
vt 0.890909 0.735094
vt 0.949231 0.718720
vt 0.952156 0.732069
vt 0.940043 0.752767
vt 0.904621 0.745125
vt 0.914937 0.748321
vt 0.924962 0.750511
vt 0.951630 0.681220
vt 0.951664 0.695755
vt 0.947825 0.738128
vt 0.899677 0.741916
vt 0.889645 0.739352
vt 0.894598 0.741762
vt 0.959003 0.724095
vt 0.964042 0.703210
vt 0.964789 0.713601
vt 0.965783 0.687988
vt 0.965883 0.673419
vt 0.965565 0.650184
vt 0.968728 0.696508
vt 0.397029 0.450177
vt 0.408036 0.424225
vt 0.383819 0.443936
vt 0.385091 0.696367
vt 0.412585 0.709222
vt 0.375528 0.676623
vt 0.442539 0.709229
vt 0.467900 0.709252
vt 0.572837 0.461520
vt 0.584014 0.463188
vt 0.584679 0.448302
vt 0.476083 0.611039
vt 0.489533 0.616409
vt 0.485849 0.603189
vt 0.451667 0.595464
vt 0.435870 0.624804
vt 0.453730 0.616835
vt 0.477356 0.507948
vt 0.473049 0.465985
vt 0.450000 0.490111
vt 0.485693 0.559265
vt 0.480508 0.588954
vt 0.497955 0.564002
vt 0.384363 0.571720
vt 0.407014 0.579227
vt 0.401646 0.551078
vt 0.413244 0.575085
vt 0.419602 0.552879
vt 0.390073 0.488393
vt 0.425953 0.498372
vt 0.411864 0.473861
vt 0.463031 0.553444
vt 0.494268 0.537723
vt 0.427243 0.579426
vt 0.434590 0.553039
vt 0.436573 0.504308
vt 0.434352 0.484976
vt 0.429014 0.518429
vt 0.455791 0.522064
vt 0.497818 0.442409
vt 0.507341 0.489716
vt 0.524734 0.453796
vt 0.408515 0.595113
vt 0.418859 0.584512
vt 0.427320 0.615827
vt 0.435045 0.599377
vt 0.451180 0.549741
vt 0.453724 0.528939
vt 0.422537 0.440973
vt 0.434600 0.463137
vt 0.444753 0.571822
vt 0.455727 0.577938
vt 0.486585 0.596345
vt 0.470917 0.642949
vt 0.456426 0.625144
vt 0.449259 0.649326
vt 0.460327 0.593417
vt 0.377456 0.514682
vt 0.403953 0.519383
vt 0.366589 0.488719
vt 0.358028 0.504660
vt 0.466549 0.616553
vt 0.413424 0.410336
vt 0.428108 0.412027
vt 0.419870 0.392263
vt 0.453831 0.564830
vt 0.468352 0.571638
vt 0.458935 0.562289
vt 0.490970 0.407115
vt 0.446916 0.387206
vt 0.464600 0.421566
vt 0.436546 0.537900
vt 0.421212 0.329365
vt 0.454833 0.359899
vt 0.428967 0.314806
vt 0.410497 0.539974
vt 0.416910 0.531921
vt 0.522093 0.356560
vt 0.498836 0.357474
vt 0.487037 0.631875
vt 0.501306 0.638361
vt 0.511494 0.592333
vt 0.521552 0.621484
vt 0.519080 0.612355
vt 0.511220 0.623952
vt 0.361340 0.497169
vt 0.485840 0.493936
vt 0.509099 0.629238
vt 0.515203 0.506825
vt 0.506655 0.633393
vt 0.528675 0.615535
vt 0.521770 0.592302
vt 0.508166 0.661750
vt 0.495350 0.672731
vt 0.507363 0.670590
vt 0.505248 0.645101
vt 0.507968 0.653266
vt 0.516565 0.413599
vt 0.381922 0.467683
vt 0.488420 0.526435
vt 0.376031 0.429294
vt 0.372652 0.409153
vt 0.368808 0.419357
vt 0.544015 0.436145
vt 0.387574 0.378682
vt 0.371605 0.395442
vt 0.395749 0.528576
vt 0.365990 0.516848
vt 0.394596 0.595393
vt 0.412664 0.609110
vt 0.370631 0.444366
vt 0.371336 0.438076
vt 0.368062 0.525968
vt 0.369523 0.528921
vt 0.370230 0.453288
vt 0.365503 0.466849
vt 0.387480 0.583383
vt 0.515883 0.542180
vt 0.534865 0.547278
vt 0.541064 0.535336
vt 0.421113 0.632029
vt 0.517248 0.561812
vt 0.385467 0.627255
vt 0.375976 0.646096
vt 0.406240 0.638989
vt 0.443155 0.449496
vt 0.425258 0.647424
vt 0.393991 0.537750
vt 0.471181 0.448849
vt 0.353395 0.510008
vt 0.386723 0.562541
vt 0.385867 0.550537
vt 0.384036 0.556910
vt 0.371081 0.534665
vt 0.383305 0.546508
vt 0.353395 0.527207
vt 0.368909 0.478387
vt 0.572117 0.542348
vt 0.578378 0.534205
vt 0.556795 0.528985
vt 0.386800 0.611881
vt 0.557419 0.554321
vt 0.551725 0.486804
vt 0.587223 0.478726
vt 0.589715 0.468460
vt 0.565705 0.505630
vt 0.579859 0.526376
vt 0.388240 0.659159
vt 0.578397 0.517437
vt 0.593350 0.512781
vt 0.377620 0.541946
vt 0.591306 0.493264
vt 0.572695 0.561280
vt 0.558360 0.464241
vt 0.482091 0.370362
vt 0.480152 0.351725
vt 0.454737 0.308963
vt 0.491272 0.310499
vt 0.472030 0.308962
vt 0.438568 0.308962
vt 0.593635 0.483720
vt 0.484751 0.658673
vt 0.493135 0.685859
vt 0.495125 0.678653
vt 0.470205 0.682157
vt 0.431310 0.663881
vt 0.449838 0.674658
vt 0.490232 0.700714
vt 0.520473 0.576887
vt 0.546089 0.592413
vt 0.532740 0.569368
vt 0.520866 0.584295
vt 0.538268 0.611132
vt 0.532052 0.599567
vt 0.524162 0.618516
vt 0.539784 0.597740
vt 0.394438 0.347289
vt 0.406968 0.370160
vt 0.548275 0.571275
vt 0.555865 0.563713
vt 0.431282 0.429461
vt 0.555902 0.583790
vt 0.389124 0.354684
vt 0.408907 0.308962
vt 0.539222 0.388386
vt 0.576302 0.308962
vt 0.541983 0.355082
vt 0.516942 0.308962
vt 0.379497 0.385222
vt 0.575500 0.396214
vt 0.557939 0.375117
vt 0.572185 0.449714
vt 0.571152 0.440238
vt 0.572529 0.443841
vt 0.390638 0.369570
vt 0.410325 0.334724
vt 0.390539 0.331203
vt 0.571716 0.427158
vt 0.409045 0.324820
vt 0.856963 0.168082
vt 0.857255 0.161165
vt 0.853061 0.167860
vt 0.925706 0.073449
vt 0.918659 0.077458
vt 0.937755 0.072703
vt 0.943652 0.081861
vt 0.905361 0.197369
vt 0.917763 0.203210
vt 0.924301 0.192906
vt 0.924646 0.209718
vt 0.907963 0.180261
vt 0.896138 0.180919
vt 0.900890 0.185453
vt 0.888332 0.187046
vt 0.833210 0.162377
vt 0.839294 0.159380
vt 0.847431 0.157690
vt 0.895110 0.191253
vt 0.942964 0.156615
vt 0.946922 0.164996
vt 0.956234 0.152149
vt 0.906060 0.185638
vt 0.861417 0.163008
vt 0.861827 0.173139
vt 0.810082 0.142266
vt 0.818287 0.126736
vt 0.809725 0.136473
vt 0.864588 0.148117
vt 0.860598 0.141105
vt 0.859406 0.147809
vt 0.869450 0.152642
vt 0.875985 0.140288
vt 0.868550 0.146018
vt 0.872994 0.157994
vt 0.852958 0.152826
vt 0.862449 0.154391
vt 0.899743 0.196890
vt 0.917282 0.187259
vt 0.920724 0.179379
vt 0.865708 0.143055
vt 0.844824 0.140881
vt 0.847744 0.132169
vt 0.868627 0.164114
vt 0.885873 0.179988
vt 0.884915 0.151345
vt 0.882806 0.154713
vt 0.843924 0.144516
vt 0.863238 0.124912
vt 0.807655 0.122573
vt 0.890774 0.137983
vt 0.882865 0.136789
vt 0.877513 0.135943
vt 0.931752 0.202071
vt 0.932638 0.207612
vt 0.858885 0.173371
vt 0.885346 0.186404
vt 0.880860 0.185274
vt 0.942224 0.193698
vt 0.948746 0.194614
vt 0.950032 0.191704
vt 0.950636 0.185775
vt 0.850746 0.164046
vt 0.914946 0.169766
vt 0.927786 0.168056
vt 0.922523 0.159375
vt 0.928983 0.153642
vt 0.971744 0.072677
vt 0.962668 0.073211
vt 0.974722 0.081159
vt 0.969763 0.106609
vt 0.974326 0.103795
vt 0.974593 0.094952
vt 0.836068 0.146073
vt 0.836445 0.130456
vt 0.823787 0.125545
vt 0.829193 0.141227
vt 0.818924 0.147774
vt 0.967177 0.126367
vt 0.968911 0.120261
vt 0.967331 0.116387
vt 0.972772 0.086781
vt 0.963980 0.137797
vt 0.961037 0.131805
vt 0.951359 0.138166
vt 0.955654 0.084428
vt 0.955682 0.071975
vt 0.948038 0.073624
vt 0.800559 0.131348
vt 0.843870 0.161621
vt 0.869214 0.171864
vt 0.874804 0.166332
vt 0.925682 0.182470
vt 0.805186 0.152018
vt 0.807705 0.147367
vt 0.864673 0.174841
vt 0.867469 0.177982
vt 0.872353 0.179870
vt 0.876373 0.174657
vt 0.827144 0.159278
vt 0.817427 0.111704
vt 0.958438 0.143189
vt 0.955971 0.147232
vt 0.830545 0.088006
vt 0.833925 0.110483
vt 0.845418 0.103116
vt 0.825026 0.100952
vt 0.821228 0.085456
vt 0.970838 0.114126
vt 0.811877 0.091382
vt 0.806834 0.093821
vt 0.800565 0.102325
vt 0.815864 0.092970
vt 0.893631 0.152022
vt 0.885505 0.155732
vt 0.895269 0.071636
vt 0.883429 0.071190
vt 0.896066 0.087597
vt 0.951272 0.121868
vt 0.944262 0.104679
vt 0.953940 0.102304
vt 0.832918 0.124529
vt 0.960447 0.173602
vt 0.958458 0.167068
vt 0.951989 0.178480
vt 0.889626 0.116239
vt 0.874959 0.102598
vt 0.877980 0.110458
vt 0.944483 0.092839
vt 0.940213 0.114062
vt 0.840213 0.163134
vt 0.930028 0.137331
vt 0.919978 0.129330
vt 0.924814 0.143538
vt 0.849090 0.114032
vt 0.930363 0.120728
vt 0.885854 0.162217
vt 0.933123 0.111672
vt 0.926219 0.094790
vt 0.911179 0.145305
vt 0.919392 0.121102
vt 0.909777 0.074771
vt 0.912117 0.087463
vt 0.903878 0.137567
vt 0.934484 0.091946
vt 0.885452 0.171134
vt 0.915139 0.075029
vt 0.820571 0.157041
vt 0.883687 0.161397
vt 0.859600 0.083193
vt 0.903183 0.146257
vt 0.851058 0.080292
vt 0.905181 0.117372
vt 0.896592 0.127833
vt 0.860679 0.110241
vt 0.897615 0.153388
vt 0.903253 0.074933
vt 0.964326 0.159047
vt 0.905591 0.099035
vt 0.938064 0.166762
vt 0.908732 0.156291
vt 0.920493 0.150876
vt 0.938330 0.147467
vt 0.944459 0.147965
vt 0.935682 0.180709
vt 0.952171 0.145345
vt 0.945455 0.130701
vt 0.939854 0.199035
vt 0.901579 0.170920
vt 0.908130 0.168045
vt 0.875839 0.130066
vt 0.896723 0.168543
vt 0.893584 0.095187
vt 0.889890 0.120912
vt 0.950061 0.181742
vt 0.864819 0.075259
vt 0.937237 0.202520
vt 0.874950 0.122302
vt 0.846571 0.164513
vt 0.932410 0.071190
vt 0.806665 0.112622
vt 0.875295 0.074964
vt 0.953180 0.070109
vt 0.950311 0.071037
vt 0.945144 0.076708
vt 0.877381 0.180740
vt 0.881004 0.175137
vt 0.840537 0.081762
vt 0.429412 0.810038
vt 0.437026 0.803056
vt 0.427469 0.793055
vt 0.456391 0.839665
vt 0.467553 0.839960
vt 0.457930 0.829274
vt 0.442620 0.754347
vt 0.435647 0.756783
vt 0.431467 0.762888
vt 0.373665 0.884541
vt 0.380067 0.885307
vt 0.379792 0.876545
vt 0.369814 0.903571
vt 0.367122 0.893655
vt 0.361828 0.908755
vt 0.376237 0.893903
vt 0.457090 0.795111
vt 0.460371 0.780856
vt 0.436262 0.785663
vt 0.380266 0.872261
vt 0.374525 0.865743
vt 0.371066 0.868127
vt 0.509421 0.823904
vt 0.498749 0.830337
vt 0.518429 0.833778
vt 0.445675 0.803681
vt 0.460235 0.811183
vt 0.365098 0.867210
vt 0.366514 0.883784
vt 0.479366 0.813127
vt 0.489657 0.823804
vt 0.500113 0.812437
vt 0.424996 0.779041
vt 0.414501 0.766620
vt 0.561822 0.936228
vt 0.569987 0.927276
vt 0.565242 0.915497
vt 0.433796 0.845784
vt 0.436689 0.848868
vt 0.438940 0.836223
vt 0.398292 0.773789
vt 0.391916 0.786210
vt 0.395550 0.788744
vt 0.388392 0.853336
vt 0.382482 0.855239
vt 0.390509 0.857473
vt 0.380943 0.845973
vt 0.378013 0.841219
vt 0.377795 0.844715
vt 0.384513 0.837464
vt 0.493151 0.777938
vt 0.482496 0.775869
vt 0.486676 0.782811
vt 0.541254 0.921916
vt 0.538664 0.911312
vt 0.529884 0.926795
vt 0.458261 0.772582
vt 0.463576 0.770758
vt 0.401106 0.853894
vt 0.388939 0.864019
vt 0.437939 0.813847
vt 0.446386 0.822751
vt 0.450103 0.813474
vt 0.490240 0.762943
vt 0.495115 0.763682
vt 0.492279 0.762247
vt 0.383718 0.860389
vt 0.402944 0.848523
vt 0.385318 0.850022
vt 0.461784 0.820725
vt 0.496919 0.924134
vt 0.504894 0.943297
vt 0.510888 0.931460
vt 0.378256 0.853955
vt 0.408917 0.853401
vt 0.411532 0.859365
vt 0.376076 0.922014
vt 0.373591 0.928547
vt 0.377128 0.931128
vt 0.378290 0.860197
vt 0.382966 0.863566
vt 0.383603 0.924524
vt 0.429702 0.842534
vt 0.421088 0.854395
vt 0.415912 0.833840
vt 0.409951 0.841209
vt 0.420572 0.838214
vt 0.382355 0.933407
vt 0.412513 0.845921
vt 0.379381 0.901962
vt 0.372967 0.913939
vt 0.380108 0.913751
vt 0.427366 0.837818
vt 0.430876 0.830425
vt 0.579735 0.867114
vt 0.564150 0.873651
vt 0.574843 0.876194
vt 0.379623 0.920251
vt 0.428520 0.755314
vt 0.419851 0.751824
vt 0.389724 0.918624
vt 0.523680 0.912553
vt 0.519013 0.904961
vt 0.506471 0.910773
vt 0.382261 0.867356
vt 0.418778 0.846123
vt 0.384812 0.904150
vt 0.383822 0.890174
vt 0.509894 0.920395
vt 0.579581 0.882913
vt 0.579735 0.878969
vt 0.560001 0.905444
vt 0.561707 0.890550
vt 0.569638 0.879909
vt 0.369750 0.921550
vt 0.369089 0.931132
vt 0.507464 0.895499
vt 0.562803 0.879900
vt 0.568776 0.885479
vt 0.490967 0.911910
vt 0.571484 0.891581
vt 0.390280 0.895964
vt 0.493838 0.799377
vt 0.510416 0.803598
vt 0.474714 0.802393
vt 0.333697 0.879633
vt 0.340396 0.879448
vt 0.332509 0.872922
vt 0.339448 0.886694
vt 0.337504 0.891975
vt 0.350875 0.894144
vt 0.346735 0.881663
vt 0.333907 0.887106
vt 0.357926 0.881750
vt 0.576127 0.903974
vt 0.574661 0.895675
vt 0.569743 0.901377
vt 0.401602 0.835560
vt 0.569388 0.909583
vt 0.514320 0.783778
vt 0.532725 0.808464
vt 0.539355 0.938016
vt 0.551081 0.942976
vt 0.536025 0.779460
vt 0.490934 0.956694
vt 0.527150 0.959182
vt 0.513493 0.954121
vt 0.480257 0.931484
vt 0.482804 0.958160
vt 0.543979 0.960255
vt 0.502128 0.958328
vt 0.578075 0.888111
vt 0.394290 0.927608
vt 0.400211 0.921892
vt 0.417913 0.850568
vt 0.567978 0.837133
vt 0.557067 0.828016
vt 0.548673 0.835449
vt 0.537207 0.886150
vt 0.464409 0.902513
vt 0.461458 0.914596
vt 0.467659 0.913648
vt 0.387921 0.881263
vt 0.368797 0.918470
vt 0.368833 0.910672
vt 0.365089 0.929082
vt 0.430111 0.824696
vt 0.425220 0.820223
vt 0.440248 0.827845
vt 0.389050 0.889829
vt 0.389296 0.929416
vt 0.485651 0.763876
vt 0.472627 0.758715
vt 0.425776 0.857523
vt 0.393905 0.908012
vt 0.427285 0.863408
vt 0.519924 0.887639
vt 0.358685 0.861363
vt 0.347041 0.864415
vt 0.470681 0.774534
vt 0.463402 0.758164
vt 0.400755 0.879011
vt 0.407087 0.875156
vt 0.404501 0.870157
vt 0.474833 0.957608
vt 0.475941 0.906875
vt 0.477296 0.921299
vt 0.405678 0.940942
vt 0.398407 0.939057
vt 0.414044 0.871189
vt 0.418640 0.862838
vt 0.411985 0.863955
vt 0.489220 0.789340
vt 0.421687 0.918821
vt 0.419401 0.906333
vt 0.413283 0.910870
vt 0.392293 0.880575
vt 0.446151 0.919263
vt 0.444723 0.898816
vt 0.430274 0.875838
vt 0.418770 0.900193
vt 0.440204 0.821310
vt 0.478814 0.822419
vt 0.537415 0.894719
vt 0.428318 0.813622
vt 0.386204 0.765111
vt 0.392800 0.767244
vt 0.385706 0.755084
vt 0.501452 0.764339
vt 0.443758 0.857076
vt 0.443641 0.880267
vt 0.457253 0.867827
vt 0.556957 0.853101
vt 0.556562 0.868364
vt 0.537991 0.877541
vt 0.541531 0.857837
vt 0.579735 0.856107
vt 0.508298 0.865720
vt 0.423481 0.935070
vt 0.451016 0.939329
vt 0.525081 0.857210
vt 0.486436 0.868361
vt 0.490905 0.894339
vt 0.557255 0.943448
vt 0.437413 0.950344
vt 0.449522 0.957635
vt 0.456774 0.956445
vt 0.339765 0.928239
vt 0.486443 0.849131
vt 0.465545 0.863156
vt 0.474171 0.881156
vt 0.344171 0.858293
vt 0.350011 0.846817
vt 0.456553 0.824095
vt 0.362267 0.858061
vt 0.340974 0.833496
vt 0.336494 0.839453
vt 0.331982 0.851773
vt 0.506578 0.770113
vt 0.428266 0.948720
vt 0.468476 0.930504
vt 0.457525 0.756055
vt 0.474433 0.781213
vt 0.445914 0.830481
vt 0.439832 0.960255
vt 0.393373 0.876496
vt 0.391770 0.757305
vt 0.340498 0.813452
vt 0.346938 0.823461
vt 0.361132 0.832799
vt 0.438485 0.770869
vt 0.369373 0.823921
vt 0.370117 0.835035
vt 0.388364 0.804557
vt 0.371662 0.789232
vt 0.375271 0.799764
vt 0.371667 0.808885
vt 0.362835 0.848782
vt 0.332650 0.790948
vt 0.336098 0.803661
vt 0.394617 0.800143
vt 0.388418 0.784616
vt 0.466826 0.960119
vt 0.352315 0.839251
vt 0.347384 0.829660
vt 0.368597 0.815402
vt 0.398421 0.866070
vt 0.394397 0.868801
vt 0.364293 0.911898
vt 0.361085 0.927231
vt 0.359614 0.922535
vt 0.352097 0.919180
vt 0.358387 0.919626
vt 0.450893 0.755185
vt 0.346645 0.872757
vt 0.335389 0.868346
vt 0.341041 0.866061
vt 0.333912 0.863462
vt 0.433571 0.819563
vt 0.568999 0.843874
vt 0.571146 0.849740
vt 0.351178 0.844605
vt 0.345883 0.834306
vt 0.360919 0.851929
vt 0.351490 0.841484
vt 0.405192 0.782598
vt 0.399001 0.800685
vt 0.407232 0.806730
vt 0.411562 0.791829
vt 0.366599 0.852994
vt 0.393797 0.822651
vt 0.380834 0.831054
vt 0.389345 0.830045
vt 0.413294 0.809095
vt 0.404010 0.815708
vt 0.415135 0.813609
vt 0.390455 0.806667
vt 0.394511 0.806040
vt 0.371842 0.858665
vt 0.374660 0.856149
vt 0.384301 0.809511
vt 0.416271 0.805910
vt 0.367836 0.861844
vt 0.381136 0.758903
vt 0.360637 0.778783
vt 0.359384 0.782554
vt 0.400656 0.809629
vt 0.368530 0.855441
vt 0.367245 0.773536
vt 0.359337 0.774037
vt 0.377106 0.768723
vt 0.373058 0.758731
vt 0.372058 0.761940
vt 0.356220 0.778876
vt 0.375658 0.755323
vt 0.357323 0.789616
vt 0.369972 0.768681
vt 0.401298 0.817888
vt 0.376788 0.823034
vt 0.380842 0.828214
vt 0.410013 0.817566
vt 0.398313 0.827742
vt 0.390053 0.811666
vt 0.414795 0.815141
vt 0.386991 0.841921
vt 0.423707 0.815764
vt 0.406719 0.817001
vt 0.385096 0.816687
vt 0.477246 0.839087
vt 0.568047 0.831707
vt 0.421591 0.949591
vt 0.410947 0.953016
vt 0.408544 0.825226
vt 0.557659 0.817903
vt 0.552344 0.816948
vt 0.513105 0.765256
vt 0.549236 0.842884
vt 0.531603 0.832227
vt 0.573512 0.824113
vt 0.376510 0.858118
vt 0.552495 0.802572
vt 0.573141 0.814855
vt 0.563574 0.807027
vt 0.565969 0.795642
vt 0.557137 0.784014
vt 0.540222 0.822193
vt 0.545961 0.775376
vt 0.519741 0.758760
vt 0.539047 0.767943
vt 0.545359 0.768878
vt 0.535201 0.756297
vt 0.394992 0.757007
vt 0.406386 0.746540
vt 0.413434 0.752716
vt 0.398924 0.753068
vt 0.364650 0.606718
vt 0.364560 0.600208
vt 0.348833 0.608020
vt 0.346710 0.633498
vt 0.373494 0.639016
vt 0.364136 0.614108
vt 0.324498 0.652268
vt 0.305323 0.665252
vt 0.333208 0.669879
vt 0.325293 0.629409
vt 0.330050 0.604633
vt 0.311306 0.619194
vt 0.318972 0.589835
vt 0.322085 0.487493
vt 0.338812 0.473547
vt 0.318888 0.462351
vt 0.297393 0.650606
vt 0.294592 0.687993
vt 0.317420 0.683366
vt 0.315280 0.410993
vt 0.310374 0.408272
vt 0.312725 0.418781
vt 0.200700 0.558040
vt 0.211333 0.536057
vt 0.193452 0.525460
vt 0.292631 0.451755
vt 0.272119 0.469084
vt 0.300718 0.478094
vt 0.304004 0.638142
vt 0.323536 0.700505
vt 0.351792 0.683352
vt 0.144213 0.550614
vt 0.144037 0.556582
vt 0.144020 0.561485
vt 0.192825 0.769130
vt 0.184988 0.774304
vt 0.192127 0.773861
vt 0.294209 0.599474
vt 0.187810 0.763536
vt 0.195895 0.765046
vt 0.223568 0.544514
vt 0.312825 0.708584
vt 0.313987 0.694231
vt 0.187819 0.786706
vt 0.284938 0.495300
vt 0.359733 0.573772
vt 0.349835 0.563582
vt 0.355947 0.580318
vt 0.284880 0.672862
vt 0.303658 0.442877
vt 0.342385 0.585922
vt 0.364769 0.592980
vt 0.356601 0.587498
vt 0.202116 0.333968
vt 0.233392 0.331453
vt 0.213715 0.322002
vt 0.215752 0.430262
vt 0.243546 0.417172
vt 0.213119 0.407080
vt 0.287973 0.729570
vt 0.300612 0.732796
vt 0.295247 0.723175
vt 0.293261 0.742264
vt 0.297527 0.755788
vt 0.306904 0.740142
vt 0.278289 0.743106
vt 0.322689 0.572890
vt 0.188652 0.578553
vt 0.197712 0.575196
vt 0.222902 0.577522
vt 0.311796 0.777208
vt 0.329907 0.780527
vt 0.320159 0.766638
vt 0.178448 0.317603
vt 0.168765 0.324913
vt 0.196807 0.322749
vt 0.291552 0.578907
vt 0.275648 0.600268
vt 0.191487 0.307516
vt 0.175855 0.296489
vt 0.349804 0.736646
vt 0.369136 0.755917
vt 0.366760 0.737961
vt 0.151593 0.461258
vt 0.202253 0.455762
vt 0.152710 0.439146
vt 0.171834 0.787151
vt 0.171965 0.775999
vt 0.165989 0.787259
vt 0.232683 0.558512
vt 0.270407 0.446269
vt 0.268120 0.425653
vt 0.196144 0.581931
vt 0.200258 0.588622
vt 0.141471 0.769658
vt 0.133211 0.765323
vt 0.135640 0.777357
vt 0.243454 0.565320
vt 0.341605 0.768525
vt 0.248230 0.581811
vt 0.258002 0.578229
vt 0.249119 0.574231
vt 0.343128 0.487819
vt 0.324222 0.502671
vt 0.372440 0.718852
vt 0.351601 0.729999
vt 0.226800 0.802610
vt 0.235628 0.801195
vt 0.240297 0.787626
vt 0.319588 0.429190
vt 0.327192 0.433517
vt 0.331207 0.422323
vt 0.223337 0.600648
vt 0.166222 0.559098
vt 0.163380 0.542630
vt 0.154987 0.544642
vt 0.280186 0.419603
vt 0.161516 0.559388
vt 0.144293 0.546205
vt 0.125814 0.509224
vt 0.136960 0.527210
vt 0.179720 0.513585
vt 0.173214 0.495927
vt 0.139051 0.477673
vt 0.129246 0.488315
vt 0.276022 0.724397
vt 0.281491 0.725899
vt 0.280146 0.718123
vt 0.256630 0.572913
vt 0.250947 0.565252
vt 0.373421 0.749363
vt 0.294490 0.506077
vt 0.309821 0.515505
vt 0.212886 0.599443
vt 0.236202 0.547373
vt 0.230242 0.550651
vt 0.268632 0.392512
vt 0.281495 0.408898
vt 0.295301 0.397785
vt 0.305464 0.400584
vt 0.314831 0.394652
vt 0.308757 0.395901
vt 0.360333 0.757997
vt 0.351136 0.747024
vt 0.171595 0.751783
vt 0.162590 0.775792
vt 0.117854 0.766800
vt 0.124860 0.773189
vt 0.122168 0.761325
vt 0.243704 0.455560
vt 0.196249 0.438429
vt 0.227419 0.375493
vt 0.217979 0.347669
vt 0.199637 0.354842
vt 0.181726 0.766094
vt 0.176149 0.787729
vt 0.336159 0.389257
vt 0.317291 0.402717
vt 0.334808 0.401823
vt 0.297625 0.389729
vt 0.303718 0.393126
vt 0.291729 0.381219
vt 0.263343 0.380146
vt 0.360427 0.715065
vt 0.365176 0.717900
vt 0.369275 0.712377
vt 0.278479 0.749614
vt 0.222869 0.610835
vt 0.272816 0.746324
vt 0.274015 0.756377
vt 0.209021 0.602850
vt 0.221627 0.514659
vt 0.240149 0.491199
vt 0.196714 0.510233
vt 0.288596 0.758596
vt 0.368963 0.699636
vt 0.117854 0.778081
vt 0.179871 0.749253
vt 0.176592 0.767427
vt 0.211918 0.613389
vt 0.237802 0.618453
vt 0.367741 0.706838
vt 0.264249 0.711061
vt 0.255139 0.722048
vt 0.261262 0.724989
vt 0.182706 0.495316
vt 0.200911 0.478228
vt 0.173324 0.485660
vt 0.192551 0.369685
vt 0.226310 0.390705
vt 0.143300 0.784006
vt 0.148890 0.780792
vt 0.243602 0.368981
vt 0.271397 0.581627
vt 0.258180 0.350265
vt 0.257003 0.367153
vt 0.237622 0.341359
vt 0.318720 0.738084
vt 0.312928 0.734670
vt 0.271928 0.727312
vt 0.214456 0.671438
vt 0.214282 0.677533
vt 0.239605 0.673455
vt 0.307973 0.718285
vt 0.318363 0.721485
vt 0.319680 0.715504
vt 0.290085 0.721328
vt 0.371263 0.670218
vt 0.373687 0.685319
vt 0.250512 0.676285
vt 0.274300 0.660985
vt 0.238438 0.659403
vt 0.328636 0.708640
vt 0.366217 0.691680
vt 0.306077 0.728790
vt 0.267685 0.643666
vt 0.258996 0.688610
vt 0.237225 0.699686
vt 0.231833 0.702138
vt 0.230781 0.715974
vt 0.254876 0.700527
vt 0.284697 0.634234
vt 0.267605 0.729335
vt 0.159081 0.743674
vt 0.124490 0.745312
vt 0.147399 0.754771
vt 0.254411 0.634929
vt 0.239135 0.641408
vt 0.250034 0.732971
vt 0.242811 0.739551
vt 0.251898 0.742787
vt 0.261446 0.735672
vt 0.261279 0.728062
vt 0.252777 0.729606
vt 0.224153 0.746576
vt 0.233262 0.740886
vt 0.220430 0.743362
vt 0.346818 0.726478
vt 0.339220 0.736920
vt 0.277946 0.683194
vt 0.237457 0.739212
vt 0.227352 0.735633
vt 0.241276 0.745133
vt 0.247158 0.745512
vt 0.243316 0.729743
vt 0.275062 0.811013
vt 0.308165 0.793239
vt 0.289986 0.775841
vt 0.342330 0.756392
vt 0.344634 0.768019
vt 0.346072 0.766095
vt 0.295855 0.718859
vt 0.319766 0.791590
vt 0.320941 0.782908
vt 0.349422 0.768128
vt 0.306026 0.723359
vt 0.263683 0.629487
vt 0.235850 0.683170
vt 0.332361 0.719231
vt 0.334054 0.732912
vt 0.276368 0.690895
vt 0.214091 0.639411
vt 0.274144 0.616709
vt 0.233402 0.745501
vt 0.200454 0.696510
vt 0.212890 0.706146
vt 0.210062 0.692480
vt 0.294557 0.384290
vt 0.298530 0.409918
vt 0.307067 0.409941
vt 0.353688 0.770160
vt 0.354613 0.767021
vt 0.295202 0.407637
vt 0.295849 0.415493
vt 0.171791 0.570276
vt 0.373853 0.729255
vt 0.163296 0.579169
vt 0.161144 0.564354
vt 0.145491 0.580224
vt 0.232827 0.682095
vt 0.346094 0.746882
vt 0.348750 0.756284
vt 0.355253 0.760175
vt 0.335866 0.743765
vt 0.341885 0.741462
vt 0.360485 0.762240
vt 0.176296 0.580435
vt 0.322501 0.738345
vt 0.317988 0.743338
vt 0.193324 0.682682
vt 0.181057 0.683525
vt 0.183976 0.687784
vt 0.178496 0.572971
vt 0.157104 0.596276
vt 0.173484 0.599253
vt 0.187900 0.591288
vt 0.141573 0.597524
vt 0.122601 0.596051
vt 0.156411 0.606599
vt 0.173807 0.719212
vt 0.183397 0.726239
vt 0.181203 0.715986
vt 0.145260 0.592667
vt 0.157763 0.777710
vt 0.158216 0.762141
vt 0.201986 0.600183
vt 0.225718 0.694953
vt 0.339839 0.462669
vt 0.334551 0.418340
vt 0.325320 0.422485
vt 0.142954 0.574123
vt 0.139125 0.567580
vt 0.159380 0.787671
vt 0.210666 0.661233
vt 0.331576 0.753692
vt 0.141706 0.584337
vt 0.143535 0.588140
vt 0.304620 0.415464
vt 0.140483 0.654444
vt 0.125729 0.647497
vt 0.139553 0.664032
vt 0.328656 0.736228
vt 0.234640 0.763900
vt 0.233323 0.752400
vt 0.228772 0.762303
vt 0.230598 0.747750
vt 0.233811 0.747522
vt 0.319303 0.733275
vt 0.323263 0.730130
vt 0.328714 0.722194
vt 0.139347 0.336136
vt 0.122060 0.361017
vt 0.301232 0.738039
vt 0.228042 0.752921
vt 0.192750 0.758872
vt 0.198917 0.757102
vt 0.188888 0.754082
vt 0.166730 0.395373
vt 0.185133 0.402613
vt 0.220166 0.751801
vt 0.188338 0.748386
vt 0.188410 0.735591
vt 0.198944 0.751020
vt 0.194298 0.752591
vt 0.249885 0.758812
vt 0.256732 0.755980
vt 0.253325 0.755333
vt 0.222917 0.758199
vt 0.245196 0.761254
vt 0.251446 0.768415
vt 0.239421 0.762358
vt 0.233128 0.771335
vt 0.246888 0.754207
vt 0.239730 0.752929
vt 0.187519 0.755781
vt 0.229973 0.631212
vt 0.253691 0.614864
vt 0.261526 0.609901
vt 0.188452 0.611503
vt 0.175241 0.617138
vt 0.185815 0.619881
vt 0.199479 0.647636
vt 0.184031 0.635373
vt 0.190929 0.650445
vt 0.331194 0.553486
vt 0.345955 0.518890
vt 0.199743 0.656110
vt 0.202889 0.649724
vt 0.228737 0.615778
vt 0.240502 0.629977
vt 0.239273 0.633982
vt 0.198027 0.628068
vt 0.208745 0.625325
vt 0.202466 0.608489
vt 0.349650 0.501847
vt 0.207187 0.648684
vt 0.249384 0.623263
vt 0.234424 0.622376
vt 0.353890 0.536643
vt 0.336026 0.557253
vt 0.175663 0.624488
vt 0.257941 0.627793
vt 0.197424 0.640045
vt 0.175403 0.691786
vt 0.192885 0.690877
vt 0.123362 0.611584
vt 0.152844 0.626276
vt 0.186611 0.661675
vt 0.222180 0.714092
vt 0.223561 0.710486
vt 0.222355 0.617395
vt 0.128953 0.773392
vt 0.122607 0.756768
vt 0.195439 0.658811
vt 0.282056 0.541817
vt 0.271038 0.531856
vt 0.198835 0.674718
vt 0.188296 0.507451
vt 0.153988 0.709953
vt 0.158844 0.710806
vt 0.179286 0.500782
vt 0.311086 0.537236
vt 0.268855 0.597647
vt 0.267115 0.587643
vt 0.201505 0.682689
vt 0.167262 0.606687
vt 0.161102 0.724471
vt 0.201716 0.787546
vt 0.208383 0.789821
vt 0.215217 0.780724
vt 0.207093 0.674122
vt 0.216955 0.768431
vt 0.219308 0.758102
vt 0.123274 0.752010
vt 0.206803 0.661785
vt 0.211764 0.762379
vt 0.197246 0.708333
vt 0.274157 0.501236
vt 0.265120 0.507276
vt 0.257856 0.597036
vt 0.221610 0.769372
vt 0.228698 0.770704
vt 0.176179 0.608398
vt 0.323061 0.433499
vt 0.196095 0.783617
vt 0.263243 0.612251
vt 0.269785 0.608390
vt 0.179895 0.697285
vt 0.320359 0.437005
vt 0.328606 0.449493
vt 0.143382 0.677328
vt 0.131491 0.676078
vt 0.144730 0.689364
vt 0.217238 0.774896
vt 0.169928 0.676687
vt 0.169804 0.617745
vt 0.305875 0.428308
vt 0.314056 0.430176
vt 0.204139 0.751513
vt 0.123121 0.659822
vt 0.132037 0.665369
vt 0.133232 0.689681
vt 0.139637 0.696634
vt 0.129758 0.671530
vt 0.125553 0.729473
vt 0.211608 0.792668
vt 0.193705 0.743473
vt 0.205456 0.737053
vt 0.215609 0.740414
vt 0.166227 0.473101
vt 0.135479 0.734541
vt 0.121860 0.736881
vt 0.242615 0.556660
vt 0.166394 0.680721
vt 0.150770 0.472223
vt 0.159254 0.482831
vt 0.167418 0.702259
vt 0.208029 0.526012
vt 0.205795 0.528349
vt 0.215261 0.533159
vt 0.167628 0.636823
vt 0.260773 0.410383
vt 0.136798 0.450973
vt 0.204386 0.742482
vt 0.160002 0.688192
vt 0.146694 0.702803
vt 0.141651 0.705834
vt 0.130348 0.699364
vt 0.131959 0.704044
vt 0.130045 0.719595
vt 0.266980 0.745638
vt 0.261474 0.750718
vt 0.216482 0.802774
vt 0.248687 0.781040
vt 0.236271 0.778339
vt 0.226314 0.730358
vt 0.338690 0.455500
vt 0.148579 0.655340
vt 0.124386 0.638555
vt 0.311786 0.811055
vt 0.130875 0.621172
vt 0.258541 0.750820
vt 0.253021 0.752103
vt 0.194448 0.748367
vt 0.131543 0.708967
vt 0.159694 0.665895
vt 0.297184 0.768415
vt 0.282776 0.765148
vt 0.182157 0.785775
vt 0.325986 0.742294
vt 0.128897 0.695361
vt 0.243473 0.795683
vt 0.248483 0.795115
vt 0.250836 0.796827
vt 0.258145 0.809010
vt 0.131345 0.683356
vt 0.130628 0.678273
vt 0.265080 0.782257
vt 0.331226 0.745159
vt 0.269756 0.776248
vt 0.242875 0.801283
vt 0.238892 0.803116
vt 0.243054 0.512141
vt 0.252238 0.535655
vt 0.248930 0.807642
vt 0.241288 0.808255
vt 0.275660 0.370780
vt 0.247282 0.809913
vt 0.337816 0.414270
vt 0.148296 0.465423
vt 0.236234 0.522287
vt 0.225162 0.538394
vt 0.322130 0.397253
vt 0.172033 0.503800
vt 0.128985 0.412452
vt 0.166029 0.426976
vt 0.274387 0.361841
vt 0.136937 0.539668
vt 0.149401 0.378428
vt 0.305843 0.422529
vt 0.129296 0.714351
vt 0.159289 0.674473
vt 0.154250 0.668814
vt 0.337628 0.773248
vt 0.264459 0.539989
vt 0.275822 0.546188
vt 0.218639 0.483920
vt 0.150464 0.672985
vt 0.197216 0.519529
vt 0.121598 0.626031
vt 0.307446 0.548653
vt 0.338895 0.405144
vt 0.328437 0.441678
vt 0.328643 0.437301
vt 0.358342 0.550428
vt 0.266448 0.739714
vt 0.273443 0.739910
vt 0.289719 0.737108
vt 0.277279 0.732652
vt 0.153061 0.788119
vt 0.246058 0.749881
vt 0.372730 0.656832
s 1
usemtl Texture
f 1/1/1 2/2/2 3/3/3
f 4/4/4 5/5/5 6/6/6
f 7/7/7 5/5/5 4/4/4
f 8/8/8 9/9/9 10/10/10
f 10/10/10 11/11/11 12/12/12
f 12/12/12 8/8/8 10/10/10
f 13/13/13 14/14/14 15/15/15
f 14/14/14 13/13/13 16/16/16
f 14/14/14 16/16/16 17/17/17
f 18/18/18 17/17/17 16/16/16
f 18/18/18 16/16/16 19/19/19
f 22/20/20 20/21/21 23/22/22
f 20/21/21 21/23/23 24/24/24
f 24/24/24 23/22/22 20/21/21
f 25/25/25 26/26/26 27/27/27
f 26/26/26 25/25/25 28/28/28
f 29/29/29 30/30/30 31/31/31
f 28/28/28 25/25/25 29/29/29
f 25/25/25 32/32/32 29/29/29
f 29/29/29 31/31/31 28/28/28
f 25/25/25 27/27/27 33/33/33
f 34/34/34 35/35/35 36/36/36
f 37/37/37 38/38/38 34/34/34
f 38/38/38 37/37/37 39/39/39
f 40/40/40 41/41/41 39/39/39
f 34/34/34 36/36/36 37/37/37
f 40/40/40 39/39/39 37/37/37
f 44/42/42 45/43/43 42/44/44
f 46/45/45 47/46/46 48/47/47
f 49/48/48 44/42/42 43/49/49
f 43/49/49 42/44/44 46/45/45
f 43/49/49 44/42/42 42/44/44
f 43/49/49 46/45/45 48/47/47
f 49/48/48 43/49/49 50/50/50
f 51/51/51 52/52/52 53/53/53
f 51/51/51 54/54/54 55/55/55
f 56/56/56 52/52/52 55/55/55
f 51/51/51 57/57/57 58/58/58
f 59/59/59 55/55/55 54/54/54
f 60/60/60 54/54/54 51/51/51
f 56/56/56 61/61/61 62/62/62
f 58/58/58 60/60/60 51/51/51
f 53/53/53 57/57/57 51/51/51
f 52/52/52 56/56/56 62/62/62
f 51/51/51 55/55/55 52/52/52
f 65/63/63 66/64/64 63/65/65
f 67/66/66 63/65/65 64/67/67
f 66/64/64 64/67/67 63/65/65
f 68/68/68 69/69/69 70/70/70
f 71/71/62 72/72/71 73/73/72
f 64/67/67 72/72/71 67/66/66
f 65/63/63 69/69/69 68/68/68
f 72/72/71 64/67/67 73/73/72
f 74/74/73 65/63/63 68/68/68
f 69/69/69 65/63/63 63/65/65
f 75/75/74 76/76/75 77/77/76
f 78/78/77 79/79/78 80/80/79
f 81/81/80 78/78/77 77/77/76
f 80/80/79 82/82/81 83/83/82
f 79/79/78 82/82/81 80/80/79
f 84/84/83 77/77/76 78/78/77
f 80/80/79 84/84/83 78/78/77
f 82/82/81 85/85/84 83/83/82
f 81/81/80 77/77/76 76/76/75
f 81/81/80 79/79/78 78/78/77
f 86/86/85 87/87/86 88/88/87
f 91/89/88 92/90/89 93/91/90
f 93/91/90 94/92/91 91/89/88
f 90/93/92 88/88/87 89/94/93
f 94/92/91 95/95/94 96/96/95
f 86/86/85 91/89/88 87/87/86
f 88/88/87 90/93/92 97/97/35
f 98/98/96 90/93/92 89/94/93
f 96/96/95 89/94/93 87/87/86
f 96/96/95 87/87/86 94/92/91
f 91/89/88 94/92/91 87/87/86
f 89/94/93 88/88/87 87/87/86
f 99/99/97 100/100/98 101/101/99
f 101/101/99 100/100/98 102/102/100
f 103/103/101 104/104/102 105/105/103
f 106/106/104 107/107/105 108/108/106
f 109/109/107 110/110/108 101/101/99
f 109/109/107 101/101/99 106/106/104
f 104/104/102 106/106/104 111/111/109
f 106/106/104 104/104/102 107/107/105
f 111/111/109 106/106/104 101/101/99
f 106/106/104 108/108/106 109/109/107
f 111/111/109 101/101/99 102/102/100
f 103/103/101 107/107/105 104/104/102
f 114/112/110 115/113/111 113/114/112
f 116/115/113 117/116/114 118/117/115
f 118/117/115 115/113/111 116/115/113
f 113/114/112 115/113/111 118/117/115
f 119/118/116 120/119/117 112/120/118
f 112/120/118 120/119/117 113/114/112
f 122/121/119 118/117/115 121/122/120
f 114/112/110 113/114/112 120/119/117
f 117/116/114 121/122/120 118/117/115
f 123/123/121 121/122/120 124/124/122
f 123/123/121 122/121/119 121/122/120
f 118/117/115 122/121/119 113/114/112
f 125/125/123 126/126/124 127/127/125
f 128/128/126 129/129/127 130/130/128
f 125/125/123 133/131/129 126/126/124
f 134/132/130 135/133/131 136/134/132
f 125/125/123 137/135/133 133/131/129
f 126/126/124 139/136/134 136/134/132
f 140/137/135 127/127/125 138/138/136
f 134/132/130 136/134/132 141/139/137
f 131/140/138 129/129/127 128/128/126
f 141/139/137 136/134/132 139/136/134
f 127/127/125 140/137/135 125/125/123
f 127/127/125 128/128/126 138/138/136
f 127/127/125 131/140/138 128/128/126
f 126/126/124 132/141/139 127/127/125
f 139/136/134 126/126/124 142/142/140
f 132/141/139 126/126/124 136/134/132
f 146/143/141 144/144/142 147/145/143
f 148/146/144 143/147/145 149/148/146
f 150/149/147 151/150/148 143/147/145
f 143/147/145 152/151/149 144/144/142
f 153/152/150 146/143/141 147/145/143
f 143/147/145 151/150/148 149/148/146
f 143/147/145 144/144/142 154/153/151
f 152/151/149 143/147/145 155/154/152
f 143/147/145 148/146/144 145/155/153
f 154/153/151 144/144/142 146/143/141
f 157/156/154 150/149/147 143/147/145
f 154/153/151 156/157/155 143/147/145
f 143/147/145 156/157/155 157/156/154
f 151/150/148 158/158/156 149/148/146
f 143/147/145 145/155/153 155/154/152
f 159/159/157 160/160/158 161/161/159
f 162/162/160 163/163/161 164/164/162
f 165/165/163 166/166/164 159/159/157
f 167/167/165 161/161/159 168/168/166
f 170/169/167 159/159/157 161/161/159
f 169/170/168 171/171/169 166/166/164
f 172/172/170 159/159/157 163/163/161
f 166/166/164 164/164/162 163/163/161
f 171/171/169 164/164/162 166/166/164
f 159/159/157 172/172/170 173/173/171
f 162/162/160 174/174/172 163/163/161
f 159/159/157 166/166/164 163/163/161
f 161/161/159 160/160/158 168/168/166
f 170/169/167 165/165/163 159/159/157
f 175/175/173 177/176/174 178/177/175
f 179/178/176 181/179/177 182/180/178
f 183/181/179 184/182/180 185/183/181
f 184/182/180 183/181/179 189/184/182
f 187/185/183 176/186/184 190/187/185
f 176/186/184 191/188/186 192/189/187
f 181/179/177 184/182/180 193/190/188
f 194/191/189 178/177/175 177/176/174
f 190/187/185 194/191/189 195/192/190
f 182/180/178 181/179/177 193/190/188
f 196/193/191 181/179/177 180/194/192
f 187/185/183 191/188/186 176/186/184
f 197/195/193 190/187/185 195/192/190
f 193/190/188 184/182/180 189/184/182
f 180/194/192 181/179/177 179/178/176
f 186/196/194 197/195/193 184/182/180
f 186/196/194 184/182/180 181/179/177
f 190/187/185 198/197/195 188/198/196
f 197/195/193 195/192/190 194/191/189
f 190/187/185 178/177/175 194/191/189
f 185/183/181 197/195/193 194/191/189
f 186/196/194 181/179/177 199/199/197
f 197/195/193 185/183/181 184/182/180
f 200/200/198 186/196/194 199/199/197
f 190/187/185 188/198/196 187/185/183
f 197/195/193 198/197/195 190/187/185
f 175/175/173 178/177/175 190/187/185
f 190/187/185 176/186/184 175/175/173
f 201/201/199 202/202/200 203/203/201
f 204/204/202 205/205/203 206/206/204
f 209/207/205 207/208/206 210/209/207
f 201/201/199 211/210/208 202/202/200
f 203/203/201 213/211/209 214/212/210
f 215/213/211 216/214/212 205/205/203
f 210/209/207 217/215/213 209/207/205
f 207/208/206 208/216/214 215/213/211
f 207/208/206 215/213/211 205/205/203
f 218/217/215 213/211/209 203/203/201
f 201/201/199 203/203/201 214/212/210
f 219/218/216 217/215/213 210/209/207
f 203/203/201 221/219/217 222/220/218
f 203/203/201 223/221/219 218/217/215
f 208/216/214 207/208/206 201/201/199
f 222/220/218 223/221/219 203/203/201
f 220/222/220 201/201/199 224/223/221
f 216/214/212 206/206/204 205/205/203
f 208/216/214 201/201/199 220/222/220
f 203/203/201 202/202/200 221/219/217
f 201/201/199 212/224/222 211/210/208
f 212/224/222 201/201/199 207/208/206
f 207/208/206 209/207/205 212/224/222
f 201/201/199 214/212/210 224/223/221
f 228/225/223 229/226/224 227/227/225
f 227/227/225 230/228/226 228/225/223
f 227/227/225 229/226/224 225/229/227
f 229/226/224 226/230/228 225/229/227
f 229/226/224 228/225/223 231/231/229
f 228/225/223 230/228/226 232/232/230
f 233/233/231 226/230/228 234/234/232
f 239/235/233 225/229/227 233/233/231
f 226/230/228 240/236/234 241/237/235
f 236/238/236 235/239/237 242/240/238
f 241/237/235 240/236/234 238/241/239
f 243/242/240 238/241/239 244/243/241
f 238/241/239 243/242/240 237/244/242
f 226/230/228 241/237/235 234/234/232
f 242/240/238 235/239/237 243/242/240
f 235/239/237 237/244/242 243/242/240
f 234/234/232 245/245/243 233/233/231
f 245/245/243 246/246/244 233/233/231
f 233/233/231 246/246/244 239/235/233
f 233/233/231 225/229/227 226/230/228
f 226/230/228 247/247/245 240/236/234
f 248/248/246 240/236/234 249/249/247
f 250/250/248 249/249/247 240/236/234
f 244/243/241 238/241/239 248/248/246
f 240/236/234 247/247/245 250/250/248
f 229/226/224 247/247/245 226/230/228
f 238/241/239 240/236/234 248/248/246
f 255/251/249 252/252/250 251/253/251
f 257/254/252 258/255/253 259/256/254
f 260/257/255 258/255/253 261/258/256
f 263/259/257 264/260/258 257/254/252
f 262/261/259 265/262/260 260/257/255
f 264/260/258 261/258/256 258/255/253
f 253/263/261 260/257/255 256/264/262
f 259/256/254 258/255/253 260/257/255
f 261/258/256 256/264/262 260/257/255
f 257/254/252 264/260/258 258/255/253
f 257/254/252 268/265/263 263/259/257
f 269/266/264 270/267/265 263/259/257
f 268/265/263 269/266/264 263/259/257
f 251/253/251 253/263/261 255/251/249
f 254/268/266 262/261/259 260/257/255
f 253/263/261 267/269/267 255/251/249
f 260/257/255 265/262/260 259/256/254
f 254/268/266 251/253/251 271/270/268
f 266/271/269 252/252/250 255/251/249
f 254/268/266 260/257/255 253/263/261
f 253/263/261 251/253/251 254/268/266
f 252/252/250 266/271/269 272/272/270
f 273/273/271 274/274/272 275/275/273
f 276/276/274 277/277/275 274/274/272
f 279/278/276 280/279/277 281/280/278
f 282/281/279 279/278/276 281/280/278
f 283/282/280 284/283/281 285/284/282
f 285/284/282 286/285/283 283/282/280
f 277/277/275 281/280/278 275/275/273
f 286/285/283 275/275/273 283/282/280
f 287/286/284 284/283/281 288/287/285
f 289/288/286 290/289/287 280/279/277
f 277/277/275 276/276/274 282/281/279
f 276/276/274 279/278/276 282/281/279
f 275/275/273 278/290/288 273/273/271
f 283/282/280 280/279/277 290/289/287
f 286/285/283 278/290/288 275/275/273
f 277/277/275 275/275/273 274/274/272
f 287/286/284 291/291/289 285/284/282
f 279/278/276 292/292/290 280/279/277
f 275/275/273 281/280/278 283/282/280
f 287/286/284 285/284/282 284/283/281
f 293/293/291 274/274/272 273/273/271
f 281/280/278 280/279/277 283/282/280
f 277/277/275 282/281/279 281/280/278
f 283/282/280 290/289/287 284/283/281
f 295/294/292 296/295/293 294/296/294
f 297/297/295 298/298/296 299/299/297
f 295/294/292 294/296/294 300/300/298
f 301/301/299 303/302/300 294/296/294
f 298/298/296 305/303/301 304/304/302
f 296/295/293 305/303/301 301/301/299
f 299/299/297 298/298/296 306/305/303
f 307/306/304 308/307/305 301/301/299
f 298/298/296 301/301/299 305/303/301
f 294/296/294 296/295/293 301/301/299
f 295/294/292 309/308/306 296/295/293
f 304/304/302 310/309/307 311/310/308
f 294/296/294 302/311/309 300/300/298
f 306/305/303 298/298/296 311/310/308
f 304/304/302 305/303/301 312/312/310
f 294/296/294 303/302/300 302/311/309
f 304/304/302 312/312/310 314/313/311
f 315/314/312 312/312/310 305/303/301
f 313/315/313 312/312/310 315/314/312
f 309/308/306 315/314/312 296/295/293
f 307/306/304 298/298/296 297/297/295
f 298/298/296 304/304/302 311/310/308
f 303/302/300 301/301/299 308/307/305
f 307/306/304 301/301/299 298/298/296
f 296/295/293 315/314/312 305/303/301
f 310/309/307 304/304/302 314/313/311
f 316/316/314 317/317/315 318/318/316
f 317/317/315 316/316/314 319/319/317
f 319/319/317 316/316/314 321/320/318
f 319/319/317 322/321/319 323/322/320
f 317/317/315 324/323/321 318/318/316
f 323/322/320 325/324/322 319/319/317
f 326/325/323 317/317/315 323/322/320
f 323/322/320 317/317/315 325/324/322
f 327/326/324 326/325/323 323/322/320
f 329/327/325 323/322/320 328/328/326
f 328/328/326 323/322/320 330/329/327
f 328/328/326 330/329/327 331/330/328
f 325/324/322 317/317/315 319/319/317
f 327/326/324 323/322/320 329/327/325
f 332/331/329 333/332/330 320/333/331
f 317/317/315 332/331/329 320/333/331
f 334/334/332 333/332/330 332/331/329
f 332/331/329 317/317/315 326/325/323
f 322/321/319 330/329/327 323/322/320
f 317/317/315 320/333/331 324/323/321
f 334/334/332 335/335/333 333/332/330
f 333/332/330 335/335/333 337/336/334
f 330/329/327 336/337/335 331/330/328
f 338/338/336 330/329/327 322/321/319
f 339/339/337 336/337/335 330/329/327
f 340/340/338 341/341/339 342/342/340
f 343/343/341 344/344/342 345/345/343
f 351/346/344 345/345/343 344/344/342
f 352/347/345 353/348/346 354/349/347
f 351/346/344 346/350/348 348/351/349
f 346/350/348 347/352/350 356/353/351
f 357/354/352 351/346/344 348/351/349
f 355/355/353 349/356/354 358/357/355
f 345/345/343 351/346/344 357/354/352
f 359/358/356 355/355/353 358/357/355
f 361/359/357 355/355/353 341/341/339
f 361/359/357 341/341/339 340/340/338
f 359/358/356 341/341/339 355/355/353
f 340/340/338 342/342/340 356/353/351
f 363/360/358 360/361/359 364/362/360
f 346/350/348 356/353/351 342/342/340
f 342/342/340 348/351/349 346/350/348
f 359/358/356 342/342/340 341/341/339
f 348/351/349 342/342/340 362/363/361
f 365/364/362 352/347/345 354/349/347
f 352/347/345 365/364/362 366/365/363
f 363/360/358 362/363/361 360/361/359
f 367/366/364 359/358/356 358/357/355
f 364/362/360 359/358/356 367/366/364
f 359/358/356 364/362/360 360/361/359
f 359/358/356 360/361/359 342/342/340
f 350/367/365 358/357/355 349/356/354
f 348/351/349 362/363/361 368/368/366
f 343/343/341 345/345/343 366/365/363
f 348/351/349 368/368/366 357/354/352
f 343/343/341 366/365/363 365/364/362
f 342/342/340 360/361/359 362/363/361
f 369/369/367 370/370/368 371/371/369
f 372/372/370 373/373/371 374/374/372
f 377/375/373 372/372/370 374/374/372
f 378/376/374 380/377/375 379/378/376
f 373/373/371 372/372/370 380/377/375
f 373/373/371 380/377/375 378/376/374
f 382/379/377 383/380/378 384/381/379
f 370/370/368 387/382/380 385/383/381
f 388/384/382 389/385/383 390/386/384
f 385/383/381 391/387/385 376/388/386
f 392/389/387 379/378/376 380/377/375
f 377/375/373 370/370/368 372/372/370
f 393/390/388 385/383/381 387/382/380
f 390/386/384 389/385/383 384/381/379
f 394/391/389 395/392/390 383/380/378
f 383/380/378 395/392/390 384/381/379
f 382/379/377 385/383/381 383/380/378
f 383/380/378 396/393/391 394/391/389
f 389/385/383 397/394/392 382/379/377
f 382/379/377 391/387/385 385/383/381
f 385/383/381 393/390/388 383/380/378
f 396/393/391 383/380/378 393/390/388
f 397/394/392 389/385/383 398/395/393
f 372/372/370 381/396/394 380/377/375
f 377/375/373 387/382/380 370/370/368
f 376/388/386 371/371/369 370/370/368
f 370/370/368 385/383/381 376/388/386
f 380/377/375 386/397/395 392/389/387
f 384/381/379 389/385/383 382/379/377
f 399/398/396 400/399/397 401/400/398
f 372/372/370 370/370/368 381/396/394
f 389/385/383 388/384/382 398/395/393
f 397/394/392 391/387/385 382/379/377
f 400/399/397 402/401/399 401/400/398
f 376/388/386 391/387/385 375/402/400
f 400/399/397 388/384/382 390/386/384
f 388/384/382 400/399/397 399/398/396
f 403/403/401 404/404/402 405/405/403
f 408/406/404 409/407/405 427/408/406
f 413/409/407 411/410/408 414/411/409
f 404/404/402 415/412/410 416/413/411
f 417/414/412 418/415/413 419/416/414
f 420/417/415 421/418/416 422/419/417
f 423/420/418 407/421/419 424/422/420
f 425/423/421 424/422/420 407/421/419
f 407/421/419 427/408/406 409/407/405
f 404/404/402 425/423/421 410/424/422
f 426/425/423 421/418/416 420/417/415
f 414/411/409 411/410/408 419/416/414
f 423/420/418 427/408/406 407/421/419
f 420/417/415 428/426/424 426/425/423
f 417/414/412 411/410/408 406/427/425
f 429/428/426 425/423/421 403/403/401
f 425/423/421 407/421/419 410/424/422
f 417/414/412 407/421/419 409/407/405
f 411/410/408 412/429/427 430/430/428
f 430/430/428 431/431/429 415/412/410
f 431/431/429 430/430/428 412/429/427
f 426/425/423 428/426/424 409/407/405
f 405/405/403 404/404/402 416/413/411
f 407/421/419 417/414/412 406/427/425
f 410/424/422 406/427/425 430/430/428
f 428/426/424 418/415/413 409/407/405
f 418/415/413 417/414/412 409/407/405
f 404/404/402 403/403/401 425/423/421
f 417/414/412 419/416/414 411/410/408
f 410/424/422 415/412/410 404/404/402
f 424/422/420 425/423/421 429/428/426
f 430/430/428 406/427/425 411/410/408
f 415/412/410 410/424/422 430/430/428
f 411/410/408 413/409/407 412/429/427
f 406/427/425 410/424/422 407/421/419
f 432/432/430 433/433/431 434/434/432
f 440/435/433 441/436/434 442/437/435
f 436/438/436 444/439/437 440/435/433
f 445/440/438 446/441/439 439/442/440
f 444/439/437 441/436/434 440/435/433
f 433/433/431 447/443/441 448/444/442
f 436/438/436 448/444/442 449/445/443
f 442/437/435 446/441/439 440/435/433
f 436/438/436 440/435/433 448/444/442
f 438/446/444 432/432/430 451/447/445
f 452/448/446 453/449/447 454/450/448
f 449/445/443 435/451/449 436/438/436
f 450/452/450 455/453/451 432/432/430
f 456/454/452 453/449/447 452/448/446
f 446/441/439 443/455/453 440/435/433
f 446/441/439 442/437/435 439/442/440
f 448/444/442 440/435/433 443/455/453
f 451/447/445 432/432/430 455/453/451
f 437/456/454 438/446/444 454/450/448
f 450/452/450 432/432/430 445/440/438
f 438/446/444 452/448/446 454/450/448
f 452/448/446 438/446/444 451/447/445
f 447/443/441 457/457/455 448/444/442
f 434/434/432 445/440/438 432/432/430
f 443/455/453 446/441/439 448/444/442
f 434/434/432 448/444/442 446/441/439
f 434/434/432 446/441/439 445/440/438
f 434/434/432 433/433/431 448/444/442
f 459/458/456 458/459/457 432/432/430
f 445/440/438 439/442/440 450/452/450
f 459/458/456 438/446/444 437/456/454
f 458/459/457 433/433/431 432/432/430
f 432/432/430 438/446/444 459/458/456
f 460/460/458 461/461/459 462/462/460
f 463/463/461 464/464/462 465/465/463
f 463/463/461 466/466/464 467/467/465
f 470/468/466 471/469/467 472/470/468
f 473/471/469 460/460/458 470/468/466
f 473/471/469 461/461/459 460/460/458
f 472/470/468 471/469/467 474/472/470
f 474/472/470 475/473/471 468/474/472
f 476/475/473 464/464/462 475/473/471
f 477/476/474 474/472/470 468/474/472
f 472/470/468 473/471/469 470/468/466
f 478/477/475 473/471/469 472/470/468
f 474/472/470 477/476/474 472/470/468
f 461/461/459 479/478/476 469/479/477
f 474/472/470 480/480/478 475/473/471
f 481/481/479 462/462/460 461/461/459
f 477/476/474 464/464/462 463/463/461
f 484/482/480 485/483/481 467/467/465
f 466/466/464 463/463/461 486/484/482
f 487/485/483 475/473/471 480/480/478
f 475/473/471 487/485/483 482/486/484
f 478/477/475 472/470/468 477/476/474
f 461/461/459 469/479/477 481/481/479
f 467/467/465 488/487/485 463/463/461
f 479/478/476 461/461/459 488/487/485
f 476/475/473 482/486/484 483/488/486
f 482/486/484 487/485/483 489/489/487
f 488/487/485 485/483/481 479/478/476
f 465/465/463 464/464/462 476/475/473
f 464/464/462 468/474/472 475/473/471
f 465/465/463 486/484/482 463/463/461
f 468/474/472 464/464/462 477/476/474
f 478/477/475 477/476/474 463/463/461
f 482/486/484 476/475/473 475/473/471
f 478/477/475 463/463/461 488/487/485
f 488/487/485 467/467/465 485/483/481
f 488/487/485 473/471/469 478/477/475
f 488/487/485 461/461/459 473/471/469
f 490/490/488 491/491/489 492/492/490
f 490/490/488 499/493/491 491/491/489
f 500/494/492 501/495/493 502/496/494
f 491/491/489 504/497/495 493/498/496
f 499/493/491 504/497/495 491/491/489
f 506/499/497 493/498/496 505/500/498
f 493/498/496 506/499/497 494/501/499
f 510/502/500 491/491/489 494/501/499
f 498/503/501 497/504/502 504/497/495
f 493/498/496 504/497/495 497/504/502
f 511/505/503 512/506/504 513/507/505
f 494/501/499 491/491/489 493/498/496
f 501/495/493 500/494/492 503/508/506
f 510/502/500 502/496/494 514/509/507
f 494/501/499 502/496/494 510/502/500
f 500/494/492 502/496/494 494/501/499
f 515/510/508 500/494/492 507/511/509
f 507/511/509 508/512/510 515/510/508
f 507/511/509 500/494/492 494/501/499
f 495/513/511 493/498/496 496/514/512
f 505/500/498 509/515/513 516/516/514
f 492/492/490 491/491/489 510/502/500
f 495/513/511 517/517/515 493/498/496
f 505/500/498 493/498/496 517/517/515
f 518/518/516 519/519/517 517/517/515
f 517/517/515 519/519/517 509/515/513
f 517/517/515 520/520/518 518/518/516
f 497/504/502 496/514/512 493/498/496
f 519/519/517 518/518/516 513/507/505
f 505/500/498 517/517/515 509/515/513
f 516/516/514 509/515/513 521/521/519
f 506/499/497 507/511/509 494/501/499
f 513/507/505 518/518/516 511/505/503
f 522/522/520 523/523/521 524/524/522
f 527/525/523 524/524/522 529/526/524
f 530/527/525 531/528/526 525/529/527
f 533/530/528 526/531/529 534/532/530
f 535/533/531 532/534/532 536/535/533
f 534/532/530 529/526/524 524/524/522
f 537/536/534 538/537/535 532/534/532
f 536/535/533 532/534/532 539/538/536
f 538/537/535 539/538/536 532/534/532
f 531/528/526 540/539/537 525/529/527
f 525/529/527 540/539/537 526/531/529
f 542/540/538 527/525/523 528/541/539
f 532/534/532 529/526/524 537/536/534
f 527/525/523 529/526/524 532/534/532
f 526/531/529 540/539/537 529/526/524
f 534/532/530 524/524/522 541/542/540
f 523/523/521 541/542/540 524/524/522
f 530/527/525 544/543/290 531/528/526
f 529/526/524 534/532/530 526/531/529
f 537/536/534 545/544/541 538/537/535
f 527/525/523 535/533/531 528/541/539
f 522/522/520 546/545/542 523/523/521
f 531/528/526 543/546/543 540/539/537
f 527/525/523 542/540/538 524/524/522
f 522/522/520 524/524/522 542/540/538
f 535/533/531 527/525/523 532/534/532
f 540/539/537 537/536/534 529/526/524
f 547/547/544 534/532/530 541/542/540
f 550/548/545 548/549/546 551/550/547
f 552/551/548 553/552/549 554/553/550
f 549/554/551 548/549/546 550/548/545
f 548/549/546 549/554/551 554/553/550
f 552/551/548 554/553/550 549/554/551
f 557/555/552 558/556/553 559/557/554
f 560/558/555 558/556/553 557/555/552
f 559/557/554 558/556/553 561/559/556
f 551/550/547 562/560/557 563/561/558
f 563/561/558 564/562/559 557/555/552
f 564/562/559 560/558/555 557/555/552
f 565/563/560 566/564/561 567/565/562
f 568/566/563 554/553/550 553/552/549
f 569/567/564 553/552/549 552/551/548
f 554/553/550 570/568/565 571/569/566
f 554/553/550 568/566/563 572/570/567
f 554/553/550 556/571/568 548/549/546
f 573/572/569 571/569/566 570/568/565
f 551/550/547 548/549/546 555/573/570
f 555/573/570 562/560/557 551/550/547
f 556/571/568 554/553/550 574/574/571
f 576/575/572 566/564/561 577/576/573
f 554/553/550 571/569/566 575/577/574
f 553/552/549 578/578/575 568/566/563
f 563/561/558 579/579/576 551/550/547
f 566/564/561 565/563/560 575/577/574
f 570/568/565 554/553/550 572/570/567
f 577/576/573 566/564/561 573/572/569
f 566/564/561 571/569/566 573/572/569
f 575/577/574 580/580/577 554/553/550
f 575/577/574 571/569/566 566/564/561
f 550/548/545 581/581/578 549/554/551
f 581/581/578 552/551/548 549/554/551
f 562/560/557 564/562/559 563/561/558
f 554/553/550 580/580/577 574/574/571
f 585/582/579 586/583/580 587/584/581
f 592/585/582 593/586/583 594/587/584
f 585/582/579 587/584/581 588/588/585
f 595/589/586 582/590/587 590/591/588
f 596/592/589 590/591/588 597/593/590
f 587/584/581 598/594/591 588/588/585
f 598/594/591 599/595/592 588/588/585
f 597/593/590 590/591/588 582/590/587
f 600/596/593 601/597/594 584/598/595
f 602/599/596 584/598/595 595/589/586
f 587/584/581 586/583/580 591/600/597
f 602/599/596 595/589/586 589/601/598
f 583/602/599 595/589/586 603/603/600
f 595/589/586 584/598/595 604/604/601
f 595/589/586 604/604/601 603/603/600
f 602/599/596 605/605/602 584/598/595
f 592/585/582 604/604/601 584/598/595
f 606/606/603 604/604/601 592/585/582
f 605/605/602 600/596/593 584/598/595
f 593/586/583 584/598/595 607/607/604
f 584/598/595 601/597/594 607/607/604
f 608/608/605 609/609/606 610/610/607
f 611/611/608 610/610/607 609/609/606
f 582/590/587 612/612/609 597/593/590
f 593/586/583 592/585/582 584/598/595
f 613/613/610 591/600/597 586/583/580
f 614/614/611 607/607/604 601/597/594
f 607/607/604 614/614/611 615/615/612
f 592/585/582 610/610/607 611/611/608
f 606/606/603 592/585/582 611/611/608
f 599/595/592 612/612/609 582/590/587
f 588/588/585 599/595/592 582/590/587
f 595/589/586 590/591/588 589/601/598
f 582/590/587 595/589/586 583/602/599
f 616/616/613 617/617/614 618/618/615
f 619/619/616 620/620/617 618/618/615
f 618/618/615 621/621/618 619/619/616
f 622/622/619 623/623/620 621/621/618
f 622/622/619 624/624/621 625/625/622
f 621/621/618 618/618/615 622/622/619
f 619/619/616 626/626/623 627/627/624
f 628/628/625 629/629/626 630/630/627
f 630/630/627 631/631/628 628/628/625
f 622/622/619 625/625/622 623/623/620
f 625/625/622 624/624/621 633/632/629
f 635/633/630 619/619/616 621/621/618
f 635/633/630 621/621/618 636/634/631
f 637/635/632 638/636/633 627/627/624
f 618/618/615 620/620/617 639/637/634
f 627/627/624 640/638/635 620/620/617
f 627/627/624 620/620/617 619/619/616
f 617/617/614 622/622/619 618/618/615
f 632/639/636 626/626/623 634/640/637
f 616/616/613 618/618/615 639/637/634
f 635/633/630 632/639/636 634/640/637
f 632/639/636 641/641/638 628/628/625
f 628/628/625 641/641/638 629/629/626
f 635/633/630 634/640/637 619/619/616
f 632/639/636 635/633/630 641/641/638
f 642/642/639 635/633/630 636/634/631
f 627/627/624 626/626/623 637/635/632
f 634/640/637 626/626/623 619/619/616
f 642/642/639 641/641/638 635/633/630
f 631/631/628 637/635/632 628/628/625
f 637/635/632 626/626/623 628/628/625
f 638/636/633 640/638/635 627/627/624
f 628/628/625 626/626/623 632/639/636
f 644/643/640 645/644/641 646/645/642
f 647/646/643 648/647/644 643/648/645
f 648/647/644 650/649/646 643/648/645
f 654/650/647 655/651/648 656/652/649
f 658/653/650 650/649/646 648/647/644
f 659/654/651 660/655/652 647/646/643
f 652/656/653 647/646/643 660/655/652
f 650/649/646 663/657/654 643/648/645
f 666/658/655 667/659/656 643/648/645
f 668/660/657 661/661/658 662/662/659
f 643/648/645 667/659/656 647/646/643
f 649/663/660 647/646/643 667/659/656
f 669/664/661 670/665/662 671/666/663
f 651/667/664 653/668/665 664/669/666
f 657/670/667 651/667/664 663/657/654
f 663/657/654 651/667/664 644/643/640
f 664/669/666 644/643/640 651/667/664
f 643/648/645 644/643/640 666/658/655
f 646/645/642 666/658/655 644/643/640
f 651/667/664 672/671/668 653/668/665
f 663/657/654 644/643/640 643/648/645
f 665/672/669 664/669/666 653/668/665
f 649/663/660 659/654/651 647/646/643
f 661/661/658 656/652/649 662/662/659
f 655/651/648 662/662/659 656/652/649
f 670/665/662 664/669/666 665/672/669
f 661/661/658 664/669/666 670/665/662
f 664/669/666 661/661/658 668/660/657
f 661/661/658 670/665/662 669/664/661
f 644/643/640 664/669/666 645/644/641
f 664/669/666 668/660/657 673/673/670
f 677/674/671 678/675/672 679/676/673
f 681/677/674 680/678/675 682/679/676
f 675/680/677 685/681/678 676/682/679
f 676/682/679 674/683/680 675/680/677
f 688/684/681 689/685/682 690/686/683
f 686/687/684 680/678/675 684/688/685
f 681/677/674 684/688/685 680/678/675
f 687/689/686 680/678/675 686/687/684
f 683/690/687 686/687/684 684/688/685
f 674/683/680 676/682/679 700/691/688
f 689/685/682 688/684/681 695/692/689
f 687/689/686 686/687/684 691/693/690
f 691/693/690 700/691/688 676/682/679
f 677/674/671 679/676/673 696/694/691
f 697/695/692 688/684/681 698/696/693
f 679/676/673 678/675/672 699/697/694
f 692/698/695 680/678/675 694/699/696
f 696/694/691 692/698/695 693/700/697
f 694/699/696 680/678/675 687/689/686
f 697/695/692 702/701/698 688/684/681
f 690/686/683 674/683/680 688/684/681
f 700/691/688 691/693/690 686/687/684
f 675/680/677 674/683/680 690/686/683
f 683/690/687 700/691/688 686/687/684
f 700/691/688 683/690/687 701/702/699
f 696/694/691 680/678/675 692/698/695
f 703/703/700 688/684/681 674/683/680
f 679/676/673 680/678/675 696/694/691
f 679/676/673 682/679/676 680/678/675
f 700/691/688 703/703/700 674/683/680
f 698/696/693 688/684/681 703/703/700
f 702/701/698 695/692/689 688/684/681
f 704/704/701 695/692/689 702/701/698
f 705/705/702 706/706/703 707/707/704
f 713/708/705 716/709/706 710/710/707
f 717/711/708 718/712/709 709/713/710
f 708/714/711 716/709/706 720/715/712
f 709/713/710 720/715/712 721/716/713
f 705/705/702 710/710/707 706/706/703
f 719/717/714 718/712/709 717/711/708
f 722/718/715 723/719/716 715/720/717
f 725/721/718 707/707/704 706/706/703
f 714/722/719 726/723/720 721/716/713
f 720/715/712 716/709/706 727/724/721
f 710/710/707 705/705/702 728/725/722
f 705/705/702 707/707/704 729/726/723
f 721/716/713 722/718/715 715/720/717
f 712/727/724 710/710/707 728/725/722
f 718/712/709 711/728/725 709/713/710
f 708/714/711 720/715/712 709/713/710
f 708/714/711 709/713/710 711/728/725
f 718/712/709 706/706/703 711/728/725
f 713/708/705 712/727/724 732/729/726
f 726/723/720 724/730/727 719/717/714
f 714/722/719 721/716/713 715/720/717
f 712/727/724 713/708/705 710/710/707
f 709/713/710 721/716/713 717/711/708
f 734/731/728 732/729/726 712/727/724
f 706/706/703 710/710/707 711/728/725
f 725/721/718 706/706/703 718/712/709
f 731/732/729 722/718/715 721/716/713
f 727/724/721 716/709/706 713/708/705
f 729/726/723 735/733/730 705/705/702
f 736/734/731 725/721/718 718/712/709
f 720/715/712 730/735/732 731/732/729
f 721/716/713 720/715/712 731/732/729
f 721/716/713 726/723/720 717/711/708
f 733/736/733 734/731/728 712/727/724
f 718/712/709 719/717/714 736/734/731
f 711/728/725 710/710/707 716/709/706
f 719/717/714 717/711/708 726/723/720
f 727/724/721 730/735/732 720/715/712
f 711/728/725 716/709/706 708/714/711
f 737/737/734 738/738/735 739/739/736
f 738/738/735 744/740/737 743/741/738
f 737/737/734 744/740/737 738/738/735
f 745/742/739 737/737/734 740/743/740
f 745/742/739 740/743/740 746/744/741
f 742/745/742 741/746/743 749/747/744
f 738/738/735 750/748/745 748/749/746
f 738/738/735 747/750/747 750/748/745
f 751/751/748 742/745/742 744/740/737
f 743/741/738 752/752/749 753/753/750
f 741/746/743 755/754/751 756/755/752
f 738/738/735 748/749/746 739/739/736
f 742/745/742 743/741/738 744/740/737
f 743/741/738 757/756/753 752/752/749
f 743/741/738 758/757/754 738/738/735
f 759/758/755 760/759/756 756/755/752
f 756/755/752 749/747/744 741/746/743
f 761/760/757 749/747/744 756/755/752
f 761/760/757 756/755/752 760/759/756
f 740/743/740 748/749/746 762/761/758
f 740/743/740 762/761/758 763/762/759
f 754/763/760 764/764/761 755/754/751
f 758/757/754 743/741/738 753/753/750
f 765/765/762 745/742/739 746/744/741
f 740/743/740 763/762/759 746/744/741
f 755/754/751 744/740/737 745/742/739
f 745/742/739 765/765/762 754/763/760
f 754/763/760 755/754/751 745/742/739
f 749/747/744 757/756/753 742/745/742
f 758/757/754 747/750/747 738/738/735
f 743/741/738 742/745/742 757/756/753
f 742/745/742 751/751/748 741/746/743
f 751/751/748 755/754/751 741/746/743
f 755/754/751 751/751/748 744/740/737
f 739/739/736 748/749/746 740/743/740
f 755/754/751 764/764/761 756/755/752
f 744/740/737 737/737/734 745/742/739
f 740/743/740 737/737/734 739/739/736
f 770/766/763 771/767/764 768/768/765
f 774/769/766 775/770/767 773/771/768
f 768/768/765 771/767/764 776/772/769
f 776/772/769 769/773/770 768/768/765
f 771/767/764 770/766/763 775/770/767
f 776/772/769 777/774/771 769/773/770
f 777/774/771 780/775/772 781/776/773
f 766/777/774 767/778/775 770/766/763
f 769/773/770 782/779/776 768/768/765
f 785/780/777 786/781/778 780/775/772
f 788/782/779 789/783/780 790/784/781
f 777/774/771 791/785/782 780/775/772
f 783/786/783 770/766/763 784/787/784
f 773/771/768 767/778/775 779/788/785
f 785/780/777 780/775/772 791/785/782
f 767/778/775 766/777/774 793/789/786
f 794/790/787 774/769/766 772/791/788
f 795/792/789 784/787/784 770/766/763
f 766/777/774 783/786/783 793/789/786
f 772/791/788 774/769/766 773/771/768
f 773/771/768 779/788/785 796/793/790
f 788/782/779 792/794/791 789/783/780
f 778/795/792 779/788/785 767/778/775
f 771/767/764 775/770/767 797/796/793
f 770/766/763 768/768/765 795/792/789
f 775/770/767 774/769/766 787/797/794
f 797/796/793 799/798/795 771/767/764
f 792/794/791 787/797/794 800/799/796
f 777/774/771 776/772/769 801/800/797
f 787/797/794 792/794/791 775/770/767
f 798/801/798 801/800/797 771/767/764
f 771/767/764 799/798/795 798/801/798
f 776/772/769 771/767/764 801/800/797
f 792/794/791 788/782/779 797/796/793
f 792/794/791 797/796/793 775/770/767
f 773/771/768 775/770/767 767/778/775
f 783/786/783 766/777/774 770/766/763
f 768/768/765 782/779/776 795/792/789
f 767/778/775 775/770/767 770/766/763
f 777/774/771 781/776/773 769/773/770
f 802/802/799 803/803/800 804/804/801
f 805/805/802 806/806/803 807/807/804
f 808/808/805 809/809/806 810/810/807
f 812/811/808 813/812/809 809/809/806
f 802/802/799 815/813/810 803/803/800
f 816/814/811 804/804/801 817/815/812
f 818/816/813 819/817/814 804/804/801
f 813/812/809 816/814/811 806/806/803
f 804/804/801 816/814/811 813/812/809
f 806/806/803 805/805/802 809/809/806
f 813/812/809 818/816/813 804/804/801
f 818/816/813 813/812/809 820/818/815
f 806/806/803 809/809/806 813/812/809
f 820/818/815 813/812/809 812/811/808
f 809/809/806 808/808/805 812/811/808
f 811/819/816 812/811/808 808/808/805
f 811/819/816 821/820/817 812/811/808
f 819/817/814 802/802/799 804/804/801
f 810/810/807 809/809/806 822/821/818
f 824/822/819 825/823/820 823/824/821
f 823/824/821 814/825/822 824/822/819
f 814/825/822 826/826/823 824/822/819
f 823/824/821 822/821/818 814/825/822
f 814/825/822 822/821/818 809/809/806
f 805/805/802 828/827/824 809/809/806
f 826/826/823 814/825/822 809/809/806
f 828/827/824 826/826/823 809/809/806
f 819/817/814 818/816/813 820/818/815
f 829/828/825 830/829/826 831/830/827
f 812/811/808 829/828/825 820/818/815
f 812/811/808 821/820/817 829/828/825
f 832/831/828 833/832/829 820/818/815
f 829/828/825 821/820/817 830/829/826
f 833/832/829 802/802/799 819/817/814
f 820/818/815 833/832/829 819/817/814
f 820/818/815 829/828/825 832/831/828
f 834/833/830 829/828/825 831/830/827
f 832/831/828 834/833/830 835/834/831
f 825/823/820 824/822/819 836/835/832
f 832/831/828 837/836/833 833/832/829
f 837/836/833 832/831/828 835/834/831
f 834/833/830 832/831/828 829/828/825
f 827/837/834 836/835/832 824/822/819
f 811/819/816 830/829/826 821/820/817
f 838/838/835 839/839/836 840/840/837
f 842/841/838 843/842/839 849/843/840
f 844/844/841 842/841/838 845/845/842
f 842/841/838 849/843/840 853/846/843
f 849/843/840 841/847/844 838/838/835
f 842/841/838 844/844/841 855/848/845
f 841/847/844 843/842/839 856/849/846
f 843/842/839 841/847/844 849/843/840
f 856/849/846 846/850/847 841/847/844
f 857/851/848 839/839/836 854/852/849
f 860/853/850 840/840/837 839/839/836
f 858/854/851 848/855/852 861/856/853
f 862/857/854 840/840/837 860/853/850
f 848/855/852 852/858/855 861/856/853
f 838/838/835 841/847/844 839/839/836
f 857/851/848 863/859/856 839/839/836
f 852/858/855 849/843/840 838/838/835
f 861/856/853 838/838/835 864/860/857
f 864/860/857 838/838/835 865/861/858
f 847/862/859 852/858/855 848/855/852
f 850/863/860 853/846/843 849/843/840
f 852/858/855 838/838/835 861/856/853
f 838/838/835 840/840/837 865/861/858
f 852/858/855 847/862/859 850/863/860
f 847/862/859 851/864/861 850/863/860
f 845/845/842 842/841/838 853/846/843
f 840/840/837 859/865/862 865/861/858
f 850/863/860 849/843/840 852/858/855
f 846/850/847 856/849/846 866/866/863
f 841/847/844 854/852/849 839/839/836
f 867/867/864 868/868/865 869/869/866
f 867/867/864 875/870/867 876/871/868
f 875/870/867 877/872/869 876/871/868
f 869/869/866 874/873/870 879/874/871
f 880/875/872 874/873/870 881/876/873
f 881/876/873 874/873/870 882/877/874
f 867/867/864 879/874/871 870/878/875
f 869/869/866 879/874/871 867/867/864
f 879/874/871 874/873/870 880/875/872
f 883/879/876 872/880/877 884/881/878
f 879/874/871 871/882/879 870/878/875
f 884/881/878 872/880/877 873/883/880
f 867/867/864 870/878/875 875/870/867
f 870/878/875 885/884/881 875/870/867
f 877/872/869 878/885/882 876/871/868
f 875/870/867 885/884/881 877/872/869
f 886/886/883 887/887/884 888/888/885
f 888/888/885 876/871/868 886/886/883
f 886/886/883 883/879/876 887/887/884
f 886/886/883 876/871/868 889/889/886
f 890/890/887 867/867/864 876/871/868
f 867/867/864 890/890/887 868/868/865
f 876/871/868 888/888/885 890/890/887
f 891/891/888 886/886/883 889/889/886
f 892/892/889 893/893/890 894/894/891
f 878/885/882 889/889/886 876/871/868
f 904/895/892 896/896/893 897/897/894
f 878/885/882 891/891/888 889/889/886
f 894/894/891 899/898/895 892/892/889
f 894/894/891 893/893/890 900/899/896
f 894/894/891 901/900/897 899/898/895
f 877/872/869 902/901/898 903/902/899
f 893/893/890 896/896/893 904/895/892
f 898/903/900 896/896/893 893/893/890
f 904/895/892 872/880/877 891/891/888
f 872/880/877 904/895/892 897/897/894
f 900/899/896 904/895/892 895/904/901
f 895/904/901 903/902/899 905/905/902
f 891/891/888 878/885/882 904/895/892
f 891/891/888 883/879/876 886/886/883
f 906/906/903 903/902/899 902/901/898
f 893/893/890 904/895/892 900/899/896
f 877/872/869 903/902/899 878/885/882
f 895/904/901 878/885/882 903/902/899
f 878/885/882 895/904/901 904/895/892
f 903/902/899 906/906/903 905/905/902
f 891/891/888 872/880/877 883/879/876
f 907/907/904 908/908/905 909/909/906
f 908/908/905 914/910/907 915/911/908
f 920/912/909 915/911/908 917/913/910
f 916/914/911 920/912/909 917/913/910
f 907/907/904 921/915/912 922/916/913
f 923/917/914 924/918/915 925/919/916
f 908/908/905 907/907/904 922/916/913
f 926/920/917 927/921/918 925/919/916
f 922/916/913 928/922/919 929/923/920
f 918/924/921 930/925/922 913/926/923
f 921/915/912 918/924/921 913/926/923
f 921/915/912 931/927/924 918/924/921
f 919/928/925 930/925/922 918/924/921
f 931/927/924 921/915/912 907/907/904
f 910/929/926 909/909/906 932/930/927
f 914/910/907 917/913/910 915/911/908
f 933/931/928 909/909/906 934/932/929
f 924/918/915 935/933/930 936/934/931
f 914/910/907 908/908/905 922/916/913
f 927/921/918 923/917/914 925/919/916
f 916/914/911 937/935/932 938/936/933
f 939/937/934 913/926/923 912/938/935
f 940/939/936 936/934/931 935/933/930
f 929/923/920 914/910/907 922/916/913
f 921/915/912 913/926/923 939/937/934
f 911/940/937 907/907/904 909/909/906
f 942/941/938 932/930/927 933/931/928
f 943/942/939 934/932/929 908/908/905
f 923/917/914 935/933/930 924/918/915
f 915/911/908 943/942/939 908/908/905
f 944/943/940 910/929/926 932/930/927
f 934/932/929 909/909/906 908/908/905
f 909/909/906 910/929/926 911/940/937
f 945/944/941 907/907/904 911/940/937
f 909/909/906 933/931/928 932/930/927
f 931/927/924 907/907/904 945/944/941
f 910/929/926 944/943/940 941/945/942
f 911/940/937 927/921/918 945/944/941
f 927/921/918 911/940/937 910/929/926
f 946/946/943 928/922/919 922/916/913
f 927/921/918 941/945/942 923/917/914
f 922/916/913 921/915/912 939/937/934
f 946/946/943 922/916/913 939/937/934
f 910/929/926 941/945/942 927/921/918
f 917/913/910 937/935/932 916/914/911
f 950/947/944 951/948/945 947/949/946
f 970/950/947 952/951/948 953/952/949
f 954/953/950 951/948/945 955/954/951
f 957/955/952 958/956/953 956/957/954
f 960/958/955 955/954/951 959/959/956
f 961/960/957 962/961/958 963/962/959
f 957/955/952 964/963/960 965/964/961
f 952/951/948 966/965/962 967/966/963
f 968/967/964 951/948/945 969/968/965
f 957/955/952 950/947/944 964/963/960
f 955/954/951 950/947/944 956/957/954
f 959/959/956 955/954/951 948/969/966
f 951/948/945 950/947/944 955/954/951
f 973/970/967 948/969/966 974/971/968
f 951/948/945 952/951/948 947/949/946
f 969/968/965 951/948/945 954/953/950
f 957/955/952 956/957/954 950/947/944
f 975/972/969 952/951/948 967/966/963
f 967/966/963 976/973/970 975/972/969
f 949/974/971 963/962/959 959/959/956
f 977/975/972 952/951/948 968/967/964
f 952/951/948 977/975/972 966/965/962
f 948/969/966 972/976/973 978/977/974
f 972/976/973 948/969/966 955/954/951
f 972/976/973 956/957/954 958/956/953
f 952/951/948 970/950/947 947/949/946
f 955/954/951 956/957/954 972/976/973
f 965/964/961 979/978/975 957/955/952
f 960/958/955 959/959/956 980/979/976
f 971/980/977 950/947/944 947/949/946
f 959/959/956 981/981/978 980/979/976
f 971/980/977 947/949/946 970/950/947
f 952/951/948 951/948/945 968/967/964
f 978/977/974 974/971/968 948/969/966
f 949/974/971 948/969/966 973/970/967
f 970/950/947 953/952/949 982/982/979
f 964/963/960 950/947/944 971/980/977
f 981/981/978 959/959/956 963/962/959
f 954/953/950 955/954/951 960/958/955
f 979/978/975 958/956/953 957/955/952
f 948/969/966 949/974/971 959/959/956
f 952/951/948 975/972/969 953/952/949
f 970/950/947 984/983/980 971/980/977
f 982/982/979 984/983/980 970/950/947
f 963/962/959 985/984/981 981/981/978
f 961/960/957 963/962/959 949/974/971
f 962/961/958 985/984/981 963/962/959
f 984/983/980 986/985/982 971/980/977
f 971/980/977 986/985/982 964/963/960
f 983/986/983 949/974/971 973/970/967
f 987/987/984 975/972/969 976/973/970
f 1006/988/985 989/989/986 990/990/987
f 991/991/988 1019/992/989 992/993/990
f 995/994/991 996/995/992 997/996/993
f 998/997/994 993/998/995 999/999/996
f 1002/1000/997 1003/1001/998 996/995/992
f 993/998/995 1001/1002/999 1000/1003/1000
f 997/996/993 996/995/992 988/1004/1001
f 1008/1005/1002 999/999/996 993/998/995
f 1007/1006/1003 996/995/992 1003/1001/998
f 1009/1007/1004 990/990/987 1010/1008/1005
f 1019/992/989 1014/1009/1006 1015/1010/1007
f 994/1011/1008 1008/1005/1002 993/998/995
f 990/990/987 1000/1003/1000 1006/988/985
f 1016/1012/1009 989/989/986 1017/1013/1010
f 1019/992/989 1015/1010/1007 1013/1014/1011
f 1018/1015/1012 1004/1016/1013 999/999/996
f 992/993/990 1007/1006/1003 1003/1001/998
f 991/991/988 1020/1017/575 1014/1009/1006
f 1001/1002/999 988/1004/1001 1007/1006/1003
f 1018/1015/1012 999/999/996 1008/1005/1002
f 1011/1018/1014 1017/1013/1010 989/989/986
f 1012/1019/1015 1006/988/985 1019/992/989
f 989/989/986 1006/988/985 1011/1018/1014
f 1014/1009/1006 1019/992/989 991/991/988
f 1005/1020/1016 1000/1003/1000 1001/1002/999
f 1019/992/989 1013/1014/1011 1012/1019/1015
f 988/1004/1001 993/998/995 997/996/993
f 1005/1020/1016 1006/988/985 1000/1003/1000
f 1001/1002/999 1007/1006/1003 1019/992/989
f 1005/1020/1016 1001/1002/999 1019/992/989
f 990/990/987 994/1011/1008 1000/1003/1000
f 1005/1020/1016 1019/992/989 1006/988/985
f 988/1004/1001 996/995/992 1007/1006/1003
f 992/993/990 1019/992/989 1007/1006/1003
f 993/998/995 988/1004/1001 1001/1002/999
f 1010/1008/1005 990/990/987 989/989/986
f 1000/1003/1000 994/1011/1008 993/998/995
f 1012/1019/1015 1011/1018/1014 1006/988/985
f 1021/1021/1017 1022/1022/1018 1023/1023/1019
f 1024/1024/1020 1022/1022/1018 1021/1021/1017
f 1025/1025/1021 1026/1026/1022 1027/1027/1023
f 1028/1028/1024 1029/1029/1025 1030/1030/1026
f 1027/1027/1023 1028/1028/1024 1025/1025/1021
f 1031/1031/1027 1032/1032/1028 1033/1033/1029
f 1026/1026/1022 1031/1031/1027 1027/1027/1023
f 1027/1027/1023 1029/1029/1025 1028/1028/1024
f 1029/1029/1025 1034/1034/1030 1035/1035/1031
f 1027/1027/1023 1036/1036/1032 1037/1037/1033
f 1027/1027/1023 1038/1038/1034 1036/1036/1032
f 1033/1033/1029 1038/1038/1034 1027/1027/1023
f 1034/1034/1030 1027/1027/1023 1037/1037/1033
f 1029/1029/1025 1027/1027/1023 1034/1034/1030
f 1027/1027/1023 1031/1031/1027 1033/1033/1029
f 1039/1039/1035 1040/1040/1036 1041/1041/1037
f 1044/1042/1038 1023/1023/1019 1042/1043/1039
f 1044/1042/1038 1045/1044/1040 1043/1045/1041
f 1042/1043/1039 1046/1046/1042 1044/1042/1038
f 1036/1036/1032 1047/1047/1043 1040/1040/1036
f 1046/1046/1042 1045/1044/1040 1044/1042/1038
f 1033/1033/1029 1043/1045/1041 1048/1048/1044
f 1041/1041/1037 1046/1046/1042 1049/1049/1045
f 1041/1041/1037 1050/1050/1046 1039/1039/1035
f 1033/1033/1029 1032/1032/1028 1043/1045/1041
f 1035/1035/1031 1034/1034/1030 1050/1050/1046
f 1046/1046/1042 1041/1041/1037 1040/1040/1036
f 1050/1050/1046 1041/1041/1037 1051/1051/1047
f 1046/1046/1042 1047/1047/1043 1045/1044/1040
f 1040/1040/1036 1039/1039/1035 1037/1037/1033
f 1039/1039/1035 1034/1034/1030 1037/1037/1033
f 1048/1048/1044 1045/1044/1040 1047/1047/1043
f 1050/1050/1046 1034/1034/1030 1039/1039/1035
f 1047/1047/1043 1046/1046/1042 1040/1040/1036
f 1052/1052/1048 1048/1048/1044 1047/1047/1043
f 1048/1048/1044 1052/1052/1048 1033/1033/1029
f 1048/1048/1044 1043/1045/1041 1045/1044/1040
f 1038/1038/1034 1052/1052/1048 1047/1047/1043
f 1042/1043/1039 1049/1049/1045 1046/1046/1042
f 1036/1036/1032 1038/1038/1034 1047/1047/1043
f 1037/1037/1033 1036/1036/1032 1040/1040/1036
f 1052/1052/1048 1038/1038/1034 1033/1033/1029
f 1041/1041/1037 1049/1049/1045 1051/1051/1047
f 1053/1053/1049 1054/1054/1050 1055/1055/1051
f 1056/1056/1052 1057/1057/1053 1058/1058/1054
f 1055/1055/1051 1059/1059/1055 1053/1053/1049
f 1060/1060/1056 1057/1057/1053 1059/1059/1055
f 1057/1057/1053 1053/1053/1049 1059/1059/1055
f 1062/1061/1057 1024/1024/1020 1021/1021/1017
f 1062/1061/1057 1021/1021/1017 1063/1062/1058
f 1021/1021/1017 1061/1063/1059 1063/1062/1058
f 1064/1064/1060 1057/1057/1053 1060/1060/1056
f 1064/1064/1060 1060/1060/1056 1061/1063/1059
f 1056/1056/1052 1053/1053/1049 1057/1057/1053
f 1023/1023/1019 1044/1042/1038 1021/1021/1017
f 1064/1064/1060 1021/1021/1017 1044/1042/1038
f 1021/1021/1017 1064/1064/1060 1061/1063/1059
f 1064/1064/1060 1065/1065/1061 1057/1057/1053
f 1044/1042/1038 1065/1065/1061 1064/1064/1060
f 1032/1032/1028 1058/1058/1054 1065/1065/1061
f 1058/1058/1054 1057/1057/1053 1065/1065/1061
f 1043/1045/1041 1065/1065/1061 1044/1042/1038
f 1043/1045/1041 1032/1032/1028 1065/1065/1061
f 1028/1028/1024 1030/1030/1026 1066/1066/1062
f 1069/1067/1063 1070/1068/1064 1068/1069/1065
f 1073/1070/1066 1071/1071/1067 1072/1072/1068
f 1069/1067/1063 1068/1069/1065 1067/1073/1069
f 1074/1074/1070 1075/1075/1071 1076/1076/1072
f 1077/1077/1073 1078/1078/1074 1074/1074/1070
f 1077/1077/1073 1074/1074/1070 1076/1076/1072
f 1067/1073/1069 1089/1079/1075 1069/1067/1063
f 1089/1079/1075 1076/1076/1072 1069/1067/1063
f 1067/1073/1069 1068/1069/1065 1079/1080/1076
f 1080/1081/1077 1081/1082/1078 1082/1083/958
f 1079/1080/1076 1071/1071/1067 1067/1073/1069
f 1073/1070/1066 1072/1072/1068 1084/1084/1079
f 1086/1085/1080 1087/1086/1081 1088/1087/1082
f 1083/1088/1083 1090/1089/1084 1089/1079/1075
f 1091/1090/1085 1092/1091/1086 1093/1092/1087
f 1094/1093/1088 1095/1094/1089 1096/1095/1090
f 1093/1092/1087 1098/1096/1091 1097/1097/1092
f 1099/1098/1093 1100/1099/1094 1088/1087/1082
f 1098/1096/1091 1093/1092/1087 1096/1095/1090
f 1100/1099/1094 1101/1100/1095 1091/1090/1085
f 1089/1079/1075 1102/1101/1096 1103/1102/1097
f 1088/1087/1082 1100/1099/1094 1075/1075/1071
f 1068/1069/1065 1070/1068/1064 1104/1103/1098
f 1099/1098/1093 1101/1100/1095 1100/1099/1094
f 1100/1099/1094 1069/1067/1063 1075/1075/1071
f 1097/1097/1092 1069/1067/1063 1100/1099/1094
f 1074/1074/1070 1086/1085/1080 1075/1075/1071
f 1070/1068/1064 1069/1067/1063 1097/1097/1092
f 1084/1084/1079 1081/1082/1078 1080/1081/1077
f 1100/1099/1094 1093/1092/1087 1097/1097/1092
f 1091/1090/1085 1093/1092/1087 1100/1099/1094
f 1086/1085/1080 1088/1087/1082 1075/1075/1071
f 1095/1094/1089 1098/1096/1091 1096/1095/1090
f 1076/1076/1072 1089/1079/1075 1077/1077/1073
f 1086/1085/1080 1074/1074/1070 1085/1104/1099
f 1073/1070/1066 1084/1084/1079 1080/1081/1077
f 1067/1073/1069 1083/1088/1083 1089/1079/1075
f 1073/1070/1066 1083/1088/1083 1071/1071/1067
f 1075/1075/1071 1069/1067/1063 1076/1076/1072
f 1083/1088/1083 1067/1073/1069 1071/1071/1067
f 1103/1102/1097 1077/1077/1073 1089/1079/1075
f 1079/1080/1076 1068/1069/1065 1104/1103/1098
f 1114/1105/1100 1108/1106/1101 1112/1107/1102
f 1116/1108/1103 1117/1109/1104 1118/1110/1105
f 1115/1111/1106 1110/1112/1107 1119/1113/1108
f 1120/1114/1109 1121/1115/1110 1122/1116/1111
f 1120/1114/1109 1123/1117/1112 1121/1115/1110
f 1122/1116/1111 1121/1115/1110 1125/1118/1113
f 1116/1108/1103 1126/1119/1114 1108/1106/1101
f 1108/1106/1101 1126/1119/1114 1112/1107/1102
f 1129/1120/1115 1128/1121/1116 1130/1122/1117
f 1126/1119/1114 1116/1108/1103 1118/1110/1105
f 1115/1111/1106 1131/1123/1118 1110/1112/1107
f 1124/1124/1119 1121/1115/1110 1113/1125/1120
f 1133/1126/1121 1107/1127/1122 1110/1112/1107
f 1113/1125/1120 1121/1115/1110 1123/1117/1112
f 1113/1125/1120 1133/1126/1121 1124/1124/1119
f 1121/1115/1110 1109/1128/1123 1125/1118/1113
f 1125/1118/1113 1109/1128/1123 1134/1129/1124
f 1128/1121/1116 1113/1125/1120 1123/1117/1112
f 1113/1125/1120 1107/1127/1122 1133/1126/1121
f 1133/1126/1121 1109/1128/1123 1124/1124/1119
f 1121/1115/1110 1124/1124/1119 1109/1128/1123
f 1125/1118/1113 1134/1129/1124 1108/1106/1101
f 1137/1130/1125 1105/1131/1126 1108/1106/1101
f 1105/1131/1126 1106/1132/1127 1122/1116/1111
f 1134/1129/1124 1109/1128/1123 1111/1133/1128
f 1110/1112/1107 1109/1128/1123 1133/1126/1121
f 1138/1134/1129 1107/1127/1122 1139/1135/1130
f 1140/1136/1131 1117/1109/1104 1134/1129/1124
f 1107/1127/1122 1138/1134/1129 1141/1137/1132
f 1116/1108/1103 1108/1106/1101 1134/1129/1124
f 1110/1112/1107 1111/1133/1128 1109/1128/1123
f 1125/1118/1113 1105/1131/1126 1122/1116/1111
f 1142/1138/1133 1127/1139/1134 1143/1140/1135
f 1111/1133/1128 1140/1136/1131 1134/1129/1124
f 1142/1138/1133 1143/1140/1135 1144/1141/1136
f 1107/1127/1122 1135/1142/1137 1139/1135/1130
f 1143/1140/1135 1127/1139/1134 1128/1121/1116
f 1143/1140/1135 1128/1121/1116 1129/1120/1115
f 1145/1143/1138 1132/1144/1139 1123/1117/1112
f 1107/1127/1122 1119/1113/1108 1110/1112/1107
f 1128/1121/1116 1132/1144/1139 1130/1122/1117
f 1141/1137/1132 1119/1113/1108 1107/1127/1122
f 1123/1117/1112 1132/1144/1139 1128/1121/1116
f 1108/1106/1101 1147/1145/1140 1137/1130/1125
f 1114/1105/1100 1147/1145/1140 1108/1106/1101
f 1134/1129/1124 1117/1109/1104 1116/1108/1103
f 1127/1139/1134 1107/1127/1122 1128/1121/1116
f 1135/1142/1137 1127/1139/1134 1146/1146/1141
f 1136/1147/1142 1105/1131/1126 1137/1130/1125
f 1113/1125/1120 1128/1121/1116 1107/1127/1122
f 1135/1142/1137 1107/1127/1122 1127/1139/1134
f 1125/1118/1113 1108/1106/1101 1105/1131/1126
f 1110/1112/1107 1131/1123/1118 1111/1133/1128
f 1148/1148/1143 1149/1149/1144 1150/1150/1145
f 1151/1151/1146 1148/1148/1143 1150/1150/1145
f 1150/1150/1145 1152/1152/1147 1153/1153/1148
f 1157/1154/1149 1159/1155/1150 1158/1156/1151
f 1161/1157/1152 1158/1156/1151 1159/1155/1150
f 1164/1158/1153 1154/1159/1154 1165/1160/1155
f 1166/1161/1156 1154/1159/1154 1149/1149/1144
f 1150/1150/1145 1153/1153/1148 1151/1151/1146
f 1167/1162/1157 1164/1158/1153 1165/1160/1155
f 1168/1163/1158 1169/1164/1159 1162/1165/1160
f 1154/1159/1154 1166/1161/1156 1155/1166/1161
f 1164/1158/1153 1149/1149/1144 1154/1159/1154
f 1166/1161/1156 1149/1149/1144 1148/1148/1143
f 1167/1162/1157 1168/1163/1158 1164/1158/1153
f 1164/1158/1153 1168/1163/1158 1162/1165/1160
f 1170/1167/1162 1149/1149/1144 1164/1158/1153
f 1163/1168/1163 1170/1167/1162 1164/1158/1153
f 1171/1169/1164 1172/1170/1165 1173/1171/1166
f 1163/1168/1163 1164/1158/1153 1162/1165/1160
f 1174/1172/1167 1172/1170/1165 1175/1173/1168
f 1167/1162/1157 1165/1160/1155 1176/1174/1169
f 1167/1162/1157 1176/1174/1169 1177/1175/1170
f 1178/1176/1171 1179/1177/1172 1180/1178/1173
f 1157/1154/1149 1156/1179/1174 1159/1155/1150
f 1161/1157/1152 1159/1155/1150 1163/1168/1163
f 1183/1180/1175 1184/1181/1176 1185/1182/1177
f 1169/1164/1159 1158/1156/1151 1161/1157/1152
f 1177/1175/1170 1186/1183/1178 1167/1162/1157
f 1160/1184/1179 1171/1169/1164 1187/1185/1180
f 1169/1164/1159 1188/1186/1181 1158/1156/1151
f 1162/1165/1160 1169/1164/1159 1161/1157/1152
f 1189/1187/1182 1182/1188/1183 1178/1176/1171
f 1182/1188/1183 1181/1189/1184 1179/1177/1172
f 1178/1176/1171 1190/1190/1185 1189/1187/1182
f 1188/1186/1181 1186/1183/1178 1177/1175/1170
f 1172/1170/1165 1171/1169/1164 1188/1186/1181
f 1191/1191/1186 1171/1169/1164 1173/1171/1166
f 1188/1186/1181 1156/1179/1174 1157/1154/1149
f 1192/1192/1187 1193/1193/1188 1194/1194/1062
f 1188/1186/1181 1171/1169/1164 1160/1184/1179
f 1168/1163/1158 1186/1183/1178 1169/1164/1159
f 1168/1163/1158 1167/1162/1157 1186/1183/1178
f 1193/1193/1188 1195/1195/1189 1172/1170/1165
f 1169/1164/1159 1186/1183/1178 1188/1186/1181
f 1158/1156/1151 1188/1186/1181 1157/1154/1149
f 1182/1188/1183 1163/1168/1163 1181/1189/1184
f 1181/1189/1184 1163/1168/1163 1159/1155/1150
f 1178/1176/1171 1182/1188/1183 1179/1177/1172
f 1189/1187/1182 1149/1149/1144 1182/1188/1183
f 1189/1187/1182 1150/1150/1145 1149/1149/1144
f 1163/1168/1163 1162/1165/1160 1161/1157/1152
f 1150/1150/1145 1189/1187/1182 1152/1152/1147
f 1182/1188/1183 1149/1149/1144 1170/1167/1162
f 1181/1189/1184 1185/1182/1177 1179/1177/1172
f 1163/1168/1163 1182/1188/1183 1170/1167/1162
f 1181/1189/1184 1183/1180/1175 1185/1182/1177
f 1183/1180/1175 1181/1189/1184 1156/1179/1174
f 1184/1181/1176 1183/1180/1175 1160/1184/1179
f 1159/1155/1150 1156/1179/1174 1181/1189/1184
f 1156/1179/1174 1160/1184/1179 1183/1180/1175
f 1187/1185/1180 1184/1181/1176 1160/1184/1179
f 1188/1186/1181 1160/1184/1179 1156/1179/1174
f 1191/1191/1186 1187/1185/1180 1171/1169/1164
f 1191/1191/1186 1198/1196/1190 1187/1185/1180
f 1194/1194/1062 1193/1193/1188 1172/1170/1165
f 1174/1172/1167 1173/1171/1166 1172/1170/1165
f 1199/1197/1191 1185/1182/1177 1184/1181/1176
f 1184/1181/1176 1187/1185/1180 1196/1198/1192
f 1198/1196/1190 1196/1198/1192 1187/1185/1180
f 1184/1181/1176 1196/1198/1192 1199/1197/1191
f 1198/1196/1190 1197/1199/1193 1196/1198/1192
f 1196/1198/1192 1197/1199/1193 1199/1197/1191
f 1172/1170/1165 1195/1195/1189 1175/1173/1168
f 1200/1200/1194 1201/1201/1195 1202/1202/1196
f 1201/1201/1195 1205/1203/1197 1202/1202/1196
f 1201/1201/1195 1200/1200/1194 1203/1204/1198
f 1206/1205/1199 1207/1206/1200 1208/1207/1201
f 1211/1208/1202 1212/1209/1203 1213/1210/1204
f 1210/1211/1205 1209/1212/1206 1214/1213/1207
f 1215/1214/1208 1216/1215/1209 1214/1213/1207
f 1218/1216/1210 1204/1217/1211 1201/1201/1195
f 1220/1218/1212 1221/1219/1213 1222/1220/1214
f 1223/1221/1215 1210/1211/1205 1218/1216/1210
f 1218/1216/1210 1213/1210/1204 1223/1221/1215
f 1219/1222/1216 1226/1223/1217 1225/1224/1218
f 1204/1217/1211 1228/1225/1219 1229/1226/1220
f 1218/1216/1210 1225/1224/1218 1204/1217/1211
f 1230/1227/1221 1222/1220/1214 1221/1219/1213
f 1212/1209/1203 1231/1228/1222 1213/1210/1204
f 1225/1224/1218 1228/1225/1219 1204/1217/1211
f 1212/1209/1203 1232/1229/1223 1231/1228/1222
f 1225/1224/1218 1216/1215/1209 1219/1222/1216
f 1234/1230/1224 1215/1214/1208 1206/1205/1199
f 1233/1231/1225 1215/1214/1208 1214/1213/1207
f 1235/1232/1226 1207/1206/1200 1206/1205/1199
f 1214/1213/1207 1225/1224/1218 1210/1211/1205
f 1236/1233/1227 1213/1210/1204 1231/1228/1222
f 1213/1210/1204 1236/1233/1227 1223/1221/1215
f 1236/1233/1227 1224/1234/1228 1223/1221/1215
f 1229/1226/1220 1217/1235/1229 1204/1217/1211
f 1215/1214/1208 1235/1232/1226 1206/1205/1199
f 1237/1236/1230 1227/1237/1231 1220/1218/1212
f 1205/1203/1197 1201/1201/1195 1238/1238/1232
f 1230/1227/1221 1238/1238/1232 1201/1201/1195
f 1230/1227/1221 1201/1201/1195 1204/1217/1211
f 1210/1211/1205 1239/1239/1233 1209/1212/1206
f 1203/1204/1198 1213/1210/1204 1201/1201/1195
f 1213/1210/1204 1203/1204/1198 1240/1240/1234
f 1214/1213/1207 1216/1215/1209 1225/1224/1218
f 1218/1216/1210 1210/1211/1205 1225/1224/1218
f 1239/1239/1233 1210/1211/1205 1224/1234/1228
f 1215/1214/1208 1241/1241/1235 1235/1232/1226
f 1215/1214/1208 1233/1231/1225 1241/1241/1235
f 1213/1210/1204 1240/1240/1234 1211/1208/1202
f 1227/1237/1231 1221/1219/1213 1220/1218/1212
f 1218/1216/1210 1201/1201/1195 1213/1210/1204
f 1210/1211/1205 1223/1221/1215 1224/1234/1228
f 1217/1235/1229 1222/1220/1214 1204/1217/1211
f 1230/1227/1221 1204/1217/1211 1222/1220/1214
f 1242/1242/1236 1243/1243/1237 1244/1244/1238
f 1247/1245/1239 1248/1246/1240 1249/1247/1241
f 1249/1247/1241 1251/1248/1242 1247/1245/1239
f 1256/1249/1243 1254/1250/1244 1255/1251/1245
f 1256/1249/1243 1255/1251/1245 1253/1252/1246
f 1257/1253/1247 1258/1254/1248 1251/1248/1242
f 1261/1255/1249 1262/1256/1250 1260/1257/1251
f 1263/1258/1252 1264/1259/1253 1265/1260/1254
f 1264/1259/1253 1266/1261/1255 1265/1260/1254
f 1267/1262/1256 1268/1263/1257 1244/1244/1238
f 1258/1254/1248 1264/1259/1253 1263/1258/1252
f 1263/1258/1252 1265/1260/1254 1269/1264/1258
f 1245/1265/1259 1270/1266/1260 1246/1267/1261
f 1272/1268/1262 1273/1269/1263 1274/1270/1264
f 1264/1259/1253 1258/1254/1248 1275/1271/1265
f 1270/1266/1260 1277/1272/1266 1246/1267/1261
f 1272/1268/1262 1278/1273/1267 1273/1269/1263
f 1253/1252/1246 1245/1265/1259 1268/1263/1257
f 1250/1274/1268 1259/1275/1269 1254/1250/1244
f 1253/1252/1246 1268/1263/1257 1267/1262/1256
f 1267/1262/1256 1256/1249/1243 1253/1252/1246
f 1254/1250/1244 1267/1262/1256 1250/1274/1268
f 1267/1262/1256 1252/1276/1270 1250/1274/1268
f 1267/1262/1256 1254/1250/1244 1256/1249/1243
f 1262/1256/1250 1261/1255/1249 1279/1277/1271
f 1280/1278/1272 1281/1279/1273 1271/1280/1274
f 1282/1281/1275 1242/1242/1236 1283/1282/1276
f 1266/1261/1255 1264/1259/1253 1284/1283/1277
f 1266/1261/1255 1280/1278/1272 1271/1280/1274
f 1275/1271/1265 1285/1284/1278 1264/1259/1253
f 1274/1270/1264 1245/1265/1259 1272/1268/1262
f 1242/1242/1236 1282/1281/1275 1275/1271/1265
f 1284/1283/1277 1280/1278/1272 1266/1261/1255
f 1275/1271/1265 1258/1254/1248 1242/1242/1236
f 1252/1276/1270 1260/1257/1251 1250/1274/1268
f 1268/1263/1257 1245/1265/1259 1246/1267/1261
f 1262/1256/1250 1259/1275/1269 1260/1257/1251
f 1243/1243/1237 1252/1276/1270 1244/1244/1238
f 1283/1282/1276 1268/1263/1257 1246/1267/1261
f 1260/1257/1251 1286/1285/1279 1261/1255/1249
f 1258/1254/1248 1257/1253/1247 1243/1243/1237
f 1260/1257/1251 1259/1275/1269 1250/1274/1268
f 1249/1247/1241 1260/1257/1251 1243/1243/1237
f 1242/1242/1236 1244/1244/1238 1268/1263/1257
f 1257/1253/1247 1249/1247/1241 1243/1243/1237
f 1283/1282/1276 1242/1242/1236 1268/1263/1257
f 1244/1244/1238 1252/1276/1270 1267/1262/1256
f 1249/1247/1241 1248/1246/1240 1286/1285/1279
f 1272/1268/1262 1245/1265/1259 1276/1286/1280
f 1272/1268/1262 1276/1286/1280 1278/1273/1267
f 1278/1273/1267 1276/1286/1280 1287/1287/1281
f 1288/1288/1282 1287/1287/1281 1276/1286/1280
f 1253/1252/1246 1288/1288/1282 1276/1286/1280
f 1247/1245/1239 1251/1248/1242 1289/1289/1283
f 1288/1288/1282 1253/1252/1246 1290/1290/1284
f 1253/1252/1246 1255/1251/1245 1290/1290/1284
f 1257/1253/1247 1251/1248/1242 1249/1247/1241
f 1261/1255/1249 1286/1285/1279 1291/1291/1285
f 1286/1285/1279 1260/1257/1251 1249/1247/1241
f 1258/1254/1248 1263/1258/1252 1251/1248/1242
f 1289/1289/1283 1251/1248/1242 1263/1258/1252
f 1269/1264/1258 1289/1289/1283 1263/1258/1252
f 1253/1252/1246 1276/1286/1280 1245/1265/1259
f 1243/1243/1237 1260/1257/1251 1252/1276/1270
f 1259/1275/1269 1255/1251/1245 1254/1250/1244
f 1255/1251/1245 1259/1275/1269 1292/1292/1286
f 1255/1251/1245 1292/1292/1286 1290/1290/1284
f 1291/1291/1285 1286/1285/1279 1248/1246/1240
f 1262/1256/1250 1292/1292/1286 1259/1275/1269
f 1243/1243/1237 1242/1242/1236 1258/1254/1248
f 1273/1269/1263 1278/1273/1267 1293/1293/1287
f 1261/1255/1249 1291/1291/1285 1279/1277/1271
f 1245/1265/1259 1274/1270/1264 1270/1266/1260
f 1296/1294/1288 1297/1295/1289 1294/1296/1290
f 1298/1297/1291 1300/1298/1292 1294/1296/1290
f 1299/1299/1293 1301/1300/1294 1294/1296/1290
f 1303/1301/1295 1300/1298/1292 1302/1302/1296
f 1294/1296/1290 1300/1298/1292 1295/1303/1297
f 1297/1295/1289 1299/1299/1293 1294/1296/1290
f 1305/1304/1298 1306/1305/1299 1301/1300/1294
f 1301/1300/1294 1298/1297/1291 1294/1296/1290
f 1299/1299/1293 1297/1295/1289 1304/1306/1300
f 1306/1305/1299 1316/1307/1301 1298/1297/1291
f 1310/1308/1302 1311/1309/1303 1312/1310/1304
f 1312/1310/1304 1309/1311/1305 1310/1308/1302
f 1313/1312/1306 1319/1313/1307 1314/1314/1308
f 1299/1299/1293 1315/1315/1309 1301/1300/1294
f 1295/1303/1297 1300/1298/1292 1303/1301/1295
f 1300/1298/1292 1298/1297/1291 1316/1307/1301
f 1301/1300/1294 1315/1315/1309 1305/1304/1298
f 1317/1316/1310 1303/1301/1295 1313/1312/1306
f 1319/1313/1307 1318/1317/1311 1314/1314/1308
f 1294/1296/1290 1295/1303/1297 1296/1294/1288
f 1302/1302/1296 1319/1313/1307 1303/1301/1295
f 1303/1301/1295 1317/1316/1310 1309/1311/1305
f 1302/1302/1296 1300/1298/1292 1307/1318/1312
f 1319/1313/1307 1313/1312/1306 1303/1301/1295
f 1309/1311/1305 1312/1310/1304 1303/1301/1295
f 1312/1310/1304 1320/1319/1313 1303/1301/1295
f 1303/1301/1295 1320/1319/1313 1295/1303/1297
f 1321/1320/1314 1296/1294/1288 1295/1303/1297
f 1295/1303/1297 1320/1319/1313 1321/1320/1314
f 1308/1321/1315 1296/1294/1288 1321/1320/1314
f 1307/1318/1312 1323/1322/1316 1302/1302/1296
f 1325/1323/1317 1324/1324/1318 1326/1325/1319
f 1319/1313/1307 1324/1324/1318 1318/1317/1311
f 1323/1322/1316 1324/1324/1318 1319/1313/1307
f 1316/1307/1301 1323/1322/1316 1307/1318/1312
f 1302/1302/1296 1323/1322/1316 1319/1313/1307
f 1324/1324/1318 1323/1322/1316 1327/1326/1320
f 1324/1324/1318 1325/1323/1317 1318/1317/1311
f 1322/1327/1321 1316/1307/1301 1328/1328/1322
f 1311/1309/1303 1329/1329/1323 1312/1310/1304
f 1330/1330/1324 1329/1329/1323 1331/1331/1325
f 1329/1329/1323 1311/1309/1303 1332/1332/1326
f 1332/1332/1326 1331/1331/1325 1329/1329/1323
f 1329/1329/1323 1320/1319/1313 1312/1310/1304
f 1305/1304/1298 1333/1333/1327 1334/1334/1328
f 1316/1307/1301 1334/1334/1328 1328/1328/1322
f 1316/1307/1301 1307/1318/1312 1300/1298/1292
f 1322/1327/1321 1323/1322/1316 1316/1307/1301
f 1316/1307/1301 1306/1305/1299 1334/1334/1328
f 1334/1334/1328 1306/1305/1299 1305/1304/1298
f 1327/1326/1320 1323/1322/1316 1322/1327/1321
f 1306/1305/1299 1298/1297/1291 1301/1300/1294
f 1337/1335/1329 1338/1336/1330 1339/1337/1331
f 1340/1338/1332 1341/1339/1333 1342/1340/1334
f 1345/1341/1335 1346/1342/1336 1347/1343/1337
f 1344/1344/1338 1348/1345/1339 1343/1346/1340
f 1344/1344/1338 1350/1347/1341 1348/1345/1339
f 1351/1348/1342 1342/1340/1334 1341/1339/1333
f 1352/1349/1343 1343/1346/1340 1348/1345/1339
f 1353/1350/1344 1354/1351/1345 1355/1352/1346
f 1356/1353/1347 1357/1354/1348 1335/1355/1349
f 1351/1348/1342 1341/1339/1333 1358/1356/1350
f 1355/1352/1346 1335/1355/1349 1360/1357/1351
f 1355/1352/1346 1360/1357/1351 1353/1350/1344
f 1348/1345/1339 1350/1347/1341 1359/1358/1352
f 1337/1335/1329 1361/1359/1353 1338/1336/1330
f 1362/1360/1354 1352/1349/1343 1348/1345/1339
f 1345/1341/1335 1347/1343/1337 1363/1361/1355
f 1365/1362/1356 1356/1353/1347 1335/1355/1349
f 1362/1360/1354 1348/1345/1339 1351/1348/1342
f 1337/1335/1329 1365/1362/1356 1336/1363/1357
f 1335/1355/1349 1336/1363/1357 1365/1362/1356
f 1364/1364/1358 1345/1341/1335 1363/1361/1355
f 1340/1338/1332 1342/1340/1334 1366/1365/1359
f 1354/1351/1345 1346/1342/1336 1345/1341/1335
f 1335/1355/1349 1355/1352/1346 1336/1363/1357
f 1366/1365/1359 1342/1340/1334 1367/1366/1360
f 1345/1341/1335 1355/1352/1346 1354/1351/1345
f 1373/1367/1361 1342/1340/1334 1351/1348/1342
f 1351/1348/1342 1348/1345/1339 1359/1358/1352
f 1350/1347/1341 1349/1368/1362 1361/1359/1353
f 1371/1369/1363 1370/1370/1364 1350/1347/1341
f 1361/1359/1353 1372/1371/1365 1371/1369/1363
f 1371/1369/1363 1350/1347/1341 1361/1359/1353
f 1359/1358/1352 1350/1347/1341 1370/1370/1364
f 1351/1348/1342 1359/1358/1352 1373/1367/1361
f 1350/1347/1341 1344/1344/1338 1349/1368/1362
f 1377/1372/1366 1340/1338/1332 1366/1365/1359
f 1368/1373/1367 1342/1340/1334 1373/1367/1361
f 1368/1373/1367 1378/1374/1368 1369/1375/1369
f 1373/1367/1361 1376/1376/1370 1368/1373/1367
f 1367/1366/1360 1369/1375/1369 1379/1377/1371
f 1380/1378/1372 1378/1374/1368 1374/1379/1373
f 1364/1364/1358 1336/1363/1357 1345/1341/1335
f 1338/1336/1330 1361/1359/1353 1349/1368/1362
f 1336/1363/1357 1364/1364/1358 1337/1335/1329
f 1375/1380/1374 1381/1381/1375 1382/1382/1376
f 1376/1376/1370 1374/1379/1373 1368/1373/1367
f 1374/1379/1373 1378/1374/1368 1368/1373/1367
f 1364/1364/1358 1363/1361/1355 1361/1359/1353
f 1364/1364/1358 1361/1359/1353 1337/1335/1329
f 1363/1361/1355 1372/1371/1365 1361/1359/1353
f 1370/1370/1364 1373/1367/1361 1359/1358/1352
f 1373/1367/1361 1370/1370/1364 1376/1376/1370
f 1368/1373/1367 1369/1375/1369 1342/1340/1334
f 1371/1369/1363 1381/1381/1375 1376/1376/1370
f 1381/1381/1375 1374/1379/1373 1376/1376/1370
f 1371/1369/1363 1372/1371/1365 1381/1381/1375
f 1360/1357/1351 1335/1355/1349 1357/1354/1348
f 1371/1369/1363 1376/1376/1370 1370/1370/1364
f 1372/1371/1365 1363/1361/1355 1382/1382/1376
f 1363/1361/1355 1383/1383/1377 1382/1382/1376
f 1383/1383/1377 1363/1361/1355 1347/1343/1337
f 1382/1382/1376 1381/1381/1375 1372/1371/1365
f 1354/1351/1345 1353/1350/1344 1384/1384/35
f 1375/1380/1374 1374/1379/1373 1381/1381/1375
f 1337/1335/1329 1339/1337/1331 1365/1362/1356
f 1336/1363/1357 1355/1352/1346 1345/1341/1335
f 1367/1366/1360 1342/1340/1334 1369/1375/1369
f 1362/1360/1354 1351/1348/1342 1358/1356/1350
f 1385/1385/1378 1386/1386/1379 1387/1387/1380
f 1388/1388/1381 1389/1389/1382 1390/1390/1383
f 1391/1391/1384 1392/1392/1385 1393/1393/1386
f 1396/1394/1387 1397/1395/1388 1398/1396/1389
f 1396/1394/1387 1399/1397/1390 1400/1398/1391
f 1404/1399/1392 1403/1400/1393 1385/1385/1378
f 1402/1401/1394 1400/1398/1391 1399/1397/1390
f 1406/1402/1395 1407/1403/1396 1408/1404/1397
f 1394/1405/1398 1409/1406/1399 1406/1402/1395
f 1410/1407/1400 1411/1408/1401 1412/1409/1402
f 1406/1402/1395 1408/1404/1397 1394/1405/1398
f 1394/1405/1398 1395/1410/1403 1414/1411/1404
f 1415/1412/1405 1416/1413/1406 1417/1414/1407
f 1397/1395/1388 1417/1414/1407 1418/1415/1408
f 1421/1416/1409 1412/1409/1402 1400/1398/1391
f 1417/1414/1407 1422/1417/1410 1415/1412/1405
f 1422/1417/1410 1400/1398/1391 1411/1408/1401
f 1412/1409/1402 1411/1408/1401 1400/1398/1391
f 1424/1418/1411 1425/1419/1412 1419/1420/1413
f 1414/1411/1404 1386/1386/1379 1394/1405/1398
f 1389/1389/1382 1388/1388/1381 1426/1421/1414
f 1413/1422/1415 1401/1423/1416 1402/1401/1394
f 1400/1398/1391 1405/1424/1417 1429/1425/1418
f 1420/1426/1419 1407/1403/1396 1406/1402/1395
f 1423/1427/1420 1397/1395/1388 1418/1415/1408
f 1409/1406/1399 1403/1400/1393 1406/1402/1395
f 1392/1392/1385 1403/1400/1393 1393/1393/1386
f 1415/1412/1405 1411/1408/1401 1431/1428/1421
f 1432/1429/1422 1407/1403/1396 1420/1426/1419
f 1400/1398/1391 1397/1395/1388 1396/1394/1387
f 1414/1411/1404 1433/1430/1423 1434/1431/1424
f 1392/1392/1385 1427/1432/1425 1416/1413/1406
f 1415/1412/1405 1422/1417/1410 1411/1408/1401
f 1433/1430/1423 1414/1411/1404 1430/1433/1426
f 1409/1406/1399 1394/1405/1398 1403/1400/1393
f 1419/1420/1413 1420/1426/1419 1406/1402/1395
f 1392/1392/1385 1419/1420/1413 1406/1402/1395
f 1422/1417/1410 1417/1414/1407 1400/1398/1391
f 1427/1432/1425 1417/1414/1407 1416/1413/1406
f 1419/1420/1413 1392/1392/1385 1416/1413/1406
f 1435/1434/1427 1420/1426/1419 1419/1420/1413
f 1400/1398/1391 1417/1414/1407 1397/1395/1388
f 1419/1420/1413 1425/1419/1412 1435/1434/1427
f 1390/1390/1383 1387/1387/1380 1388/1388/1381
f 1403/1400/1393 1394/1405/1398 1386/1386/1379
f 1410/1407/1400 1431/1428/1421 1411/1408/1401
f 1436/1435/1428 1392/1392/1385 1391/1391/1384
f 1388/1388/1381 1414/1411/1404 1434/1431/1424
f 1406/1402/1395 1403/1400/1393 1392/1392/1385
f 1416/1413/1406 1424/1418/1411 1419/1420/1413
f 1414/1411/1404 1387/1387/1380 1386/1386/1379
f 1386/1386/1379 1385/1385/1378 1403/1400/1393
f 1421/1416/1409 1400/1398/1391 1429/1425/1418
f 1401/1423/1416 1400/1398/1391 1402/1401/1394
f 1400/1398/1391 1401/1423/1416 1405/1424/1417
f 1393/1393/1386 1403/1400/1393 1404/1399/1392
f 1415/1412/1405 1424/1418/1411 1416/1413/1406
f 1417/1414/1407 1427/1432/1425 1428/1436/1429
f 1418/1415/1408 1417/1414/1407 1428/1436/1429
f 1387/1387/1380 1414/1411/1404 1388/1388/1381
f 1392/1392/1385 1436/1435/1428 1427/1432/1425
f 1431/1428/1421 1424/1418/1411 1415/1412/1405
f 1437/1437/1430 1438/1438/1431 1439/1439/1432
f 1440/1440/1433 1438/1438/1431 1441/1441/1434
f 1437/1437/1430 1439/1439/1432 1442/1442/1435
f 1443/1443/1436 1444/1444/1437 1442/1442/1435
f 1445/1445/1438 1446/1446/1439 1447/1447/1440
f 1448/1448/1441 1449/1449/1442 1450/1450/1443
f 1437/1437/1430 1441/1441/1434 1438/1438/1431
f 1442/1442/1435 1444/1444/1437 1452/1451/1444
f 1438/1438/1431 1453/1452/1445 1439/1439/1432
f 1439/1439/1432 1453/1452/1445 1454/1453/1446
f 1438/1438/1431 1440/1440/1433 1453/1452/1445
f 1446/1446/1439 1445/1445/1438 1455/1454/1447
f 1452/1451/1444 1437/1437/1430 1442/1442/1435
f 1456/1455/1448 1448/1448/1441 1450/1450/1443
f 1450/1450/1443 1457/1456/1449 1456/1455/1448
f 1445/1445/1438 1459/1457/1450 1455/1454/1447
f 1437/1437/1430 1452/1451/1444 1460/1458/1451
f 1440/1440/1433 1462/1459/1452 1453/1452/1445
f 1454/1453/1446 1466/1460/1453 1439/1439/1432
f 1453/1452/1445 1462/1459/1452 1461/1461/1454
f 1451/1462/1455 1474/1463/1456 1450/1450/1443
f 1467/1464/1457 1469/1465/1458 1475/1466/1459
f 1462/1459/1452 1476/1467/1460 1472/1468/1461
f 1477/1469/1462 1450/1450/1443 1478/1470/1463
f 1457/1456/1449 1450/1450/1443 1477/1469/1462
f 1479/1471/1464 1451/1462/1455 1471/1472/1465
f 1480/1473/1466 1464/1474/1467 1465/1475/1468
f 1465/1475/1468 1471/1472/1465 1470/1476/1469
f 1470/1476/1469 1471/1472/1465 1450/1450/1443
f 1461/1461/1454 1469/1465/1458 1467/1464/1457
f 1471/1472/1465 1451/1462/1455 1450/1450/1443
f 1450/1450/1443 1449/1449/1442 1470/1476/1469
f 1464/1474/1467 1480/1473/1466 1481/1477/1470
f 1464/1474/1467 1481/1477/1470 1475/1466/1459
f 1482/1478/1471 1459/1457/1450 1483/1479/1472
f 1455/1454/1447 1459/1457/1450 1482/1478/1471
f 1458/1480/1473 1446/1446/1439 1455/1454/1447
f 1484/1481/1474 1447/1447/1440 1446/1446/1439
f 1463/1482/1475 1485/1483/1476 1455/1454/1447
f 1455/1454/1447 1482/1478/1471 1463/1482/1475
f 1479/1471/1464 1471/1472/1465 1472/1468/1461
f 1464/1474/1467 1475/1466/1459 1469/1465/1458
f 1458/1480/1473 1486/1484/1477 1446/1446/1439
f 1446/1446/1439 1460/1458/1451 1484/1481/1474
f 1437/1437/1430 1486/1484/1477 1487/1485/1478
f 1441/1441/1434 1437/1437/1430 1487/1485/1478
f 1486/1484/1477 1437/1437/1430 1460/1458/1451
f 1460/1458/1451 1452/1451/1444 1484/1481/1474
f 1460/1458/1451 1446/1446/1439 1486/1484/1477
f 1461/1461/1454 1467/1464/1457 1468/1486/1479
f 1472/1468/1461 1473/1487/1480 1479/1471/1464
f 1464/1474/1467 1472/1468/1461 1471/1472/1465
f 1449/1449/1442 1488/1488/1481 1470/1476/1469
f 1462/1459/1452 1469/1465/1458 1461/1461/1454
f 1472/1468/1461 1476/1467/1460 1489/1489/1482
f 1453/1452/1445 1461/1461/1454 1454/1453/1446
f 1462/1459/1452 1472/1468/1461 1469/1465/1458
f 1476/1467/1460 1462/1459/1452 1490/1490/1483
f 1465/1475/1468 1464/1474/1467 1471/1472/1465
f 1489/1489/1482 1473/1487/1480 1472/1468/1461
f 1469/1465/1458 1472/1468/1461 1464/1474/1467
f 1478/1470/1463 1450/1450/1443 1474/1463/1456
f 1486/1484/1477 1491/1491/1484 1487/1485/1478
f 1485/1483/1476 1492/1492/1485 1486/1484/1477
f 1493/1493/1486 1462/1459/1452 1440/1440/1433
f 1462/1459/1452 1493/1493/1486 1494/1494/1487
f 1493/1493/1486 1440/1440/1433 1495/1495/1488
f 1462/1459/1452 1494/1494/1487 1490/1490/1483
f 1485/1483/1476 1458/1480/1473 1455/1454/1447
f 1440/1440/1433 1441/1441/1434 1496/1496/1489
f 1486/1484/1477 1458/1480/1473 1485/1483/1476
f 1440/1440/1433 1496/1496/1489 1495/1495/1488
f 1500/1497/1490 1501/1498/1491 1502/1499/1492
f 1503/1500/1493 1504/1501/1494 1505/1502/1495
f 1506/1503/1496 1507/1504/1497 1512/1505/1498
f 1508/1506/1499 1537/1507/1500 1499/1508/1501
f 1510/1509/1502 1511/1510/1503 1512/1505/1498
f 1520/1511/1504 1521/1512/1505 1509/1513/1506
f 1512/1505/1498 1515/1514/1507 1523/1515/1508
f 1508/1506/1499 1499/1508/1501 1519/1516/1509
f 1513/1517/1510 1524/1518/1511 1497/1519/1512
f 1523/1515/1508 1525/1520/1513 1512/1505/1498
f 1526/1521/1514 1527/1522/1515 1537/1507/1500
f 1513/1517/1510 1497/1519/1512 1515/1514/1507
f 1525/1520/1513 1523/1515/1508 1528/1523/1516
f 1515/1514/1507 1497/1519/1512 1523/1515/1508
f 1506/1503/1496 1529/1524/1517 1530/1525/1518
f 1528/1523/1516 1523/1515/1508 1497/1519/1512
f 1531/1526/1519 1525/1520/1513 1528/1523/1516
f 1520/1511/1504 1509/1513/1506 1498/1527/1520
f 1512/1505/1498 1507/1504/1497 1533/1528/1521
f 1519/1516/1509 1499/1508/1501 1518/1529/1522
f 1516/1530/1523 1513/1517/1510 1515/1514/1507
f 1529/1524/1517 1506/1503/1496 1534/1531/1524
f 1521/1512/1505 1518/1529/1522 1509/1513/1506
f 1535/1532/1525 1506/1503/1496 1530/1525/1518
f 1536/1533/1526 1531/1526/1519 1532/1534/1527
f 1531/1526/1519 1536/1533/1526 1506/1503/1496
f 1534/1531/1524 1502/1499/1492 1504/1501/1494
f 1536/1533/1526 1502/1499/1492 1534/1531/1524
f 1498/1527/1520 1537/1507/1500 1532/1534/1527
f 1532/1534/1527 1537/1507/1500 1536/1533/1526
f 1501/1498/1491 1504/1501/1494 1502/1499/1492
f 1538/1535/1528 1536/1533/1526 1537/1507/1500
f 1536/1533/1526 1538/1535/1528 1502/1499/1492
f 1498/1527/1520 1509/1513/1506 1499/1508/1501
f 1533/1528/1521 1539/1536/1529 1512/1505/1498
f 1502/1499/1492 1540/1537/1530 1500/1497/1490
f 1527/1522/1515 1538/1535/1528 1537/1507/1500
f 1518/1529/1522 1541/1538/1531 1517/1539/1532
f 1515/1514/1507 1511/1510/1503 1516/1530/1523
f 1508/1506/1499 1542/1540/1533 1537/1507/1500
f 1531/1526/1519 1506/1503/1496 1525/1520/1513
f 1505/1502/1495 1504/1501/1494 1501/1498/1491
f 1535/1532/1525 1507/1504/1497 1506/1503/1496
f 1512/1505/1498 1525/1520/1513 1506/1503/1496
f 1498/1527/1520 1499/1508/1501 1537/1507/1500
f 1528/1523/1516 1498/1527/1520 1532/1534/1527
f 1497/1519/1512 1520/1511/1504 1498/1527/1520
f 1536/1533/1526 1534/1531/1524 1506/1503/1496
f 1528/1523/1516 1532/1534/1527 1531/1526/1519
f 1520/1511/1504 1522/1541/1534 1521/1512/1505
f 1510/1509/1502 1512/1505/1498 1539/1536/1529
f 1541/1538/1531 1518/1529/1522 1521/1512/1505
f 1537/1507/1500 1542/1540/1533 1526/1521/1514
f 1528/1523/1516 1497/1519/1512 1498/1527/1520
f 1518/1529/1522 1499/1508/1501 1509/1513/1506
f 1514/1542/1535 1513/1517/1510 1516/1530/1523
f 1540/1537/1530 1502/1499/1492 1538/1535/1528
f 1524/1518/1511 1520/1511/1504 1497/1519/1512
f 1512/1505/1498 1511/1510/1503 1515/1514/1507
f 1545/1543/1536 1546/1544/1537 1547/1545/1538
f 1548/1546/1539 1544/1547/1540 1543/1548/1541
f 1550/1549/1542 1544/1547/1540 1548/1546/1539
f 1551/1550/1543 1552/1551/1544 1553/1552/1545
f 1547/1545/1538 1546/1544/1537 1555/1553/1546
f 1554/1554/1547 1546/1544/1537 1545/1543/1536
f 1545/1543/1536 1547/1545/1538 1543/1548/1541
f 1545/1543/1536 1543/1548/1541 1549/1555/1548
f 1544/1547/1540 1549/1555/1548 1543/1548/1541
f 1557/1556/1549 1558/1557/1550 1556/1558/1551
f 1559/1559/1552 1560/1560/1553 1561/1561/1554
f 1562/1562/1555 1556/1558/1551 1559/1559/1552
f 1563/1563/1556 1559/1559/1552 1561/1561/1554
f 1564/1564/1557 1565/1565/1558 1566/1566/1559
f 1557/1556/1549 1556/1558/1551 1567/1567/1560
f 1557/1556/1549 1569/1568/1561 1564/1564/1557
f 1557/1556/1549 1564/1564/1557 1558/1557/1550
f 1556/1558/1551 1568/1569/1562 1567/1567/1560
f 1560/1560/1553 1559/1559/1552 1556/1558/1551
f 1562/1562/1555 1559/1559/1552 1563/1563/1556
f 1566/1566/1559 1558/1557/1550 1564/1564/1557
f 1570/1570/1563 1549/1555/1548 1571/1571/1564
f 1563/1563/1556 1561/1561/1554 1572/1572/1565
f 1573/1573/1566 1572/1572/1565 1574/1574/1567
f 1560/1560/1553 1583/1575/1568 1576/1576/1569
f 1583/1575/1568 1580/1577/1570 1577/1578/1571
f 1586/1579/1572 1580/1577/1570 1587/1580/1573
f 1588/1581/1574 1579/1582/1575 1578/1583/1576
f 1571/1571/1564 1582/1584/1577 1558/1557/1550
f 1577/1578/1571 1580/1577/1570 1589/1585/1578
f 1590/1586/1579 1544/1547/1540 1550/1549/1542
f 1592/1587/1580 1573/1573/1566 1574/1574/1567
f 1594/1588/1581 1570/1570/1563 1571/1571/1564
f 1591/1589/1582 1544/1547/1540 1590/1586/1579
f 1552/1551/1544 1590/1586/1579 1553/1552/1545
f 1595/1590/1583 1592/1587/1580 1574/1574/1567
f 1596/1591/1584 1552/1551/1544 1551/1550/1543
f 1596/1591/1584 1551/1550/1543 1597/1592/1585
f 1582/1584/1577 1575/1593/1586 1593/1594/1587
f 1560/1560/1553 1558/1557/1550 1582/1584/1577
f 1560/1560/1553 1582/1584/1577 1593/1594/1587
f 1585/1595/1588 1591/1589/1582 1590/1586/1579
f 1574/1574/1567 1589/1585/1578 1595/1590/1583
f 1591/1589/1582 1575/1593/1586 1544/1547/1540
f 1595/1590/1583 1589/1585/1578 1598/1596/1589
f 1590/1586/1579 1552/1551/1544 1585/1595/1588
f 1566/1566/1559 1571/1571/1564 1558/1557/1550
f 1553/1552/1545 1590/1586/1579 1550/1549/1542
f 1575/1593/1586 1549/1555/1548 1544/1547/1540
f 1586/1579/1572 1581/1597/1590 1580/1577/1570
f 1560/1560/1553 1556/1558/1551 1558/1557/1550
f 1585/1595/1588 1599/1598/1591 1588/1581/1574
f 1584/1599/1592 1583/1575/1568 1593/1594/1587
f 1577/1578/1571 1576/1576/1569 1583/1575/1568
f 1581/1597/1590 1600/1600/1593 1589/1585/1578
f 1591/1589/1582 1584/1599/1592 1575/1593/1586
f 1552/1551/1544 1599/1598/1591 1585/1595/1588
f 1584/1599/1592 1578/1583/1576 1587/1580/1573
f 1591/1589/1582 1585/1595/1588 1584/1599/1592
f 1588/1581/1574 1578/1583/1576 1585/1595/1588
f 1572/1572/1565 1561/1561/1554 1577/1578/1571
f 1578/1583/1576 1586/1579/1572 1587/1580/1573
f 1599/1598/1591 1552/1551/1544 1596/1591/1584
f 1576/1576/1569 1577/1578/1571 1561/1561/1554
f 1582/1584/1577 1549/1555/1548 1575/1593/1586
f 1560/1560/1553 1576/1576/1569 1561/1561/1554
f 1585/1595/1588 1578/1583/1576 1584/1599/1592
f 1572/1572/1565 1577/1578/1571 1589/1585/1578
f 1600/1600/1593 1598/1596/1589 1589/1585/1578
f 1593/1594/1587 1583/1575/1568 1560/1560/1553
f 1587/1580/1573 1583/1575/1568 1584/1599/1592
f 1581/1597/1590 1589/1585/1578 1580/1577/1570
f 1582/1584/1577 1571/1571/1564 1549/1555/1548
f 1578/1583/1576 1579/1582/1575 1586/1579/1572
f 1584/1599/1592 1593/1594/1587 1575/1593/1586
f 1574/1574/1567 1572/1572/1565 1589/1585/1578
f 1587/1580/1573 1580/1577/1570 1583/1575/1568
f 1601/1601/1594 1602/1602/1595 1603/1603/1596
f 1608/1604/1597 1607/1605/1598 1606/1606/1599
f 1609/1607/1600 1610/1608/1601 1607/1605/1598
f 1615/1609/1602 1613/1610/1603 1614/1611/1604
f 1612/1612/1605 1611/1613/1606 1606/1606/1599
f 1608/1604/1597 1606/1606/1599 1605/1614/1607
f 1618/1615/1608 1615/1609/1602 1614/1611/1604
f 1606/1606/1599 1611/1613/1606 1605/1614/1607
f 1605/1614/1607 1611/1613/1606 1617/1616/1609
f 1619/1617/1610 1617/1616/1609 1611/1613/1606
f 1622/1618/1611 1620/1619/1612 1621/1620/1613
f 1625/1621/1614 1612/1612/1605 1614/1611/1604
f 1613/1610/1603 1625/1621/1614 1614/1611/1604
f 1625/1621/1614 1613/1610/1603 1626/1622/1615
f 1624/1623/1616 1613/1610/1603 1615/1609/1602
f 1627/1624/1617 1622/1618/1611 1628/1625/1618
f 1630/1626/1619 1624/1623/1616 1631/1627/1620
f 1621/1620/1613 1620/1619/1612 1632/1628/1621
f 1633/1629/1622 1630/1626/1619 1634/1630/1623
f 1620/1619/1612 1622/1618/1611 1627/1624/1617
f 1624/1623/1616 1630/1626/1619 1633/1629/1622
f 1635/1631/1624 1628/1625/1618 1623/1632/1625
f 1622/1618/1611 1623/1632/1625 1628/1625/1618
f 1635/1631/1624 1623/1632/1625 1629/1633/1626
f 1629/1633/1626 1636/1634/1627 1635/1631/1624
f 1607/1605/1598 1614/1611/1604 1606/1606/1599
f 1637/1635/1628 1643/1636/1629 1638/1637/1630
f 1614/1611/1604 1612/1612/1605 1606/1606/1599
f 1616/1638/1631 1604/1639/1632 1640/1640/1633
f 1616/1638/1631 1640/1640/1633 1642/1641/1634
f 1637/1635/1628 1640/1640/1633 1643/1636/1629
f 1640/1640/1633 1604/1639/1632 1643/1636/1629
f 1610/1608/1601 1614/1611/1604 1607/1605/1598
f 1614/1611/1604 1610/1608/1601 1618/1615/1608
f 1601/1601/1594 1608/1604/1597 1604/1639/1632
f 1601/1601/1594 1645/1642/1635 1602/1602/1595
f 1604/1639/1632 1646/1643/1636 1601/1601/1594
f 1644/1644/1637 1605/1614/1607 1617/1616/1609
f 1650/1645/1638 1641/1646/1639 1639/1647/1640
f 1646/1643/1636 1647/1648/1641 1645/1642/1635
f 1626/1622/1615 1648/1649/1642 1649/1650/1643
f 1625/1621/1614 1626/1622/1615 1651/1651/1644
f 1652/1652/1645 1641/1646/1639 1649/1650/1643
f 1626/1622/1615 1649/1650/1643 1651/1651/1644
f 1649/1650/1643 1650/1645/1638 1651/1651/1644
f 1643/1636/1629 1604/1639/1632 1644/1644/1637
f 1626/1622/1615 1633/1629/1622 1648/1649/1642
f 1649/1650/1643 1648/1649/1642 1652/1652/1645
f 1651/1651/1644 1611/1613/1606 1625/1621/1614
f 1613/1610/1603 1633/1629/1622 1626/1622/1615
f 1651/1651/1644 1650/1645/1638 1619/1617/1610
f 1654/1653/1646 1641/1646/1639 1652/1652/1645
f 1625/1621/1614 1611/1613/1606 1612/1612/1605
f 1633/1629/1622 1634/1630/1623 1648/1649/1642
f 1647/1648/1641 1635/1631/1624 1645/1642/1635
f 1651/1651/1644 1619/1617/1610 1611/1613/1606
f 1655/1654/1647 1647/1648/1641 1646/1643/1636
f 1619/1617/1610 1650/1645/1638 1639/1647/1640
f 1638/1637/1630 1643/1636/1629 1639/1647/1640
f 1648/1649/1642 1634/1630/1623 1653/1655/1648
f 1646/1643/1636 1656/1656/1649 1655/1654/1647
f 1624/1623/1616 1633/1629/1622 1613/1610/1603
f 1649/1650/1643 1641/1646/1639 1650/1645/1638
f 1616/1638/1631 1646/1643/1636 1604/1639/1632
f 1646/1643/1636 1616/1638/1631 1656/1656/1649
f 1608/1604/1597 1601/1601/1594 1607/1605/1598
f 1638/1637/1630 1639/1647/1640 1654/1653/1646
f 1639/1647/1640 1643/1636/1629 1644/1644/1637
f 1639/1647/1640 1641/1646/1639 1654/1653/1646
f 1604/1639/1632 1605/1614/1607 1644/1644/1637
f 1644/1644/1637 1617/1616/1609 1639/1647/1640
f 1617/1616/1609 1619/1617/1610 1639/1647/1640
f 1636/1634/1627 1645/1642/1635 1635/1631/1624
f 1646/1643/1636 1645/1642/1635 1601/1601/1594
f 1601/1601/1594 1603/1603/1596 1609/1607/1600
f 1636/1634/1627 1602/1602/1595 1645/1642/1635
f 1601/1601/1594 1609/1607/1600 1607/1605/1598
f 1604/1639/1632 1608/1604/1597 1605/1614/1607
f 1660/1657/1650 1661/1658/1651 1662/1659/1652
f 1661/1658/1651 1660/1657/1650 1681/1660/1653
f 1670/1661/1654 1666/1662/1655 1665/1663/1656
f 1666/1662/1655 1671/1664/1657 1657/1665/1658
f 1665/1663/1656 1666/1662/1655 1675/1666/1659
f 1676/1667/1660 1668/1668/1661 1677/1669/1662
f 1678/1670/1663 1677/1669/1662 1679/1671/1664
f 1673/1672/1665 1659/1673/1666 1663/1674/1667
f 1680/1675/1668 1679/1671/1664 1677/1669/1662
f 1663/1674/1667 1680/1675/1668 1668/1668/1661
f 1675/1666/1659 1657/1665/1658 1667/1676/1669
f 1657/1665/1658 1675/1666/1659 1666/1662/1655
f 1660/1657/1650 1672/1677/1670 1681/1660/1653
f 1669/1678/1671 1668/1668/1661 1672/1677/1670
f 1683/1679/1672 1671/1664/1657 1684/1680/1673
f 1681/1660/1653 1668/1668/1661 1676/1667/1660
f 1673/1672/1665 1674/1681/1674 1686/1682/1675
f 1660/1657/1650 1664/1683/1676 1672/1677/1670
f 1691/1684/1677 1665/1663/1656 1692/1685/1678
f 1690/1686/1679 1684/1680/1673 1671/1664/1657
f 1692/1685/1678 1665/1663/1656 1693/1687/1680
f 1694/1688/1681 1695/1689/1682 1673/1672/1665
f 1676/1667/1660 1696/1690/1683 1681/1660/1653
f 1697/1691/1684 1689/1692/1685 1667/1676/1669
f 1690/1686/1679 1671/1664/1657 1666/1662/1655
f 1699/1693/1686 1700/1694/1687 1692/1685/1678
f 1682/1695/1688 1701/1696/1689 1702/1697/1690
f 1702/1697/1690 1661/1658/1651 1682/1695/1688
f 1703/1698/1691 1699/1693/1686 1704/1699/1692
f 1703/1698/1691 1704/1699/1692 1705/1700/1693
f 1675/1666/1659 1688/1701/1694 1693/1687/1680
f 1683/1679/1672 1684/1680/1673 1706/1702/1695
f 1707/1703/1696 1708/1704/1697 1709/1705/1698
f 1671/1664/1657 1683/1679/1672 1658/1706/1699
f 1692/1685/1678 1700/1694/1687 1691/1684/1677
f 1688/1701/1694 1675/1666/1659 1689/1692/1685
f 1686/1682/1675 1674/1681/1674 1710/1707/1700
f 1678/1670/1663 1711/1708/1701 1677/1669/1662
f 1712/1709/1702 1705/1700/1693 1704/1699/1692
f 1708/1704/1697 1701/1696/1689 1682/1695/1688
f 1684/1680/1673 1685/1710/1703 1706/1702/1695
f 1699/1693/1686 1692/1685/1678 1693/1687/1680
f 1667/1676/1669 1689/1692/1685 1675/1666/1659
f 1676/1667/1660 1677/1669/1662 1711/1708/1701
f 1715/1711/1704 1716/1712/1705 1713/1713/1706
f 1713/1713/1706 1714/1714/1707 1685/1710/1703
f 1661/1658/1651 1696/1690/1683 1682/1695/1688
f 1694/1688/1681 1673/1672/1665 1686/1682/1675
f 1719/1715/1708 1659/1673/1666 1718/1716/1709
f 1673/1672/1665 1695/1689/1682 1698/1717/1710
f 1720/1718/1711 1721/1719/1712 1679/1671/1664
f 1722/1720/1713 1723/1721/1714 1678/1670/1663
f 1685/1710/1703 1684/1680/1673 1690/1686/1679
f 1699/1693/1686 1693/1687/1680 1704/1699/1692
f 1719/1715/1708 1670/1661/1654 1680/1675/1668
f 1719/1715/1708 1663/1674/1667 1659/1673/1666
f 1671/1664/1657 1658/1706/1699 1657/1665/1658
f 1723/1721/1714 1711/1708/1701 1678/1670/1663
f 1679/1671/1664 1724/1722/1715 1720/1718/1711
f 1659/1673/1666 1715/1711/1704 1718/1716/1709
f 1670/1661/1654 1685/1710/1703 1690/1686/1679
f 1670/1661/1654 1718/1716/1709 1685/1710/1703
f 1725/1723/1716 1726/1724/1717 1676/1667/1660
f 1726/1724/1717 1696/1690/1683 1676/1667/1660
f 1682/1695/1688 1727/1725/1718 1708/1704/1697
f 1711/1708/1701 1725/1723/1716 1676/1667/1660
f 1728/1726/1719 1673/1672/1665 1698/1717/1710
f 1727/1725/1718 1682/1695/1688 1696/1690/1683
f 1670/1661/1654 1679/1671/1664 1680/1675/1668
f 1673/1672/1665 1663/1674/1667 1674/1681/1674
f 1696/1690/1683 1726/1724/1717 1727/1725/1718
f 1727/1725/1718 1709/1705/1698 1708/1704/1697
f 1693/1687/1680 1688/1701/1694 1704/1699/1692
f 1693/1687/1680 1665/1663/1656 1675/1666/1659
f 1657/1665/1658 1658/1706/1699 1717/1727/1720
f 1687/1728/1721 1710/1707/1700 1674/1681/1674
f 1718/1716/1709 1715/1711/1704 1685/1710/1703
f 1706/1702/1695 1685/1710/1703 1729/1729/1722
f 1661/1658/1651 1702/1697/1690 1662/1659/1652
f 1659/1673/1666 1716/1712/1705 1715/1711/1704
f 1718/1716/1709 1670/1661/1654 1719/1715/1708
f 1663/1674/1667 1719/1715/1708 1680/1675/1668
f 1730/1730/1723 1709/1705/1698 1727/1725/1718
f 1691/1684/1677 1724/1722/1715 1665/1663/1656
f 1678/1670/1663 1721/1719/1712 1722/1720/1713
f 1685/1710/1703 1714/1714/1707 1729/1729/1722
f 1679/1671/1664 1670/1661/1654 1724/1722/1715
f 1681/1660/1653 1696/1690/1683 1661/1658/1651
f 1721/1719/1712 1678/1670/1663 1679/1671/1664
f 1677/1669/1662 1668/1668/1661 1680/1675/1668
f 1713/1713/1706 1685/1710/1703 1715/1711/1704
f 1673/1672/1665 1728/1726/1719 1659/1673/1666
f 1681/1660/1653 1672/1677/1670 1668/1668/1661
f 1663/1674/1667 1668/1668/1661 1669/1678/1671
f 1670/1661/1654 1665/1663/1656 1724/1722/1715
f 1674/1681/1674 1663/1674/1667 1669/1678/1671
f 1659/1673/1666 1728/1726/1719 1716/1712/1705
f 1666/1662/1655 1670/1661/1654 1690/1686/1679
f 1733/1731/1724 1734/1732/1725 1735/1733/1726
f 1736/1734/1727 1737/1735/1728 1732/1736/1729
f 1731/1737/1730 1735/1733/1726 1738/1738/1731
f 1741/1739/1732 1732/1736/1729 1742/1740/1733
f 1744/1741/1734 1731/1737/1730 1732/1736/1729
f 1745/1742/1735 1746/1743/1736 1743/1744/1737
f 1734/1732/1725 1733/1731/1724 1747/1745/1738
f 1737/1735/1728 1748/1746/1739 1732/1736/1729
f 1749/1747/1740 1736/1734/1727 1746/1743/1736
f 1737/1735/1728 1736/1734/1727 1749/1747/1740
f 1752/1748/1741 1753/1749/1742 1754/1750/1743
f 1747/1745/1738 1740/1751/1744 1765/1752/1745
f 1743/1744/1737 1759/1753/1746 1745/1742/1735
f 1745/1742/1735 1759/1753/1746 1760/1754/1747
f 1761/1755/1748 1747/1745/1738 1762/1756/1749
f 1740/1751/1744 1750/1757/1750 1758/1758/1751
f 1763/1759/1752 1757/1760/1753 1756/1761/1754
f 1758/1758/1751 1757/1760/1753 1766/1762/1755
f 1738/1738/1731 1735/1733/1726 1743/1744/1737
f 1767/1763/1756 1733/1731/1724 1768/1764/1757
f 1756/1761/1754 1753/1749/1742 1752/1748/1741
f 1735/1733/1726 1731/1737/1730 1768/1764/1757
f 1764/1765/1758 1743/1744/1737 1734/1732/1725
f 1763/1759/1752 1770/1766/1759 1771/1767/1760
f 1770/1766/1759 1763/1759/1752 1756/1761/1754
f 1733/1731/1724 1735/1733/1726 1768/1764/1757
f 1769/1768/1761 1740/1751/1744 1761/1755/1748
f 1764/1765/1758 1766/1762/1755 1772/1769/1762
f 1764/1765/1758 1734/1732/1725 1765/1752/1745
f 1766/1762/1755 1757/1760/1753 1773/1770/1763
f 1774/1771/1764 1760/1754/1747 1775/1772/1765
f 1765/1752/1745 1766/1762/1755 1764/1765/1758
f 1774/1771/1764 1745/1742/1735 1760/1754/1747
f 1747/1745/1738 1733/1731/1724 1762/1756/1749
f 1738/1738/1731 1746/1743/1736 1736/1734/1727
f 1756/1761/1754 1752/1748/1741 1770/1766/1759
f 1738/1738/1731 1743/1744/1737 1746/1743/1736
f 1744/1741/1734 1732/1736/1729 1741/1739/1732
f 1744/1741/1734 1777/1773/1766 1731/1737/1730
f 1758/1758/1751 1750/1757/1750 1757/1760/1753
f 1736/1734/1727 1732/1736/1729 1738/1738/1731
f 1731/1737/1730 1738/1738/1731 1732/1736/1729
f 1778/1774/1767 1741/1739/1732 1742/1740/1733
f 1739/1775/1768 1742/1740/1733 1732/1736/1729
f 1732/1736/1729 1748/1746/1739 1739/1775/1768
f 1779/1776/1769 1780/1777/1770 1781/1778/1771
f 1782/1779/1772 1783/1780/1773 1763/1759/1752
f 1756/1761/1754 1757/1760/1753 1750/1757/1750
f 1743/1744/1737 1735/1733/1726 1734/1732/1725
f 1740/1751/1744 1747/1745/1738 1761/1755/1748
f 1776/1781/1774 1731/1737/1730 1777/1773/1766
f 1776/1781/1774 1768/1764/1757 1731/1737/1730
f 1755/1782/1775 1749/1747/1740 1746/1743/1736
f 1763/1759/1752 1783/1780/1773 1757/1760/1753
f 1782/1779/1772 1763/1759/1752 1771/1767/1760
f 1740/1751/1744 1766/1762/1755 1765/1752/1745
f 1746/1743/1736 1745/1742/1735 1774/1771/1764
f 1772/1769/1762 1784/1783/1776 1785/1784/1777
f 1784/1783/1776 1786/1785/1778 1785/1784/1777
f 1760/1754/1747 1772/1769/1762 1785/1784/1777
f 1760/1754/1747 1788/1786/1779 1775/1772/1765
f 1785/1784/1777 1788/1786/1779 1760/1754/1747
f 1781/1778/1771 1740/1751/1744 1769/1768/1761
f 1787/1787/1780 1772/1769/1762 1773/1770/1763
f 1746/1743/1736 1774/1771/1764 1789/1788/1781
f 1772/1769/1762 1787/1787/1780 1784/1783/1776
f 1750/1757/1750 1751/1789/1782 1780/1777/1770
f 1780/1777/1770 1753/1749/1742 1750/1757/1750
f 1753/1749/1742 1756/1761/1754 1750/1757/1750
f 1781/1778/1771 1751/1789/1782 1740/1751/1744
f 1755/1782/1775 1746/1743/1736 1789/1788/1781
f 1772/1769/1762 1760/1754/1747 1759/1753/1746
f 1740/1751/1744 1758/1758/1751 1766/1762/1755
f 1766/1762/1755 1773/1770/1763 1772/1769/1762
f 1759/1753/1746 1764/1765/1758 1772/1769/1762
f 1764/1765/1758 1759/1753/1746 1743/1744/1737
f 1790/1790/1783 1753/1749/1742 1780/1777/1770
f 1787/1787/1780 1791/1791/1784 1792/1792/1785
f 1781/1778/1771 1780/1777/1770 1751/1789/1782
f 1765/1752/1745 1734/1732/1725 1747/1745/1738
f 1784/1783/1776 1787/1787/1780 1792/1792/1785
f 1783/1780/1773 1773/1770/1763 1757/1760/1753
f 1782/1779/1772 1791/1791/1784 1783/1780/1773
f 1787/1787/1780 1773/1770/1763 1783/1780/1773
f 1751/1789/1782 1750/1757/1750 1740/1751/1744
f 1783/1780/1773 1791/1791/1784 1787/1787/1780
f 1753/1749/1742 1790/1790/1783 1754/1750/1743
f 1795/1793/1786 1794/1794/1787 1793/1795/1788
f 1798/1796/1789 1796/1797/1790 1797/1798/1791
f 1799/1799/1792 1800/1800/1793 1810/1801/1794
f 1798/1796/1789 1793/1795/1788 1796/1797/1790
f 1797/1798/1791 1796/1797/1790 1801/1802/1795
f 1804/1803/1796 1801/1802/1795 1796/1797/1790
f 1805/1804/1797 1804/1803/1796 1796/1797/1790
f 1807/1805/1798 1808/1806/1799 1809/1807/1800
f 1810/1801/1794 1811/1808/1801 1812/1809/1802
f 1813/1810/1803 1814/1811/1804 1815/1812/1805
f 1815/1812/1805 1814/1811/1804 1812/1809/1802
f 1816/1813/1806 1793/1795/1788 1794/1794/1787
f 1817/1814/1807 1808/1806/1799 1801/1802/1795
f 1808/1806/1799 1797/1798/1791 1801/1802/1795
f 1815/1812/1805 1812/1809/1802 1811/1808/1801
f 1822/1815/1808 1813/1810/1803 1815/1812/1805
f 1799/1799/1792 1810/1801/1794 1823/1816/1809
f 1793/1795/1788 1820/1817/1810 1795/1793/1786
f 1796/1797/1790 1793/1795/1788 1810/1801/1794
f 1796/1797/1790 1800/1800/1793 1805/1804/1797
f 1793/1795/1788 1816/1813/1806 1810/1801/1794
f 1810/1801/1794 1800/1800/1793 1796/1797/1790
f 1824/1818/1811 1820/1817/1810 1825/1819/1812
f 1811/1808/1801 1816/1813/1806 1826/1820/1813
f 1827/1821/1814 1822/1815/1808 1815/1812/1805
f 1828/1822/1815 1806/1823/1816 1818/1824/1817
f 1811/1808/1801 1826/1820/1813 1815/1812/1805
f 1830/1825/1818 1831/1826/1819 1832/1827/1820
f 1825/1819/1812 1820/1817/1810 1821/1828/1821
f 1833/1829/1822 1815/1812/1805 1826/1820/1813
f 1802/1830/1823 1803/1831/1824 1834/1832/1825
f 1795/1793/1786 1820/1817/1810 1832/1827/1820
f 1827/1821/1814 1815/1812/1805 1838/1833/1826
f 1840/1834/1827 1829/1835/1828 1841/1836/1829
f 1832/1827/1820 1824/1818/1811 1830/1825/1818
f 1793/1795/1788 1798/1796/1789 1842/1837/1830
f 1819/1838/1831 1826/1820/1813 1795/1793/1786
f 1832/1827/1820 1820/1817/1810 1824/1818/1811
f 1816/1813/1806 1794/1794/1787 1826/1820/1813
f 1844/1839/1832 1845/1840/1833 1836/1841/1834
f 1833/1829/1822 1826/1820/1813 1829/1835/1828
f 1845/1840/1833 1835/1842/1835 1836/1841/1834
f 1844/1839/1832 1836/1841/1834 1846/1843/1836
f 1846/1843/1836 1836/1841/1834 1837/1844/1837
f 1837/1844/1837 1836/1841/1834 1829/1835/1828
f 1832/1827/1820 1831/1826/1819 1819/1838/1831
f 1803/1831/1824 1847/1845/1838 1848/1846/1839
f 1815/1812/1805 1833/1829/1822 1838/1833/1826
f 1829/1835/1828 1819/1838/1831 1818/1824/1817
f 1837/1844/1837 1834/1832/1825 1846/1843/1836
f 1841/1836/1829 1829/1835/1828 1836/1841/1834
f 1838/1833/1826 1833/1829/1822 1849/1847/1840
f 1818/1824/1817 1837/1844/1837 1829/1835/1828
f 1802/1830/1823 1837/1844/1837 1806/1823/1816
f 1811/1808/1801 1810/1801/1794 1816/1813/1806
f 1831/1826/1819 1830/1825/1818 1839/1848/1841
f 1795/1793/1786 1832/1827/1820 1819/1838/1831
f 1839/1848/1841 1818/1824/1817 1831/1826/1819
f 1803/1831/1824 1802/1830/1823 1847/1845/1838
f 1806/1823/1816 1837/1844/1837 1818/1824/1817
f 1829/1835/1828 1840/1834/1827 1843/1849/1842
f 1797/1798/1791 1808/1806/1799 1807/1805/1798
f 1843/1849/1842 1833/1829/1822 1829/1835/1828
f 1826/1820/1813 1819/1838/1831 1829/1835/1828
f 1820/1817/1810 1850/1850/1843 1821/1828/1821
f 1831/1826/1819 1818/1824/1817 1819/1838/1831
f 1828/1822/1815 1818/1824/1817 1839/1848/1841
f 1850/1850/1843 1820/1817/1810 1842/1837/1830
f 1793/1795/1788 1842/1837/1830 1820/1817/1810
f 1794/1794/1787 1795/1793/1786 1826/1820/1813
f 1834/1832/1825 1837/1844/1837 1802/1830/1823
f 1851/1851/1844 1852/1852/1845 1853/1853/1846
f 1856/1854/1847 1857/1855/1848 1855/1856/1849
f 1859/1857/1850 1858/1858/1851 1860/1859/1852
f 1868/1860/1853 1861/1861/1854 1862/1862/1855
f 1876/1863/1856 1859/1857/1850 1864/1864/1857
f 1851/1851/1844 1872/1865/1858 1852/1852/1845
f 1851/1851/1844 1856/1854/1847 1872/1865/1858
f 1856/1854/1847 1855/1856/1849 1872/1865/1858
f 1872/1865/1858 1873/1866/1859 1852/1852/1845
f 1867/1867/1860 1868/1860/1853 1872/1865/1858
f 1858/1858/1851 1879/1868/1861 1863/1869/1862
f 1867/1867/1860 1881/1870/1863 1882/1871/1864
f 1858/1858/1851 1859/1857/1850 1876/1863/1856
f 1884/1872/1865 1896/1873/1866 1885/1874/1867
f 1868/1860/1853 1869/1875/1868 1874/1876/1869
f 1882/1871/1864 1858/1858/1851 1876/1863/1856
f 1854/1877/1870 1855/1856/1849 1886/1878/1871
f 1855/1856/1849 1887/1879/1872 1888/1880/1873
f 1854/1877/1870 1889/1881/1874 1890/1882/1875
f 1855/1856/1849 1888/1880/1873 1886/1878/1871
f 1879/1868/1861 1858/1858/1851 1881/1870/1863
f 1854/1877/1870 1886/1878/1871 1889/1881/1874
f 1877/1883/1876 1892/1884/1877 1879/1868/1861
f 1876/1863/1856 1864/1864/1857 1861/1861/1854
f 1890/1882/1875 1889/1881/1874 1893/1885/1878
f 1894/1886/1879 1863/1869/1862 1875/1887/1880
f 1876/1863/1856 1868/1860/1853 1882/1871/1864
f 1892/1884/1877 1895/1888/1881 1879/1868/1861
f 1855/1856/1849 1857/1855/1848 1887/1879/1872
f 1875/1887/1880 1879/1868/1861 1865/1889/1882
f 1880/1890/1883 1875/1887/1880 1865/1889/1882
f 1882/1871/1864 1881/1870/1863 1858/1858/1851
f 1895/1888/1881 1866/1891/1884 1865/1889/1882
f 1865/1889/1882 1879/1868/1861 1895/1888/1881
f 1898/1892/1885 1892/1884/1877 1877/1883/1876
f 1885/1874/1867 1897/1893/1886 1884/1872/1865
f 1867/1867/1860 1871/1894/1887 1878/1895/1888
f 1899/1896/1889 1870/1897/1890 1871/1894/1887
f 1855/1856/1849 1854/1877/1870 1872/1865/1858
f 1854/1877/1870 1890/1882/1875 1867/1867/1860
f 1863/1869/1862 1885/1874/1867 1896/1873/1866
f 1863/1869/1862 1900/1898/1891 1885/1874/1867
f 1890/1882/1875 1891/1899/1892 1867/1867/1860
f 1867/1867/1860 1891/1899/1892 1871/1894/1887
f 1885/1874/1867 1901/1900/1893 1897/1893/1886
f 1878/1895/1888 1881/1870/1863 1867/1867/1860
f 1863/1869/1862 1896/1873/1866 1858/1858/1851
f 1878/1895/1888 1871/1894/1887 1902/1901/1894
f 1872/1865/1858 1854/1877/1870 1867/1867/1860
f 1900/1898/1891 1863/1869/1862 1894/1886/1879
f 1882/1871/1864 1868/1860/1853 1867/1867/1860
f 1878/1895/1888 1903/1902/1895 1904/1903/1896
f 1878/1895/1888 1904/1903/1896 1877/1883/1876
f 1872/1865/1858 1868/1860/1853 1873/1866/1859
f 1878/1895/1888 1879/1868/1861 1881/1870/1863
f 1899/1896/1889 1891/1899/1892 1905/1904/1897
f 1879/1868/1861 1875/1887/1880 1863/1869/1862
f 1868/1860/1853 1862/1862/1855 1869/1875/1868
f 1902/1901/1894 1903/1902/1895 1878/1895/1888
f 1860/1859/1852 1858/1858/1851 1896/1873/1866
f 1877/1883/1876 1879/1868/1861 1878/1895/1888
f 1861/1861/1854 1868/1860/1853 1876/1863/1856
f 1899/1896/1889 1871/1894/1887 1891/1899/1892
f 1868/1860/1853 1874/1876/1869 1873/1866/1859
f 1883/1905/1898 1853/1853/1846 1852/1852/1845
f 1906/1906/1899 1907/1907/1900 1908/1908/1901
f 1906/1906/1899 1911/1909/1902 1910/1910/1903
f 1910/1910/1903 1909/1911/1904 1912/1912/1905
f 1911/1909/1902 1906/1906/1899 1908/1908/1901
f 1915/1913/1906 1916/1914/1907 1917/1915/1908
f 1916/1914/1907 1915/1913/1906 1918/1916/1909
f 1921/1917/1910 1923/1918/1911 1922/1919/1912
f 1924/1920/1913 1913/1921/1914 1917/1915/1908
f 1922/1919/1912 1926/1922/1915 1919/1923/1916
f 1913/1921/1914 1909/1911/1904 1911/1909/1902
f 1916/1914/1907 1924/1920/1913 1917/1915/1908
f 1928/1924/1917 1919/1923/1916 1926/1922/1915
f 1926/1922/1915 1922/1919/1912 1927/1925/1918
f 1925/1926/1919 1922/1919/1912 1923/1918/1911
f 1933/1927/1920 1924/1920/1913 1934/1928/1921
f 1913/1921/1914 1933/1927/1920 1909/1911/1904
f 1920/1929/1922 1935/1930/1923 1932/1931/1924
f 1920/1929/1922 1929/1932/1925 1935/1930/1923
f 1933/1927/1920 1930/1933/1926 1914/1934/1927
f 1938/1935/1928 1936/1936/1929 1939/1937/1930
f 1936/1936/1929 1940/1938/1931 1941/1939/1932
f 1942/1940/1933 1943/1941/1934 1932/1931/1924
f 1945/1942/1935 1932/1931/1924 1946/1943/1936
f 1933/1927/1920 1914/1934/1927 1909/1911/1904
f 1932/1931/1924 1939/1937/1930 1941/1939/1932
f 1919/1923/1916 1928/1924/1917 1920/1929/1922
f 1944/1944/1937 1948/1945/1938 1924/1920/1913
f 1932/1931/1924 1935/1930/1923 1942/1940/1933
f 1943/1941/1934 1949/1946/1939 1931/1947/1940
f 1917/1915/1908 1913/1921/1914 1950/1948/1941
f 1924/1920/1913 1948/1945/1938 1934/1928/1921
f 1924/1920/1913 1933/1927/1920 1913/1921/1914
f 1908/1908/1901 1913/1921/1914 1911/1909/1902
f 1941/1939/1932 1939/1937/1930 1936/1936/1929
f 1952/1949/1942 1907/1907/1900 1906/1906/1899
f 1945/1942/1935 1951/1950/1943 1958/1951/1944
f 1913/1921/1914 1908/1908/1901 1950/1948/1941
f 1911/1909/1902 1909/1911/1904 1910/1910/1903
f 1910/1910/1903 1953/1952/1945 1906/1906/1899
f 1945/1942/1935 1946/1943/1936 1951/1950/1943
f 1920/1929/1922 1932/1931/1924 1945/1942/1935
f 1919/1923/1916 1920/1929/1922 1945/1942/1935
f 1922/1919/1912 1919/1923/1916 1956/1953/1946
f 1924/1920/1913 1916/1914/1907 1944/1944/1937
f 1931/1947/1940 1932/1931/1924 1943/1941/1934
f 1931/1947/1940 1939/1937/1930 1932/1931/1924
f 1914/1934/1927 1912/1912/1905 1909/1911/1904
f 1953/1952/1945 1947/1954/1947 1940/1938/1931
f 1951/1950/1943 1910/1910/1903 1912/1912/1905
f 1940/1938/1931 1947/1954/1947 1941/1939/1932
f 1955/1955/1948 1959/1956/1949 1956/1953/1946
f 1960/1957/1950 1922/1919/1912 1956/1953/1946
f 1951/1950/1943 1912/1912/1905 1958/1951/1944
f 1910/1910/1903 1947/1954/1947 1953/1952/1945
f 1961/1958/1951 1914/1934/1927 1930/1933/1926
f 1949/1946/1939 1939/1937/1930 1931/1947/1940
f 1946/1943/1936 1910/1910/1903 1951/1950/1943
f 1921/1917/1910 1922/1919/1912 1960/1957/1950
f 1932/1931/1924 1941/1939/1932 1946/1943/1936
f 1914/1934/1927 1958/1951/1944 1912/1912/1905
f 1938/1935/1928 1937/1959/1952 1936/1936/1929
f 1947/1954/1947 1910/1910/1903 1946/1943/1936
f 1954/1960/1953 1955/1955/1948 1914/1934/1927
f 1954/1960/1953 1961/1958/1951 1957/1961/1954
f 1914/1934/1927 1961/1958/1951 1954/1960/1953
f 1956/1953/1946 1919/1923/1916 1945/1942/1935
f 1955/1955/1948 1958/1951/1944 1914/1934/1927
f 1955/1955/1948 1956/1953/1946 1958/1951/1944
f 1962/1962/1955 1955/1955/1948 1954/1960/1953
f 1956/1953/1946 1945/1942/1935 1958/1951/1944
f 1946/1943/1936 1941/1939/1932 1947/1954/1947
f 1963/1963/1956 1964/1964/1957 1965/1965/1958
f 1966/1966/1959 1965/1965/1958 1967/1967/1960
f 1968/1968/1961 1969/1969/1962 1970/1970/1963
f 1972/1971/1964 1973/1972/1965 1974/1973/1966
f 1963/1963/1956 1971/1974/1967 1974/1973/1966
f 1977/1975/1968 1978/1976/1969 1979/1977/1970
f 1980/1978/1971 1981/1979/1972 1982/1980/1973
f 1983/1981/1974 1984/1982/1975 1985/1983/1976
f 1986/1984/1977 1964/1964/1957 1963/1963/1956
f 1987/1985/1978 1972/1971/1964 1988/1986/1979
f 1986/1984/1977 1989/1987/1980 1964/1964/1957
f 1990/1988/1981 1981/1979/1972 1980/1978/1971
f 1975/1989/1982 1968/1968/1961 1970/1970/1963
f 1991/1990/1983 1985/1983/1976 1993/1991/1984
f 1986/1984/1977 1963/1963/1956 1990/1988/1981
f 1970/1970/1963 1995/1992/1985 1984/1982/1975
f 1996/1993/1986 1989/1987/1980 1986/1984/1977
f 1997/1994/1987 1988/1986/1979 1975/1989/1982
f 1983/1981/1974 1998/1995/1988 1987/1985/1978
f 1985/1983/1976 1998/1995/1988 1983/1981/1974
f 1995/1992/1985 1993/1991/1984 1992/1996/1989
f 1995/1992/1985 1999/1997/1990 2000/1998/1991
f 1985/1983/1976 1995/1992/1985 1992/1996/1989
f 1967/1967/1960 1965/1965/1958 1964/1964/1957
f 1998/1995/1988 2003/1999/1992 2001/2000/1993
f 2004/2001/1994 2005/2002/1995 2006/2003/1996
f 1999/1997/1990 1995/1992/1985 1970/1970/1963
f 2003/1999/1992 1998/1995/1988 1991/1990/1983
f 1971/1974/1967 1977/1975/1968 1979/1977/1970
f 1974/1973/1966 1971/1974/1967 1979/1977/1970
f 1974/1973/1966 1979/1977/1970 1972/1971/1964
f 2003/1999/1992 2002/2004/1997 2007/2005/1998
f 1985/1983/1976 1991/1990/1983 1998/1995/1988
f 1985/1983/1976 1992/1996/1989 1993/1991/1984
f 2008/2006/1999 1976/2007/2000 1978/1976/1969
f 2002/2004/1997 2003/1999/1992 1991/1990/1983
f 1976/2007/2000 2008/2006/1999 2009/2008/2001
f 1979/1977/1970 1976/2007/2000 1972/1971/1964
f 1984/1982/1975 1995/1992/1985 1985/1983/1976
f 1965/1965/1958 1971/1974/1967 1963/1963/1956
f 1990/1988/1981 1974/1973/1966 1981/1979/1972
f 1974/1973/1966 1990/1988/1981 1963/1963/1956
f 1976/2007/2000 1988/1986/1979 1972/1971/1964
f 1973/1972/1965 1981/1979/1972 1974/1973/1966
f 2011/2009/2002 1987/1985/1978 1988/1986/1979
f 1990/1988/1981 1980/1978/1971 1986/1984/1977
f 2012/2010/2003 1986/1984/1977 2010/2011/2004
f 2007/2005/1998 1981/1979/1972 1973/1972/1965
f 2007/2005/1998 2001/2000/1993 2003/1999/1992
f 1977/1975/1968 2014/2012/2005 1978/1976/1969
f 2011/2009/2002 1997/1994/1987 1984/1982/1975
f 2011/2009/2002 1984/1982/1975 1983/1981/1974
f 1986/1984/1977 1980/1978/1971 2010/2011/2004
f 1987/1985/1978 2011/2009/2002 1983/1981/1974
f 2014/2012/2005 1977/1975/1968 1971/1974/1967
f 1980/1978/1971 1982/1980/1973 2010/2011/2004
f 1975/1989/1982 1988/1986/1979 1976/2007/2000
f 2001/2000/1993 2007/2005/1998 1972/1971/1964
f 1999/1997/1990 1970/1970/1963 1969/1969/1962
f 2004/2001/1994 2015/2013/2006 2016/2014/2007
f 2004/2001/1994 2017/2015/2008 2018/2016/2009
f 1981/1979/1972 2019/2017/2010 1982/1980/1973
f 2015/2013/2006 2018/2016/2009 2020/2018/2011
f 2015/2013/2006 2004/2001/1994 2018/2016/2009
f 1991/1990/1983 1993/1991/1984 2021/2019/2012
f 2019/2017/2010 2018/2016/2009 2017/2015/2008
f 1994/2020/2013 2007/2005/1998 2013/2021/2014
f 1982/1980/1973 2019/2017/2010 2006/2003/1996
f 2018/2016/2009 2022/2022/2015 2020/2018/2011
f 2009/2008/2001 1968/1968/1961 1975/1989/1982
f 2021/2019/2012 2002/2004/1997 1991/1990/1983
f 2023/2023/2016 2022/2022/2015 2013/2021/2014
f 2013/2021/2014 2007/2005/1998 2023/2023/2016
f 1970/1970/1963 1997/1994/1987 1975/1989/1982
f 1994/2020/2013 2013/2021/2014 2019/2017/2010
f 2013/2021/2014 2018/2016/2009 2019/2017/2010
f 2017/2015/2008 2006/2003/1996 2019/2017/2010
f 1981/1979/1972 2007/2005/1998 1994/2020/2013
f 1976/2007/2000 2009/2008/2001 1975/1989/1982
f 1984/1982/1975 1997/1994/1987 1970/1970/1963
f 2007/2005/1998 2002/2004/1997 2023/2023/2016
f 2018/2016/2009 2013/2021/2014 2022/2022/2015
f 2006/2003/1996 2017/2015/2008 2004/2001/1994
f 2011/2009/2002 1988/1986/1979 1997/1994/1987
f 2019/2017/2010 1981/1979/1972 1994/2020/2013
f 2002/2004/1997 2021/2019/2012 2023/2023/2016
f 2020/2018/2011 2022/2022/2015 2023/2023/2016
f 1987/1985/1978 2001/2000/1993 1972/1971/1964
f 1979/1977/1970 1978/1976/1969 1976/2007/2000
f 2007/2005/1998 1973/1972/1965 1972/1971/1964
f 1978/1976/1969 2014/2012/2005 2008/2006/1999
f 2001/2000/1993 1987/1985/1978 1998/1995/1988
f 1996/1993/1986 1986/1984/1977 2012/2010/2003
f 2026/2024/2017 2027/2025/2018 2037/2026/2019
f 2028/2027/2020 2029/2028/2021 2030/2029/2022
f 2031/2030/2023 2032/2031/2024 2033/2032/2025
f 2034/2033/2026 2035/2034/2027 2036/2035/2028
f 2039/2036/2029 2077/2037/2030 2040/2038/2031
f 2041/2039/2032 2036/2035/2028 2035/2034/2027
f 2042/2040/2033 2043/2041/2034 2076/2042/2035
f 2045/2043/2036 2040/2038/2031 2046/2044/2037
f 2047/2045/2038 2030/2029/2022 2044/2046/2039
f 2051/2047/2040 2053/2048/2041 2054/2049/2042
f 2055/2050/2043 2050/2051/2044 2056/2052/2045
f 2057/2053/2046 2030/2029/2022 2047/2045/2038
f 2048/2054/2047 2035/2034/2027 2044/2046/2039
f 2041/2039/2032 2035/2034/2027 2058/2055/2048
f 2046/2044/2037 2059/2056/2049 2044/2046/2039
f 2050/2051/2044 2060/2057/2050 2032/2031/2024
f 2035/2034/2027 2048/2054/2047 2062/2058/2051
f 2065/2059/2052 2047/2045/2038 2051/2047/2040
f 2068/2060/2053 2042/2040/2033 2063/2061/2054
f 2038/2062/2055 2037/2026/2019 2070/2063/2056
f 2037/2026/2019 2066/2064/2057 2067/2065/2058
f 2027/2025/2018 2026/2024/2017 2072/2066/2059
f 2050/2051/2044 2061/2067/2060 2056/2052/2045
f 2049/2068/2061 2048/2054/2047 2044/2046/2039
f 2053/2048/2041 2075/2069/2062 2054/2049/2042
f 2066/2064/2057 2037/2026/2019 2027/2025/2018
f 2077/2037/2030 2068/2060/2053 2059/2056/2049
f 2064/2070/2063 2069/2071/2064 2071/2072/2065
f 2029/2028/2021 2078/2073/2066 2046/2044/2037
f 2026/2024/2017 2076/2042/2035 2073/2074/2067
f 2050/2051/2044 2038/2062/2055 2060/2057/2050
f 2040/2038/2031 2059/2056/2049 2046/2044/2037
f 2037/2026/2019 2038/2062/2055 2050/2051/2044
f 2079/2075/2068 2080/2076/2069 2081/2077/2070
f 2035/2034/2027 2052/2078/2071 2058/2055/2048
f 2026/2024/2017 2063/2061/2054 2076/2042/2035
f 2039/2036/2029 2082/2079/2072 2077/2037/2030
f 2083/2080/2073 2043/2041/2034 2077/2037/2030
f 2047/2045/2038 2035/2034/2027 2034/2033/2026
f 2026/2024/2017 2069/2071/2064 2074/2081/2074
f 2047/2045/2038 2065/2059/2052 2057/2053/2046
f 2051/2047/2040 2047/2045/2038 2034/2033/2026
f 2057/2053/2046 2065/2059/2052 2084/2082/2075
f 2072/2066/2059 2026/2024/2017 2073/2074/2067
f 2085/2083/2076 2086/2084/2077 2056/2052/2045
f 2026/2024/2017 2037/2026/2019 2069/2071/2064
f 2062/2058/2051 2074/2081/2074 2069/2071/2064
f 2037/2026/2019 2050/2051/2044 2069/2071/2064
f 2040/2038/2031 2077/2037/2030 2059/2056/2049
f 2068/2060/2053 2077/2037/2030 2043/2041/2034
f 2067/2065/2058 2070/2063/2056 2037/2026/2019
f 2068/2060/2053 2043/2041/2034 2042/2040/2033
f 2063/2061/2054 2042/2040/2033 2076/2042/2035
f 2055/2050/2043 2056/2052/2045 2086/2084/2077
f 2069/2071/2064 2050/2051/2044 2055/2050/2043
f 2034/2033/2026 2088/2085/2078 2051/2047/2040
f 2082/2079/2072 2083/2080/2073 2077/2037/2030
f 2089/2086/2079 2075/2069/2062 2053/2048/2041
f 2055/2050/2043 2071/2072/2065 2069/2071/2064
f 2035/2034/2027 2064/2070/2063 2052/2078/2071
f 2024/2087/2080 2081/2077/2070 2061/2067/2060
f 2056/2052/2045 2061/2067/2060 2085/2083/2076
f 2064/2070/2063 2035/2034/2027 2062/2058/2051
f 2032/2031/2024 2031/2030/2023 2061/2067/2060
f 2059/2056/2049 2068/2060/2053 2049/2068/2061
f 2044/2046/2039 2030/2029/2022 2029/2028/2021
f 2064/2070/2063 2062/2058/2051 2069/2071/2064
f 2049/2068/2061 2044/2046/2039 2059/2056/2049
f 2032/2031/2024 2061/2067/2060 2050/2051/2044
f 2029/2028/2021 2046/2044/2037 2044/2046/2039
f 2024/2087/2080 2061/2067/2060 2031/2030/2023
f 2047/2045/2038 2044/2046/2039 2035/2034/2027
f 2073/2074/2067 2076/2042/2035 2087/2088/2081
f 2065/2059/2052 2051/2047/2040 2054/2049/2042
f 2025/2089/2082 2081/2077/2070 2024/2087/2080
f 2081/2077/2070 2080/2076/2069 2061/2067/2060
f 2080/2076/2069 2085/2083/2076 2061/2067/2060
f 2090/2090/1767 2075/2069/2062 2089/2086/2079
f 2063/2061/2054 2074/2081/2074 2062/2058/2051
f 2063/2061/2054 2049/2068/2061 2068/2060/2053
f 2062/2058/2051 2049/2068/2061 2063/2061/2054
f 2063/2061/2054 2026/2024/2017 2074/2081/2074
f 2048/2054/2047 2049/2068/2061 2062/2058/2051
f 2096/2091/2083 2097/2092/2084 2098/2093/2085
f 2135/2094/2086 2099/2095/2087 2100/2096/2088
f 2101/2097/2089 2102/2098/2090 2103/2099/2091
f 2107/2100/2092 2108/2101/2093 2109/2102/2094
f 2095/2103/2095 2116/2104/2096 2097/2092/2084
f 2095/2103/2095 2096/2091/2083 2105/2105/2097
f 2126/2106/2098 2115/2107/2099 2116/2104/2096
f 2093/2108/2100 2114/2109/2101 2107/2100/2092
f 2118/2110/2102 2119/2111/2103 2106/2112/2104
f 2120/2113/2105 2114/2109/2101 2121/2114/2106
f 2124/2115/2107 2125/2116/2108 2126/2106/2098
f 2127/2117/2109 2114/2109/2101 2120/2113/2105
f 2115/2107/2099 2128/2118/2110 2116/2104/2096
f 2113/2119/2111 2129/2120/2112 2105/2105/2097
f 2138/2121/2113 2114/2109/2101 2093/2108/2100
f 2101/2097/2089 2103/2099/2091 2093/2108/2100
f 2130/2122/2114 2131/2123/2115 2132/2124/2116
f 2105/2105/2097 2129/2120/2112 2101/2097/2089
f 2110/2125/2117 2092/2126/2118 2123/2127/2119
f 2133/2128/2120 2134/2129/2121 2117/2130/2122
f 2133/2128/2120 2117/2130/2122 2114/2109/2101
f 2122/2131/2123 2131/2123/2115 2130/2122/2114
f 2114/2109/2101 2137/2132/2124 2133/2128/2120
f 2114/2109/2101 2138/2121/2113 2121/2114/2106
f 2093/2108/2100 2103/2099/2091 2138/2121/2113
f 2109/2102/2094 2093/2108/2100 2107/2100/2092
f 2139/2133/2125 2094/2134/2126 2112/2135/2127
f 2094/2134/2126 2106/2112/2104 2095/2103/2095
f 2140/2136/2128 2136/2137/2129 2135/2094/2086
f 2141/2138/2130 2117/2130/2122 2134/2129/2121
f 2140/2136/2128 2135/2094/2086 2142/2139/2131
f 2119/2111/2103 2091/2140/2132 2106/2112/2104
f 2092/2126/2118 2143/2141/2133 2123/2127/2119
f 2106/2112/2104 2110/2125/2117 2116/2104/2096
f 2114/2109/2101 2145/2142/2134 2137/2132/2124
f 2123/2127/2119 2142/2139/2131 2135/2094/2086
f 2117/2130/2122 2146/2143/2135 2107/2100/2092
f 2106/2112/2104 2091/2140/2132 2092/2126/2118
f 2147/2144/2136 2116/2104/2096 2128/2118/2110
f 2135/2094/2086 2131/2123/2115 2122/2131/2123
f 2123/2127/2119 2143/2141/2133 2142/2139/2131
f 2130/2122/2114 2124/2115/2107 2126/2106/2098
f 2094/2134/2126 2111/2145/2137 2112/2135/2127
f 2093/2108/2100 2095/2103/2095 2105/2105/2097
f 2126/2106/2098 2110/2125/2117 2123/2127/2119
f 2122/2131/2123 2126/2106/2098 2123/2127/2119
f 2096/2091/2083 2148/2146/2138 2105/2105/2097
f 2093/2108/2100 2094/2134/2126 2095/2103/2095
f 2136/2137/2129 2099/2095/2087 2135/2094/2086
f 2100/2096/2088 2131/2123/2115 2135/2094/2086
f 2126/2106/2098 2125/2116/2108 2115/2107/2099
f 2139/2133/2125 2118/2110/2102 2094/2134/2126
f 2116/2104/2096 2147/2144/2136 2104/2147/2139
f 2109/2102/2094 2111/2145/2137 2094/2134/2126
f 2143/2141/2133 2092/2126/2118 2091/2140/2132
f 2106/2112/2104 2092/2126/2118 2110/2125/2117
f 2107/2100/2092 2114/2109/2101 2117/2130/2122
f 2106/2112/2104 2094/2134/2126 2118/2110/2102
f 2110/2125/2117 2126/2106/2098 2116/2104/2096
f 2123/2127/2119 2135/2094/2086 2122/2131/2123
f 2095/2103/2095 2097/2092/2084 2096/2091/2083
f 2149/2148/2140 2134/2129/2121 2133/2128/2120
f 2144/2149/2141 2145/2142/2134 2127/2117/2109
f 2094/2134/2126 2093/2108/2100 2109/2102/2094
f 2126/2106/2098 2122/2131/2123 2130/2122/2114
f 2113/2119/2111 2105/2105/2097 2148/2146/2138
f 2105/2105/2097 2101/2097/2089 2093/2108/2100
f 2145/2142/2134 2114/2109/2101 2127/2117/2109
f 2097/2092/2084 2116/2104/2096 2104/2147/2139
f 2106/2112/2104 2116/2104/2096 2095/2103/2095
f 2155/2150/2142 2166/2151/2143 2156/2152/2144
f 2157/2153/2145 2160/2154/2146 2151/2155/2147
f 2161/2156/2148 2162/2157/2149 2163/2158/2150
f 2155/2150/2142 2165/2159/2151 2166/2151/2143
f 2167/2160/2152 2153/2161/2153 2154/2162/2154
f 2168/2163/2155 2169/2164/2156 2170/2165/2157
f 2177/2166/2158 2178/2167/2159 2179/2168/2160
f 2180/2169/2161 2163/2158/2150 2162/2157/2149
f 2169/2164/2156 2168/2163/2155 2167/2160/2152
f 2184/2170/2162 2185/2171/2163 2186/2172/2164
f 2151/2155/2147 2156/2152/2144 2173/2173/2165
f 2153/2161/2153 2167/2160/2152 2168/2163/2155
f 2187/2174/2166 2167/2160/2152 2154/2162/2154
f 2188/2175/2167 2189/2176/2168 2190/2177/2169
f 2192/2178/2170 2165/2159/2151 2193/2179/2171
f 2180/2169/2161 2162/2157/2149 2194/2180/2172
f 2155/2150/2142 2196/2181/2173 2193/2179/2171
f 2165/2159/2151 2155/2150/2142 2193/2179/2171
f 2159/2182/2174 2154/2162/2154 2153/2161/2153
f 2197/2183/2175 2153/2161/2153 2168/2163/2155
f 2198/2184/2176 2191/2185/2177 2199/2186/2178
f 2199/2186/2178 2191/2185/2177 2188/2175/2167
f 2201/2187/2179 2202/2188/2180 2188/2175/2167
f 2203/2189/2181 2199/2186/2178 2188/2175/2167
f 2204/2190/2182 2205/2191/198 2206/2192/2183
f 2208/2193/2184 2197/2183/2175 2168/2163/2155
f 2205/2191/198 2204/2190/2182 2209/2194/2185
f 2191/2185/2177 2201/2187/2179 2188/2175/2167
f 2210/2195/2186 2189/2176/2168 2202/2188/2180
f 2207/2196/2187 2201/2187/2179 2191/2185/2177
f 2207/2196/2187 2211/2197/2188 2201/2187/2179
f 2212/2198/2189 2186/2172/2164 2185/2171/2163
f 2182/2199/2190 2207/2196/2187 2172/2200/2191
f 2154/2162/2154 2213/2201/2192 2214/2202/2193
f 2172/2200/2191 2191/2185/2177 2171/2203/2194
f 2154/2162/2154 2214/2202/2193 2195/2204/2195
f 2154/2162/2154 2159/2182/2174 2213/2201/2192
f 2191/2185/2177 2198/2184/2176 2171/2203/2194
f 2215/2205/2196 2153/2161/2153 2197/2183/2175
f 2202/2188/2180 2201/2187/2179 2178/2167/2159
f 2211/2197/2188 2207/2196/2187 2195/2204/2195
f 2211/2197/2188 2174/2206/2197 2175/2207/2198
f 2165/2159/2151 2216/2208/2199 2181/2209/2200
f 2174/2206/2197 2158/2210/2201 2175/2207/2198
f 2217/2211/2202 2218/2212/2203 2219/2213/2204
f 2208/2193/2184 2219/2213/2204 2218/2212/2203
f 2150/2214/2205 2155/2150/2142 2151/2155/2147
f 2150/2214/2205 2196/2181/2173 2155/2150/2142
f 2222/2215/2206 2177/2166/2158 2179/2168/2160
f 2201/2187/2179 2223/2216/2207 2178/2167/2159
f 2210/2195/2186 2178/2167/2159 2177/2166/2158
f 2215/2205/2196 2197/2183/2175 2221/2217/2208
f 2197/2183/2175 2208/2193/2184 2221/2217/2208
f 2208/2193/2184 2224/2218/2209 2219/2213/2204
f 2179/2168/2160 2186/2172/2164 2222/2215/2206
f 2165/2159/2151 2161/2156/2148 2166/2151/2143
f 2223/2216/2207 2152/2219/2210 2185/2171/2163
f 2168/2163/2155 2224/2218/2209 2208/2193/2184
f 2189/2176/2168 2204/2190/2182 2206/2192/2183
f 2224/2218/2209 2168/2163/2155 2170/2165/2157
f 2161/2156/2148 2225/2220/2211 2176/2221/2212
f 2223/2216/2207 2158/2210/2201 2152/2219/2210
f 2159/2182/2174 2153/2161/2153 2215/2205/2196
f 2216/2208/2199 2165/2159/2151 2192/2178/2170
f 2227/2222/2213 2171/2203/2194 2198/2184/2176
f 2172/2200/2191 2207/2196/2187 2191/2185/2177
f 2151/2155/2147 2155/2150/2142 2156/2152/2144
f 2227/2222/2213 2228/2223/2214 2171/2203/2194
f 2166/2151/2143 2229/2224/2215 2183/2225/2216
f 2212/2198/2189 2173/2173/2165 2226/2226/2217
f 2187/2174/2166 2200/2227/2218 2169/2164/2156
f 2207/2196/2187 2182/2199/2190 2195/2204/2195
f 2228/2223/2214 2227/2222/2213 2230/2228/2219
f 2228/2223/2214 2182/2199/2190 2172/2200/2191
f 2230/2228/2219 2231/2229/2220 2200/2227/2218
f 2185/2171/2163 2173/2173/2165 2212/2198/2189
f 2202/2188/2180 2189/2176/2168 2188/2175/2167
f 2176/2221/2212 2166/2151/2143 2161/2156/2148
f 2182/2199/2190 2228/2223/2214 2230/2228/2219
f 2173/2173/2165 2185/2171/2163 2152/2219/2210
f 2152/2219/2210 2158/2210/2201 2157/2153/2145
f 2164/2230/2221 2173/2173/2165 2156/2152/2144
f 2165/2159/2151 2162/2157/2149 2161/2156/2148
f 2201/2187/2179 2211/2197/2188 2223/2216/2207
f 2189/2176/2168 2232/2231/367 2190/2177/2169
f 2174/2206/2197 2214/2202/2193 2213/2201/2192
f 2214/2202/2193 2174/2206/2197 2211/2197/2188
f 2175/2207/2198 2223/2216/2207 2211/2197/2188
f 2195/2204/2195 2214/2202/2193 2211/2197/2188
f 2220/2232/2222 2174/2206/2197 2213/2201/2192
f 2176/2221/2212 2229/2224/2215 2166/2151/2143
f 2189/2176/2168 2206/2192/2183 2232/2231/367
f 2210/2195/2186 2177/2166/2158 2233/2233/2223
f 2187/2174/2166 2169/2164/2156 2167/2160/2152
f 2157/2153/2145 2151/2155/2147 2152/2219/2210
f 2183/2225/2216 2156/2152/2144 2166/2151/2143
f 2151/2155/2147 2173/2173/2165 2152/2219/2210
f 2222/2215/2206 2186/2172/2164 2234/2234/2224
f 2182/2199/2190 2230/2228/2219 2200/2227/2218
f 2209/2194/2185 2204/2190/2182 2235/2235/2225
f 2228/2223/2214 2172/2200/2191 2171/2203/2194
f 2151/2155/2147 2160/2154/2146 2150/2214/2205
f 2182/2199/2190 2200/2227/2218 2187/2174/2166
f 2204/2190/2182 2189/2176/2168 2210/2195/2186
f 2184/2170/2162 2186/2172/2164 2179/2168/2160
f 2169/2164/2156 2200/2227/2218 2231/2229/2220
f 2204/2190/2182 2236/2236/1025 2235/2235/2225
f 2195/2204/2195 2187/2174/2166 2154/2162/2154
f 2234/2234/2224 2186/2172/2164 2212/2198/2189
f 2190/2177/2169 2203/2189/2181 2188/2175/2167
f 2202/2188/2180 2178/2167/2159 2210/2195/2186
f 2170/2165/2157 2169/2164/2156 2231/2229/2220
f 2223/2216/2207 2184/2170/2162 2178/2167/2159
f 2184/2170/2162 2223/2216/2207 2185/2171/2163
f 2187/2174/2166 2195/2204/2195 2182/2199/2190
f 2162/2157/2149 2165/2159/2151 2181/2209/2200
f 2223/2216/2207 2175/2207/2198 2158/2210/2201
f 2179/2168/2160 2178/2167/2159 2184/2170/2162
f 2241/2237/2226 2242/2238/2227 2243/2239/2228
f 2247/2240/2229 2248/2241/2230 2249/2242/2231
f 2244/2243/2232 2242/2238/2227 2241/2237/2226
f 2246/2244/2233 2250/2245/2234 2248/2241/2230
f 2252/2246/2235 2253/2247/2236 2245/2248/2237
f 2254/2249/2238 2237/2250/2239 2240/2251/2240
f 2251/2252/2241 2253/2247/2236 2252/2246/2235
f 2241/2237/2226 2256/2253/2242 2244/2243/2232
f 2240/2251/2240 2239/2254/2243 2245/2248/2237
f 2239/2254/2243 2252/2246/2235 2245/2248/2237
f 2252/2246/2235 2246/2244/2233 2248/2241/2230
f 2262/2255/2244 2259/2256/2245 2261/2257/2246
f 2260/2258/2247 2266/2259/2248 2262/2255/2244
f 2252/2246/2235 2239/2254/2243 2246/2244/2233
f 2266/2259/2248 2260/2258/2247 2264/2260/2249
f 2263/2261/2250 2269/2262/2251 2258/2263/2252
f 2270/2264/2253 2269/2262/2251 2263/2261/2250
f 2271/2265/2254 2268/2266/2255 2272/2267/2256
f 2272/2267/2256 2268/2266/2255 2273/2268/2257
f 2238/2269/2258 2274/2270/2259 2275/2271/2260
f 2269/2262/2251 2276/2272/2261 2261/2257/2246
f 2270/2264/2253 2263/2261/2250 2277/2273/2262
f 2259/2256/2245 2258/2263/2252 2261/2257/2246
f 2270/2264/2253 2277/2273/2262 2279/2274/2263
f 2238/2269/2258 2280/2275/2264 2281/2276/2265
f 2257/2277/2266 2260/2258/2247 2286/2278/2267
f 2282/2279/2268 2239/2254/2243 2240/2251/2240
f 2278/2280/2269 2264/2260/2249 2283/2281/2270
f 2255/2282/2271 2275/2271/2260 2284/2283/2272
f 2282/2279/2268 2240/2251/2240 2285/2284/2273
f 2283/2281/2270 2264/2260/2249 2257/2277/2266
f 2237/2250/2239 2238/2269/2258 2281/2276/2265
f 2268/2266/2255 2283/2281/2270 2257/2277/2266
f 2257/2277/2266 2264/2260/2249 2260/2258/2247
f 2276/2272/2261 2269/2262/2251 2287/2285/2274
f 2257/2277/2266 2286/2278/2267 2273/2268/2257
f 2288/2286/2275 2289/2287/2276 2239/2254/2243
f 2239/2254/2243 2282/2279/2268 2288/2286/2275
f 2289/2287/2276 2250/2245/2234 2239/2254/2243
f 2280/2275/2264 2255/2282/2271 2290/2288/2277
f 2291/2289/2278 2256/2253/2242 2241/2237/2226
f 2256/2253/2242 2255/2282/2271 2244/2243/2232
f 2292/2290/2279 2293/2291/2280 2294/2292/2281
f 2247/2240/2229 2292/2290/2279 2294/2292/2281
f 2255/2282/2271 2280/2275/2264 2238/2269/2258
f 2244/2243/2232 2255/2282/2271 2296/2293/2282
f 2274/2270/2259 2237/2250/2239 2254/2249/2238
f 2238/2269/2258 2237/2250/2239 2274/2270/2259
f 2253/2247/2236 2265/2294/2283 2278/2280/2269
f 2285/2284/2273 2240/2251/2240 2237/2250/2239
f 2298/2295/2284 2286/2278/2267 2276/2272/2261
f 2298/2295/2284 2273/2268/2257 2286/2278/2267
f 2286/2278/2267 2261/2257/2246 2276/2272/2261
f 2253/2247/2236 2254/2249/2238 2245/2248/2237
f 2273/2268/2257 2268/2266/2255 2257/2277/2266
f 2266/2259/2248 2264/2260/2249 2265/2294/2283
f 2247/2240/2229 2249/2242/2231 2299/2296/2285
f 2268/2266/2255 2274/2270/2259 2283/2281/2270
f 2247/2240/2229 2299/2296/2285 2300/2297/2286
f 2243/2239/2228 2297/2298/2287 2241/2237/2226
f 2274/2270/2259 2267/2299/2288 2275/2271/2260
f 2271/2265/2254 2267/2299/2288 2268/2266/2255
f 2265/2294/2283 2253/2247/2236 2266/2259/2248
f 2302/2300/2289 2275/2271/2260 2267/2299/2288
f 2247/2240/2229 2252/2246/2235 2248/2241/2230
f 2256/2253/2242 2290/2288/2277 2255/2282/2271
f 2283/2281/2270 2254/2249/2238 2278/2280/2269
f 2303/2301/2290 2301/2302/2291 2262/2255/2244
f 2251/2252/2241 2266/2259/2248 2253/2247/2236
f 2262/2255/2244 2301/2302/2291 2259/2256/2245
f 2255/2282/2271 2238/2269/2258 2275/2271/2260
f 2258/2263/2252 2269/2262/2251 2261/2257/2246
f 2284/2283/2272 2275/2271/2260 2302/2300/2289
f 2253/2247/2236 2278/2280/2269 2254/2249/2238
f 2250/2245/2234 2246/2244/2233 2239/2254/2243
f 2304/2303/2292 2303/2301/2290 2294/2292/2281
f 2303/2301/2290 2262/2255/2244 2266/2259/2248
f 2274/2270/2259 2254/2249/2238 2283/2281/2270
f 2294/2292/2281 2303/2301/2290 2266/2259/2248
f 2294/2292/2281 2266/2259/2248 2251/2252/2241
f 2292/2290/2279 2247/2240/2229 2305/2304/2293
f 2251/2252/2241 2252/2246/2235 2247/2240/2229
f 2251/2252/2241 2247/2240/2229 2294/2292/2281
f 2295/2305/2294 2304/2303/2292 2294/2292/2281
f 2267/2299/2288 2274/2270/2259 2268/2266/2255
f 2306/2306/2295 2291/2289/2278 2241/2237/2226
f 2277/2273/2262 2307/2307/2296 2279/2274/2263
f 2281/2276/2265 2285/2284/2273 2237/2250/2239
f 2260/2258/2247 2262/2255/2244 2261/2257/2246
f 2286/2278/2267 2260/2258/2247 2261/2257/2246
f 2297/2298/2287 2306/2306/2295 2241/2237/2226
f 2305/2304/2293 2247/2240/2229 2300/2297/2286
f 2265/2294/2283 2264/2260/2249 2278/2280/2269
f 2270/2264/2253 2287/2285/2274 2269/2262/2251
f 2240/2251/2240 2245/2248/2237 2254/2249/2238
f 2310/2308/2297 2311/2309/2298 2312/2310/2299
f 2313/2311/2300 2314/2312/2301 2315/2313/2302
f 2316/2314/2303 2317/2315/2304 2318/2316/2305
f 2319/2317/2306 2311/2309/2298 2310/2308/2297
f 2328/2318/2307 2311/2309/2298 2319/2317/2306
f 2330/2319/2308 2331/2320/2309 2332/2321/2310
f 2333/2322/2311 2334/2323/2312 2335/2324/2313
f 2315/2313/2302 2336/2325/2314 2327/2326/2315
f 2335/2324/2313 2337/2327/2316 2338/2328/2317
f 2335/2324/2313 2339/2329/2318 2337/2327/2316
f 2340/2330/2319 2334/2323/2312 2341/2331/2320
f 2342/2332/2321 2343/2333/2322 2344/2334/2323
f 2345/2335/2324 2346/2336/2325 2347/2337/2326
f 2352/2338/2327 2317/2315/2304 2353/2339/2328
f 2331/2320/2309 2330/2319/2308 2320/2340/2329
f 2356/2341/2330 2357/2342/2331 2358/2343/2332
f 2359/2344/2333 2317/2315/2304 2332/2321/2310
f 2330/2319/2308 2342/2332/2321 2320/2340/2329
f 2360/2345/2334 2355/2346/2335 2354/2347/2336
f 2329/2348/2337 2357/2342/2331 2308/2349/2338
f 2354/2347/2336 2355/2346/2335 2309/2350/2339
f 2357/2342/2331 2309/2350/2339 2308/2349/2338
f 2364/2351/2340 2325/2352/2341 2365/2353/2342
f 2366/2354/2343 2367/2355/2344 2368/2356/2345
f 2314/2312/2301 2323/2357/2346 2336/2325/2314
f 2367/2355/2344 2369/2358/2347 2368/2356/2345
f 2348/2359/2348 2351/2360/2349 2346/2336/2325
f 2346/2336/2325 2326/2361/2350 2325/2352/2341
f 2318/2316/2305 2317/2315/2304 2352/2338/2327
f 2325/2352/2341 2350/2362/2351 2348/2359/2348
f 2334/2323/2312 2333/2322/2311 2341/2331/2320
f 2328/2318/2307 2319/2317/2306 2370/2363/2352
f 2320/2340/2329 2323/2357/2346 2321/2364/2353
f 2325/2352/2341 2372/2365/2354 2371/2366/2355
f 2372/2365/2354 2325/2352/2341 2373/2367/2356
f 2362/2368/2357 2327/2326/2315 2336/2325/2314
f 2362/2368/2357 2336/2325/2314 2363/2369/2358
f 2321/2364/2353 2323/2357/2346 2314/2312/2301
f 2345/2335/2324 2374/2370/2359 2346/2336/2325
f 2349/2371/2360 2348/2359/2348 2344/2334/2323
f 2367/2355/2344 2355/2346/2335 2369/2358/2347
f 2377/2372/2361 2339/2329/2318 2335/2324/2313
f 2363/2369/2358 2336/2325/2314 2323/2357/2346
f 2329/2348/2337 2379/2373/2362 2361/2374/2363
f 2333/2322/2311 2335/2324/2313 2338/2328/2317
f 2342/2332/2321 2344/2334/2323 2348/2359/2348
f 2351/2360/2349 2348/2359/2348 2349/2371/2360
f 2334/2323/2312 2377/2372/2361 2335/2324/2313
f 2342/2332/2321 2330/2319/2308 2343/2333/2322
f 2353/2339/2328 2359/2344/2333 2381/2375/2364
f 2359/2344/2333 2360/2345/2334 2381/2375/2364
f 2376/2376/2365 2323/2357/2346 2320/2340/2329
f 2378/2377/2366 2363/2369/2358 2323/2357/2346
f 2377/2372/2361 2308/2349/2338 2319/2317/2306
f 2360/2345/2334 2357/2342/2331 2381/2375/2364
f 2308/2349/2338 2309/2350/2339 2319/2317/2306
f 2309/2350/2339 2367/2355/2344 2319/2317/2306
f 2370/2363/2352 2319/2317/2306 2367/2355/2344
f 2340/2330/2319 2380/2378/2367 2334/2323/2312
f 2361/2374/2363 2382/2379/2368 2357/2342/2331
f 2346/2336/2325 2325/2352/2341 2348/2359/2348
f 2354/2347/2336 2357/2342/2331 2360/2345/2334
f 2324/2380/2369 2355/2346/2335 2332/2321/2310
f 2365/2353/2342 2325/2352/2341 2326/2361/2350
f 2380/2378/2367 2308/2349/2338 2334/2323/2312
f 2308/2349/2338 2380/2378/2367 2329/2348/2337
f 2383/2381/2370 2326/2361/2350 2374/2370/2359
f 2310/2308/2297 2339/2329/2318 2377/2372/2361
f 2331/2320/2309 2320/2340/2329 2321/2364/2353
f 2384/2382/2371 2381/2375/2364 2357/2342/2331
f 2313/2311/2300 2324/2380/2369 2314/2312/2301
f 2379/2373/2362 2329/2348/2337 2380/2378/2367
f 2384/2382/2371 2357/2342/2331 2356/2341/2330
f 2364/2351/2340 2375/2383/2372 2373/2367/2356
f 2332/2321/2310 2355/2346/2335 2360/2345/2334
f 2331/2320/2309 2321/2364/2353 2314/2312/2301
f 2351/2360/2349 2347/2337/2326 2346/2336/2325
f 2360/2345/2334 2359/2344/2333 2332/2321/2310
f 2353/2339/2328 2317/2315/2304 2359/2344/2333
f 2313/2311/2300 2355/2346/2335 2324/2380/2369
f 2364/2351/2340 2373/2367/2356 2325/2352/2341
f 2355/2346/2335 2385/2384/2373 2369/2358/2347
f 2367/2355/2344 2309/2350/2339 2355/2346/2335
f 2334/2323/2312 2308/2349/2338 2377/2372/2361
f 2346/2336/2325 2374/2370/2359 2326/2361/2350
f 2319/2317/2306 2310/2308/2297 2377/2372/2361
f 2324/2380/2369 2331/2320/2309 2314/2312/2301
f 2382/2379/2368 2358/2343/2332 2357/2342/2331
f 2367/2355/2344 2366/2354/2343 2370/2363/2352
f 2315/2313/2302 2314/2312/2301 2336/2325/2314
f 2332/2321/2310 2331/2320/2309 2324/2380/2369
f 2323/2357/2346 2376/2376/2365 2378/2377/2366
f 2330/2319/2308 2317/2315/2304 2316/2314/2303
f 2350/2362/2351 2320/2340/2329 2342/2332/2321
f 2330/2319/2308 2316/2314/2303 2343/2333/2322
f 2348/2359/2348 2350/2362/2351 2342/2332/2321
f 2355/2346/2335 2313/2311/2300 2385/2384/2373
f 2370/2363/2352 2366/2354/2343 2386/2385/2374
f 2354/2347/2336 2309/2350/2339 2357/2342/2331
f 2370/2363/2352 2386/2385/2374 2387/2386/2375
f 2328/2318/2307 2370/2363/2352 2387/2386/2375
f 2325/2352/2341 2371/2366/2355 2376/2376/2365
f 2350/2362/2351 2325/2352/2341 2376/2376/2365
f 2376/2376/2365 2371/2366/2355 2378/2377/2366
f 2376/2376/2365 2320/2340/2329 2350/2362/2351
f 2315/2313/2302 2385/2384/2373 2313/2311/2300
f 2385/2384/2373 2315/2313/2302 2322/2387/2376
f 2330/2319/2308 2332/2321/2310 2317/2315/2304
f 2357/2342/2331 2329/2348/2337 2361/2374/2363
f 2401/2388/2377 2398/2389/2378 2394/2390/2379
f 2405/2391/2380 2404/2392/2381 2406/2393/2382
f 2389/2394/2383 2407/2395/2384 2396/2396/2385
f 2408/2397/2386 2388/2398/2387 2409/2399/2388
f 2398/2389/2378 2410/2400/2389 2395/2401/2390
f 2397/2402/2391 2406/2393/2382 2404/2392/2381
f 2399/2403/2392 2388/2398/2387 2392/2404/2393
f 2407/2395/2384 2417/2405/2394 2396/2396/2385
f 2415/2406/2395 2395/2401/2390 2402/2407/2396
f 2423/2408/2397 2421/2409/2398 2424/2410/2399
f 2388/2398/2387 2425/2411/2400 2389/2394/2383
f 2420/2412/2401 2412/2413/2402 2419/2414/2403
f 2426/2415/2404 2427/2416/2405 2428/2417/2406
f 2394/2390/2379 2404/2392/2381 2430/2418/2407
f 2413/2419/2408 2431/2420/2409 2432/2421/2410
f 2413/2419/2408 2401/2388/2377 2394/2390/2379
f 2410/2400/2389 2398/2389/2378 2389/2394/2383
f 2421/2409/2398 2420/2412/2401 2424/2410/2399
f 2423/2408/2397 2424/2410/2399 2434/2422/2411
f 2388/2398/2387 2413/2419/2408 2392/2404/2393
f 2421/2409/2398 2429/2423/2412 2414/2424/2413
f 2402/2407/2396 2414/2424/2413 2429/2423/2412
f 2397/2402/2391 2404/2392/2381 2394/2390/2379
f 2410/2400/2389 2396/2396/2385 2418/2425/2414
f 2433/2426/2415 2416/2427/2416 2402/2407/2396
f 2400/2428/2417 2393/2429/2418 2426/2415/2404
f 2427/2416/2405 2426/2415/2404 2393/2429/2418
f 2396/2396/2385 2410/2400/2389 2389/2394/2383
f 2393/2429/2418 2399/2403/2392 2392/2404/2393
f 2436/2430/2419 2391/2431/2420 2395/2401/2390
f 2413/2419/2408 2437/2432/2421 2431/2420/2409
f 2397/2402/2391 2438/2433/2422 2406/2393/2382
f 2439/2434/2423 2393/2429/2418 2440/2435/2424
f 2430/2418/2407 2413/2419/2408 2394/2390/2379
f 2426/2415/2404 2441/2436/2425 2442/2437/2426
f 2443/2438/2427 2426/2415/2404 2442/2437/2426
f 2400/2428/2417 2426/2415/2404 2444/2439/2428
f 2426/2415/2404 2443/2438/2427 2444/2439/2428
f 2389/2394/2383 2413/2419/2408 2388/2398/2387
f 2425/2411/2400 2407/2395/2384 2389/2394/2383
f 2395/2401/2390 2410/2400/2389 2414/2424/2413
f 2436/2430/2419 2415/2406/2395 2446/2440/2429
f 2432/2421/2410 2392/2404/2393 2413/2419/2408
f 2413/2419/2408 2430/2418/2407 2437/2432/2421
f 2418/2425/2414 2411/2441/2430 2414/2424/2413
f 2395/2401/2390 2415/2406/2395 2436/2430/2419
f 2418/2425/2414 2414/2424/2413 2410/2400/2389
f 2411/2441/2430 2412/2413/2402 2414/2424/2413
f 2392/2404/2393 2447/2442/2431 2448/2443/2432
f 2422/2444/2433 2421/2409/2398 2423/2408/2397
f 2398/2389/2378 2401/2388/2377 2389/2394/2383
f 2404/2392/2381 2403/2445/2434 2430/2418/2407
f 2421/2409/2398 2414/2424/2413 2420/2412/2401
f 2393/2429/2418 2448/2443/2432 2440/2435/2424
f 2401/2388/2377 2413/2419/2408 2389/2394/2383
f 2392/2404/2393 2448/2443/2432 2393/2429/2418
f 2388/2398/2387 2408/2397/2386 2445/2446/2435
f 2400/2428/2417 2399/2403/2392 2393/2429/2418
f 2449/2447/2436 2397/2402/2391 2436/2430/2419
f 2398/2389/2378 2395/2401/2390 2391/2431/2420
f 2416/2427/2416 2415/2406/2395 2402/2407/2396
f 2397/2402/2391 2391/2431/2420 2436/2430/2419
f 2414/2424/2413 2402/2407/2396 2395/2401/2390
f 2398/2389/2378 2391/2431/2420 2390/2448/2437
f 2393/2429/2418 2439/2434/2423 2427/2416/2405
f 2449/2447/2436 2438/2433/2422 2397/2402/2391
f 2388/2398/2387 2399/2403/2392 2409/2399/2388
f 2394/2390/2379 2398/2389/2378 2390/2448/2437
f 2444/2439/2428 2450/2449/2438 2400/2428/2417
f 2417/2405/2394 2435/2450/2439 2396/2396/2385
f 2445/2446/2435 2425/2411/2400 2388/2398/2387
f 2400/2428/2417 2451/2451/2440 2399/2403/2392
f 2391/2431/2420 2397/2402/2391 2390/2448/2437
f 2409/2399/2388 2399/2403/2392 2451/2451/2440
f 2451/2451/2440 2400/2428/2417 2450/2449/2438
f 2390/2448/2437 2397/2402/2391 2394/2390/2379
f 2420/2412/2401 2414/2424/2413 2412/2413/2402
f 2447/2442/2431 2392/2404/2393 2432/2421/2410
f 2493/2452/2441 2452/2453/2442 2454/2454/2443
f 2454/2454/2443 2452/2453/2442 2455/2455/2444
f 2460/2456/2445 2461/2457/2446 2462/2458/2447
f 2453/2459/2448 2493/2452/2441 2465/2460/2449
f 2493/2452/2441 2466/2461/2450 2465/2460/2449
f 2467/2462/2451 2468/2463/2452 2469/2464/2453
f 2499/2465/2454 2460/2456/2445 2462/2458/2447
f 2473/2466/2455 2456/2467/2456 2470/2468/2457
f 2454/2454/2443 2466/2461/2450 2493/2452/2441
f 2476/2469/2458 2477/2470/2459 2478/2471/2460
f 2456/2467/2456 2473/2466/2455 2480/2472/2461
f 2480/2472/2461 2481/2473/2462 2456/2467/2456
f 2486/2474/2463 2474/2475/2464 2481/2473/2462
f 2478/2471/2460 2494/2476/2465 2476/2469/2458
f 2483/2477/2466 2463/2478/2467 2482/2479/2468
f 2484/2480/2469 2485/2481/2470 2493/2452/2441
f 2494/2476/2465 2495/2482/2471 2496/2483/2472
f 2472/2484/2473 2457/2485/2474 2458/2486/2475
f 2497/2487/2476 2498/2488/2477 2457/2485/2474
f 2457/2485/2474 2498/2488/2477 2500/2489/2478
f 2452/2453/2442 2493/2452/2441 2501/2490/2479
f 2502/2491/2480 2503/2492/2481 2488/2493/2482
f 2481/2473/2462 2492/2494/2483 2456/2467/2456
f 2500/2489/2478 2504/2495/2484 2485/2481/2470
f 2502/2491/2480 2488/2493/2482 2483/2477/2466
f 2494/2476/2465 2496/2483/2472 2476/2469/2458
f 2475/2496/2485 2468/2463/2452 2467/2462/2451
f 2502/2491/2480 2506/2497/2486 2507/2498/2487
f 2474/2475/2464 2475/2496/2485 2481/2473/2462
f 2500/2489/2478 2485/2481/2470 2457/2485/2474
f 2494/2476/2465 2464/2499/2488 2484/2480/2469
f 2467/2462/2451 2505/2500/2489 2472/2484/2473
f 2467/2462/2451 2458/2486/2475 2475/2496/2485
f 2504/2495/2484 2493/2452/2441 2485/2481/2470
f 2462/2458/2447 2473/2466/2455 2499/2465/2454
f 2494/2476/2465 2478/2471/2460 2479/2501/2490
f 2463/2478/2467 2488/2493/2482 2487/2502/2491
f 2479/2501/2490 2463/2478/2467 2509/2503/2492
f 2456/2467/2456 2492/2494/2483 2471/2504/2493
f 2488/2493/2482 2510/2505/2494 2487/2502/2491
f 2472/2484/2473 2497/2487/2476 2457/2485/2474
f 2490/2506/2495 2491/2507/2496 2511/2508/2497
f 2482/2479/2468 2477/2470/2459 2483/2477/2466
f 2463/2478/2467 2490/2506/2495 2471/2504/2493
f 2470/2468/2457 2456/2467/2456 2471/2504/2493
f 2494/2476/2465 2484/2480/2469 2493/2452/2441
f 2492/2494/2483 2509/2503/2492 2459/2509/2498
f 2479/2501/2490 2464/2499/2488 2494/2476/2465
f 2459/2509/2498 2509/2503/2492 2463/2478/2467
f 2457/2485/2474 2485/2481/2470 2464/2499/2488
f 2482/2479/2468 2479/2501/2490 2478/2471/2460
f 2453/2459/2448 2495/2482/2471 2494/2476/2465
f 2464/2499/2488 2479/2501/2490 2509/2503/2492
f 2484/2480/2469 2464/2499/2488 2485/2481/2470
f 2459/2509/2498 2463/2478/2467 2471/2504/2493
f 2459/2509/2498 2471/2504/2493 2492/2494/2483
f 2493/2452/2441 2504/2495/2484 2508/2510/2499
f 2464/2499/2488 2509/2503/2492 2458/2486/2475
f 2494/2476/2465 2493/2452/2441 2453/2459/2448
f 2512/2511/2500 2500/2489/2478 2498/2488/2477
f 2463/2478/2467 2479/2501/2490 2482/2479/2468
f 2470/2468/2457 2499/2465/2454 2473/2466/2455
f 2458/2486/2475 2467/2462/2451 2472/2484/2473
f 2489/2512/2501 2473/2466/2455 2462/2458/2447
f 2507/2498/2487 2503/2492/2481 2502/2491/2480
f 2492/2494/2483 2481/2473/2462 2475/2496/2485
f 2511/2508/2497 2470/2468/2457 2490/2506/2495
f 2477/2470/2459 2482/2479/2468 2478/2471/2460
f 2483/2477/2466 2488/2493/2482 2463/2478/2467
f 2492/2494/2483 2475/2496/2485 2458/2486/2475
f 2493/2452/2441 2508/2510/2499 2501/2490/2479
f 2492/2494/2483 2458/2486/2475 2509/2503/2492
f 2490/2506/2495 2470/2468/2457 2471/2504/2493
f 2487/2502/2491 2490/2506/2495 2463/2478/2467
f 2499/2465/2454 2470/2468/2457 2511/2508/2497
f 2457/2485/2474 2464/2499/2488 2458/2486/2475
f 2487/2502/2491 2491/2507/2496 2490/2506/2495
f 2475/2496/2485 2474/2475/2464 2468/2463/2452
f 2548/2513/2502 2519/2514/2503 2520/2515/2504
f 2517/2516/2505 2515/2517/2506 2529/2518/2507
f 2531/2519/2508 2532/2520/2509 2525/2521/2510
f 2534/2522/2511 2535/2523/2512 2536/2524/2513
f 2537/2525/2514 2538/2526/2515 2539/2527/2516
f 2542/2528/2517 2530/2529/2518 2543/2530/2519
f 2544/2531/2520 2545/2532/2521 2526/2533/2522
f 2546/2534/2523 2547/2535/2524 2541/2536/2525
f 2513/2537/2526 2548/2513/2502 2524/2538/2527
f 2532/2520/2509 2531/2519/2508 2540/2539/2528
f 2553/2540/2529 2554/2541/2530 2555/2542/2531
f 2531/2519/2508 2556/2543/2532 2515/2517/2506
f 2537/2525/2514 2529/2518/2507 2542/2528/2517
f 2569/2544/2533 2558/2545/2534 2517/2516/2505
f 2521/2546/2535 2550/2547/2536 2531/2519/2508
f 2549/2548/2537 2559/2549/2538 2560/2550/2539
f 2521/2546/2535 2516/2551/2540 2550/2547/2536
f 2561/2552/2541 2562/2553/2542 2563/2554/2543
f 2564/2555/2544 2565/2556/2545 2566/2557/2546
f 2548/2513/2502 2513/2537/2526 2514/2558/2547
f 2573/2559/2548 2559/2549/2538 2574/2560/2549
f 2575/2561/2550 2546/2534/2523 2541/2536/2525
f 2553/2540/2529 2513/2537/2526 2542/2528/2517
f 2570/2562/2551 2567/2563/2552 2576/2564/2553
f 2572/2565/2554 2528/2566/2555 2570/2562/2551
f 2572/2565/2554 2552/2567/2556 2528/2566/2555
f 2554/2541/2530 2565/2556/2545 2555/2542/2531
f 2579/2568/2557 2559/2549/2538 2520/2515/2504
f 2559/2549/2538 2579/2568/2557 2574/2560/2549
f 2553/2540/2529 2555/2542/2531 2514/2558/2547
f 2580/2569/2558 2581/2570/2559 2582/2571/2560
f 2537/2525/2514 2522/2572/2561 2541/2536/2525
f 2572/2565/2554 2571/2573/2562 2552/2567/2556
f 2537/2525/2514 2541/2536/2525 2538/2526/2515
f 2569/2544/2533 2552/2567/2556 2558/2545/2534
f 2520/2515/2504 2559/2549/2538 2548/2513/2502
f 2554/2541/2530 2543/2530/2519 2583/2574/2563
f 2518/2575/2564 2522/2572/2561 2537/2525/2514
f 2546/2534/2523 2557/2576/2565 2584/2577/2566
f 2556/2543/2532 2526/2533/2522 2543/2530/2519
f 2560/2550/2539 2559/2549/2538 2586/2578/2567
f 2522/2572/2561 2518/2575/2564 2523/2579/2568
f 2583/2574/2563 2587/2580/2569 2588/2581/2570
f 2519/2514/2503 2555/2542/2531 2564/2555/2544
f 2555/2542/2531 2519/2514/2503 2514/2558/2547
f 2543/2530/2519 2553/2540/2529 2542/2528/2517
f 2535/2523/2512 2578/2582/2571 2560/2550/2539
f 2529/2518/2507 2556/2543/2532 2530/2529/2518
f 2570/2562/2551 2561/2552/2541 2572/2565/2554
f 2552/2567/2556 2569/2544/2533 2528/2566/2555
f 2543/2530/2519 2554/2541/2530 2553/2540/2529
f 2565/2556/2545 2583/2574/2563 2580/2569/2558
f 2538/2526/2515 2547/2535/2524 2528/2566/2555
f 2559/2549/2538 2549/2548/2537 2524/2538/2527
f 2530/2529/2518 2542/2528/2517 2529/2518/2507
f 2539/2527/2516 2529/2518/2507 2537/2525/2514
f 2577/2583/2572 2549/2548/2537 2578/2582/2571
f 2589/2584/2573 2577/2583/2572 2578/2582/2571
f 2524/2538/2527 2548/2513/2502 2559/2549/2538
f 2585/2585/2574 2589/2584/2573 2578/2582/2571
f 2528/2566/2555 2569/2544/2533 2539/2527/2516
f 2575/2561/2550 2557/2576/2565 2546/2534/2523
f 2557/2576/2565 2533/2586/2575 2590/2587/2576
f 2526/2533/2522 2587/2580/2569 2583/2574/2563
f 2549/2548/2537 2523/2579/2568 2524/2538/2527
f 2591/2588/2577 2526/2533/2522 2592/2589/2578
f 2588/2581/2570 2587/2580/2569 2593/2590/2223
f 2528/2566/2555 2539/2527/2516 2538/2526/2515
f 2529/2518/2507 2539/2527/2516 2569/2544/2533
f 2518/2575/2564 2537/2525/2514 2542/2528/2517
f 2526/2533/2522 2583/2574/2563 2543/2530/2519
f 2554/2541/2530 2583/2574/2563 2565/2556/2545
f 2558/2545/2534 2552/2567/2556 2551/2591/2579
f 2542/2528/2517 2513/2537/2526 2518/2575/2564
f 2565/2556/2545 2580/2569/2558 2566/2557/2546
f 2568/2592/2580 2567/2563/2552 2547/2535/2524
f 2560/2550/2539 2536/2524/2513 2535/2523/2512
f 2568/2592/2580 2546/2534/2523 2584/2577/2566
f 2547/2535/2524 2538/2526/2515 2541/2536/2525
f 2560/2550/2539 2578/2582/2571 2549/2548/2537
f 2587/2580/2569 2526/2533/2522 2545/2532/2521
f 2530/2529/2518 2556/2543/2532 2543/2530/2519
f 2588/2581/2570 2581/2570/2559 2583/2574/2563
f 2559/2549/2538 2573/2559/2548 2586/2578/2567
f 2541/2536/2525 2522/2572/2561 2575/2561/2550
f 2581/2570/2559 2580/2569/2558 2583/2574/2563
f 2561/2552/2541 2563/2554/2543 2572/2565/2554
f 2519/2514/2503 2548/2513/2502 2514/2558/2547
f 2525/2521/2510 2526/2533/2522 2556/2543/2532
f 2524/2538/2527 2518/2575/2564 2513/2537/2526
f 2526/2533/2522 2525/2521/2510 2592/2589/2578
f 2547/2535/2524 2567/2563/2552 2528/2566/2555
f 2591/2588/2577 2544/2531/2520 2526/2533/2522
f 2523/2579/2568 2575/2561/2550 2522/2572/2561
f 2558/2545/2534 2516/2551/2540 2517/2516/2505
f 2527/2593/2581 2516/2551/2540 2558/2545/2534
f 2517/2516/2505 2529/2518/2507 2569/2544/2533
f 2523/2579/2568 2518/2575/2564 2524/2538/2527
f 2582/2571/2560 2566/2557/2546 2580/2569/2558
f 2567/2563/2552 2568/2592/2580 2584/2577/2566
f 2557/2576/2565 2523/2579/2568 2549/2548/2537
f 2531/2519/2508 2525/2521/2510 2556/2543/2532
f 2515/2517/2506 2556/2543/2532 2529/2518/2507
f 2515/2517/2506 2521/2546/2535 2531/2519/2508
f 2567/2563/2552 2570/2562/2551 2528/2566/2555
f 2577/2583/2572 2533/2586/2575 2549/2548/2537
f 2555/2542/2531 2565/2556/2545 2564/2555/2544
f 2547/2535/2524 2546/2534/2523 2568/2592/2580
f 2584/2577/2566 2557/2576/2565 2590/2587/2576
f 2533/2586/2575 2557/2576/2565 2549/2548/2537
f 2527/2593/2581 2550/2547/2536 2516/2551/2540
f 2514/2558/2547 2513/2537/2526 2553/2540/2529
f 2523/2579/2568 2557/2576/2565 2575/2561/2550
f 2516/2551/2540 2521/2546/2535 2517/2516/2505
f 2532/2520/2509 2592/2589/2578 2525/2521/2510
f 2517/2516/2505 2521/2546/2535 2515/2517/2506
f 2594/2594/2582 2595/2595/2583 2596/2596/2584
f 2597/2597/2585 2640/2598/2586 2598/2599/2587
f 2599/2600/2588 2600/2601/2589 2601/2602/2590
f 2615/2603/2591 2603/2604/2592 2624/2605/2593
f 2604/2606/2594 2605/2607/2595 2606/2608/2596
f 2608/2609/2597 2609/2610/2598 2610/2611/2599
f 2612/2612/2600 2596/2596/2584 2613/2613/2601
f 2611/2614/2602 2619/2615/2603 2620/2616/2604
f 2602/2617/2605 2627/2618/2606 2622/2619/2607
f 2624/2605/2593 2603/2604/2592 2632/2620/2608
f 2612/2612/2600 2624/2605/2593 2632/2620/2608
f 2608/2609/2597 2614/2621/2609 2612/2612/2600
f 2616/2622/2610 2603/2604/2592 2615/2603/2591
f 2630/2623/2611 2615/2603/2591 2631/2624/2612
f 2634/2625/2613 2632/2620/2608 2603/2604/2592
f 2621/2626/2614 2637/2627/2615 2638/2628/2616
f 2612/2612/2600 2609/2610/2598 2608/2609/2597
f 2630/2623/2611 2616/2622/2610 2615/2603/2591
f 2638/2628/2616 2636/2629/2617 2640/2598/2586
f 2613/2613/2601 2609/2610/2598 2612/2612/2600
f 2630/2623/2611 2633/2630/2618 2616/2622/2610
f 2630/2623/2611 2631/2624/2612 2643/2631/2619
f 2644/2632/2620 2645/2633/2621 2611/2614/2602
f 2634/2625/2613 2647/2634/2622 2632/2620/2608
f 2615/2603/2591 2624/2605/2593 2614/2621/2609
f 2643/2631/2619 2648/2635/2623 2649/2636/2624
f 2650/2637/2625 2651/2638/2626 2640/2598/2586
f 2602/2617/2605 2611/2614/2602 2628/2639/2627
f 2652/2640/2628 2627/2618/2606 2642/2641/2629
f 2601/2602/2590 2625/2642/2630 2631/2624/2612
f 2611/2614/2602 2645/2633/2621 2628/2639/2627
f 2595/2595/2583 2613/2613/2601 2596/2596/2584
f 2617/2643/2631 2609/2610/2598 2654/2644/2632
f 2631/2624/2612 2655/2645/2633 2648/2635/2623
f 2656/2646/2634 2618/2647/2635 2650/2637/2625
f 2651/2638/2626 2650/2637/2625 2618/2647/2635
f 2623/2648/2636 2657/2649/2637 2622/2619/2607
f 2648/2635/2623 2643/2631/2619 2631/2624/2612
f 2607/2650/2638 2611/2614/2602 2602/2617/2605
f 2653/2651/2639 2656/2646/2634 2636/2629/2617
f 2617/2643/2631 2618/2647/2635 2656/2646/2634
f 2631/2624/2612 2614/2621/2609 2601/2602/2590
f 2640/2598/2586 2621/2626/2614 2638/2628/2616
f 2615/2603/2591 2614/2621/2609 2631/2624/2612
f 2601/2602/2590 2614/2621/2609 2599/2600/2588
f 2658/2652/2640 2632/2620/2608 2647/2634/2622
f 2655/2645/2633 2631/2624/2612 2641/2653/2641
f 2611/2614/2602 2620/2616/2604 2644/2632/2620
f 2626/2654/2642 2625/2642/2630 2601/2602/2590
f 2606/2608/2596 2611/2614/2602 2607/2650/2638
f 2659/2655/2643 2626/2654/2642 2657/2649/2637
f 2619/2615/2603 2611/2614/2602 2606/2608/2596
f 2660/2656/2644 2657/2649/2637 2626/2654/2642
f 2660/2656/2644 2601/2602/2590 2600/2601/2589
f 2626/2654/2642 2659/2655/2643 2661/2657/2645
f 2602/2617/2605 2628/2639/2627 2627/2618/2606
f 2625/2642/2630 2626/2654/2642 2661/2657/2645
f 2623/2648/2636 2659/2655/2643 2657/2649/2637
f 2660/2656/2644 2626/2654/2642 2601/2602/2590
f 2608/2609/2597 2610/2611/2599 2599/2600/2588
f 2656/2646/2634 2657/2649/2637 2662/2658/2646
f 2657/2649/2637 2653/2651/2639 2622/2619/2607
f 2662/2658/2646 2660/2656/2644 2600/2601/2589
f 2657/2649/2637 2660/2656/2644 2662/2658/2646
f 2656/2646/2634 2653/2651/2639 2657/2649/2637
f 2599/2600/2588 2662/2658/2646 2600/2601/2589
f 2662/2658/2646 2599/2600/2588 2610/2611/2599
f 2617/2643/2631 2656/2646/2634 2662/2658/2646
f 2617/2643/2631 2662/2658/2646 2610/2611/2599
f 2617/2643/2631 2610/2611/2599 2609/2610/2598
f 2597/2597/2585 2621/2626/2614 2640/2598/2586
f 2665/2659/2647 2639/2660/2648 2663/2661/2649
f 2633/2630/2618 2630/2623/2611 2643/2631/2619
f 2639/2660/2648 2666/2662/2650 2664/2663/2651
f 2639/2660/2648 2665/2659/2647 2666/2662/2650
f 2659/2655/2643 2623/2648/2636 2652/2640/2628
f 2656/2646/2634 2650/2637/2625 2636/2629/2617
f 2612/2612/2600 2614/2621/2609 2624/2605/2593
f 2596/2596/2584 2632/2620/2608 2658/2652/2640
f 2663/2661/2649 2639/2660/2648 2638/2628/2616
f 2632/2620/2608 2596/2596/2584 2612/2612/2600
f 2667/2664/2652 2634/2625/2613 2603/2604/2592
f 2646/2665/2653 2595/2595/2583 2651/2638/2626
f 2639/2660/2648 2664/2663/2651 2607/2650/2638
f 2613/2613/2601 2646/2665/2653 2654/2644/2632
f 2651/2638/2626 2618/2647/2635 2654/2644/2632
f 2619/2615/2603 2668/2666/2654 2620/2616/2604
f 2629/2667/2655 2620/2616/2604 2668/2666/2654
f 2651/2638/2626 2598/2599/2587 2640/2598/2586
f 2604/2606/2594 2606/2608/2596 2607/2650/2638
f 2606/2608/2596 2669/2668/2656 2619/2615/2603
f 2629/2667/2655 2668/2666/2654 2670/2669/2657
f 2646/2665/2653 2613/2613/2601 2595/2595/2583
f 2652/2640/2628 2623/2648/2636 2622/2619/2607
f 2639/2660/2648 2602/2617/2605 2635/2670/2658
f 2609/2610/2598 2613/2613/2601 2654/2644/2632
f 2602/2617/2605 2653/2651/2639 2635/2670/2658
f 2646/2665/2653 2651/2638/2626 2654/2644/2632
f 2664/2663/2651 2604/2606/2594 2607/2650/2638
f 2635/2670/2658 2636/2629/2617 2639/2660/2648
f 2651/2638/2626 2595/2595/2583 2671/2671/2659
f 2607/2650/2638 2602/2617/2605 2639/2660/2648
f 2598/2599/2587 2651/2638/2626 2671/2671/2659
f 2654/2644/2632 2618/2647/2635 2617/2643/2631
f 2627/2618/2606 2652/2640/2628 2622/2619/2607
f 2599/2600/2588 2614/2621/2609 2608/2609/2597
f 2639/2660/2648 2636/2629/2617 2638/2628/2616
f 2636/2629/2617 2650/2637/2625 2640/2598/2586
f 2602/2617/2605 2622/2619/2607 2653/2651/2639
f 2636/2629/2617 2635/2670/2658 2653/2651/2639
f 2596/2596/2584 2658/2652/2640 2594/2594/2582
f 2672/2672/2660 2673/2673/2661 2695/2674/2662
f 2674/2675/2663 2708/2676/2664 2675/2677/2665
f 2677/2678/2666 2676/2679/2667 2680/2680/2668
f 2684/2681/2669 2685/2682/2670 2686/2683/2671
f 2687/2684/2672 2688/2685/2673 2674/2675/2663
f 2691/2686/2674 2692/2687/2675 2733/2688/2676
f 2693/2689/2677 2694/2690/2678 2677/2678/2666
f 2695/2674/2662 2692/2687/2675 2696/2691/2679
f 2680/2680/2668 2676/2679/2667 2698/2692/2680
f 2708/2676/2664 2688/2685/2673 2676/2679/2667
f 2693/2689/2677 2711/2693/2681 2712/2694/2682
f 2672/2672/2660 2695/2674/2662 2700/2695/2683
f 2690/2696/2684 2677/2678/2666 2694/2690/2678
f 2713/2697/2685 2714/2698/2686 2705/2699/2687
f 2705/2699/2687 2716/2700/2688 2713/2697/2685
f 2718/2701/2689 2716/2700/2688 2719/2702/2690
f 2720/2703/2691 2683/2704/2692 2721/2705/2693
f 2717/2706/2694 2715/2707/2695 2704/2708/2696
f 2724/2709/2697 2688/2685/2673 2687/2684/2672
f 2710/2710/2698 2723/2711/2699 2722/2712/2700
f 2727/2713/2701 2728/2714/2702 2718/2701/2689
f 2682/2715/2703 2675/2677/2665 2708/2676/2664
f 2715/2707/2695 2720/2703/2691 2704/2708/2696
f 2678/2716/2704 2682/2715/2703 2672/2672/2660
f 2703/2717/2705 2702/2718/2706 2730/2719/2707
f 2706/2720/2708 2684/2681/2669 2723/2711/2699
f 2709/2721/2709 2731/2722/2710 2689/2723/2711
f 2726/2724/2712 2729/2725/2713 2732/2726/2714
f 2732/2726/2714 2686/2683/2671 2726/2724/2712
f 2693/2689/2677 2734/2727/2715 2683/2704/2692
f 2672/2672/2660 2700/2695/2683 2701/2728/2716
f 2722/2712/2700 2732/2726/2714 2729/2725/2713
f 2735/2729/2717 2693/2689/2677 2712/2694/2682
f 2692/2687/2675 2737/2730/2718 2696/2691/2679
f 2683/2704/2692 2709/2721/2709 2693/2689/2677
f 2692/2687/2675 2691/2686/2674 2737/2730/2718
f 2690/2696/2684 2694/2690/2678 2689/2723/2711
f 2708/2676/2664 2689/2723/2711 2707/2731/2719
f 2729/2725/2713 2715/2707/2695 2717/2706/2694
f 2697/2732/2720 2688/2685/2673 2741/2733/2721
f 2710/2710/2698 2722/2712/2700 2717/2706/2694
f 2723/2711/2699 2684/2681/2669 2722/2712/2700
f 2735/2729/2717 2699/2734/2722 2693/2689/2677
f 2708/2676/2664 2674/2675/2663 2688/2685/2673
f 2733/2688/2676 2686/2683/2671 2736/2735/2723
f 2742/2736/2724 2743/2737/2725 2682/2715/2703
f 2726/2724/2712 2686/2683/2671 2733/2688/2676
f 2731/2722/2710 2709/2721/2709 2715/2707/2695
f 2693/2689/2677 2709/2721/2709 2694/2690/2678
f 2695/2674/2662 2673/2673/2661 2726/2724/2712
f 2695/2674/2662 2744/2738/2726 2700/2695/2683
f 2707/2731/2719 2672/2672/2660 2708/2676/2664
f 2697/2732/2720 2739/2739/2727 2698/2692/2680
f 2673/2673/2661 2707/2731/2719 2689/2723/2711
f 2696/2691/2679 2744/2738/2726 2695/2674/2662
f 2715/2707/2695 2709/2721/2709 2683/2704/2692
f 2719/2702/2690 2723/2711/2699 2710/2710/2698
f 2695/2674/2662 2726/2724/2712 2692/2687/2675
f 2678/2716/2704 2672/2672/2660 2703/2717/2705
f 2682/2715/2703 2678/2716/2704 2679/2740/2728
f 2730/2719/2707 2678/2716/2704 2703/2717/2705
f 2676/2679/2667 2697/2732/2720 2698/2692/2680
f 2720/2703/2691 2715/2707/2695 2683/2704/2692
f 2738/2741/2729 2746/2742/2730 2740/2743/2731
f 2705/2699/2687 2723/2711/2699 2719/2702/2690
f 2711/2693/2681 2693/2689/2677 2677/2678/2666
f 2747/2744/2732 2748/2745/2733 2721/2705/2693
f 2676/2679/2667 2689/2723/2711 2708/2676/2664
f 2697/2732/2720 2676/2679/2667 2688/2685/2673
f 2709/2721/2709 2689/2723/2711 2694/2690/2678
f 2727/2713/2701 2718/2701/2689 2719/2702/2690
f 2750/2746/2734 2743/2737/2725 2742/2736/2724
f 2675/2677/2665 2682/2715/2703 2681/2747/2735
f 2672/2672/2660 2682/2715/2703 2708/2676/2664
f 2699/2734/2722 2734/2727/2715 2693/2689/2677
f 2729/2725/2713 2717/2706/2694 2722/2712/2700
f 2675/2677/2665 2681/2747/2735 2749/2748/2736
f 2704/2708/2696 2740/2743/2731 2710/2710/2698
f 2683/2704/2692 2747/2744/2732 2721/2705/2693
f 2697/2732/2720 2741/2733/2721 2751/2749/2737
f 2740/2743/2731 2746/2742/2730 2745/2750/2738
f 2682/2715/2703 2743/2737/2725 2681/2747/2735
f 2673/2673/2661 2729/2725/2713 2726/2724/2712
f 2727/2713/2701 2710/2710/2698 2745/2750/2738
f 2697/2732/2720 2751/2749/2737 2752/2751/2739
f 2731/2722/2710 2715/2707/2695 2729/2725/2713
f 2705/2699/2687 2719/2702/2690 2716/2700/2688
f 2673/2673/2661 2689/2723/2711 2731/2722/2710
f 2679/2740/2728 2742/2736/2724 2682/2715/2703
f 2683/2704/2692 2734/2727/2715 2747/2744/2732
f 2752/2751/2739 2739/2739/2727 2697/2732/2720
f 2684/2681/2669 2686/2683/2671 2732/2726/2714
f 2732/2726/2714 2722/2712/2700 2684/2681/2669
f 2719/2702/2690 2710/2710/2698 2727/2713/2701
f 2688/2685/2673 2724/2709/2697 2741/2733/2721
f 2701/2728/2716 2703/2717/2705 2672/2672/2660
f 2707/2731/2719 2673/2673/2661 2672/2672/2660
f 2725/2752/2740 2721/2705/2693 2748/2745/2733
f 2692/2687/2675 2726/2724/2712 2733/2688/2676
f 2740/2743/2731 2720/2703/2691 2738/2741/2729
f 2723/2711/2699 2705/2699/2687 2706/2720/2708
f 2720/2703/2691 2721/2705/2693 2738/2741/2729
f 2704/2708/2696 2710/2710/2698 2717/2706/2694
f 2685/2682/2670 2684/2681/2669 2706/2720/2708
f 2731/2722/2710 2729/2725/2713 2673/2673/2661
f 2740/2743/2731 2745/2750/2738 2710/2710/2698
f 2677/2678/2666 2680/2680/2668 2711/2693/2681
f 2689/2723/2711 2677/2678/2666 2690/2696/2684
f 2720/2703/2691 2740/2743/2731 2704/2708/2696
f 2676/2679/2667 2677/2678/2666 2689/2723/2711
f 2754/2753/2741 2753/2754/2742 2755/2755/2743
f 2756/2756/2744 2754/2753/2741 2755/2755/2743
f 2757/2757/2745 2758/2758/2746 2759/2759/2747
f 2760/2760/2748 2761/2761/2749 2758/2758/2746
f 2762/2762/2750 2759/2759/2747 2763/2763/2751
f 2766/2764/2752 2767/2765/2753 2757/2757/2745
f 2762/2762/2750 2757/2757/2745 2759/2759/2747
f 2770/2766/2754 2771/2767/2755 2765/2768/2756
f 2772/2769/2757 2758/2758/2746 2764/2770/2758
f 2773/2771/2759 2774/2772/2760 2775/2773/2761
f 2779/2774/2762 2778/2775/2763 2777/2776/2764
f 2779/2774/2762 2780/2777/2765 2778/2775/2763
f 2781/2778/2766 2782/2779/2767 2780/2777/2765
f 2779/2774/2762 2781/2778/2766 2780/2777/2765
f 2781/2778/2766 2785/2780/2768 2786/2781/2769
f 2787/2782/2770 2786/2781/2769 2785/2780/2768
f 2783/2783/2771 2789/2784/2772 2788/2785/2773
f 2787/2782/2770 2785/2780/2768 2790/2786/2774
f 2788/2785/2773 2764/2770/2758 2783/2783/2771
f 2790/2786/2774 2785/2780/2768 2789/2784/2772
f 2779/2774/2762 2772/2769/2757 2785/2780/2768
f 2783/2783/2771 2764/2770/2758 2761/2761/2749
f 2782/2779/2767 2781/2778/2766 2786/2781/2769
f 2785/2780/2768 2788/2785/2773 2789/2784/2772
f 2792/2787/2775 2791/2788/2776 2793/2789/2777
f 2795/2790/2778 2796/2791/2779 2754/2753/2741
f 2797/2792/2780 2798/2793/2781 2799/2794/2782
f 2800/2795/2783 2795/2790/2778 2754/2753/2741
f 2767/2765/2753 2802/2796/2784 2803/2797/2785
f 2795/2790/2778 2799/2794/2782 2796/2791/2779
f 2804/2798/2786 2798/2793/2781 2797/2792/2780
f 2754/2753/2741 2796/2791/2779 2794/2799/2787
f 2792/2787/2775 2763/2763/2751 2759/2759/2747
f 2798/2793/2781 2796/2791/2779 2799/2794/2782
f 2804/2798/2786 2803/2797/2785 2802/2796/2784
f 2794/2799/2787 2753/2754/2742 2754/2753/2741
f 2798/2793/2781 2794/2799/2787 2796/2791/2779
f 2760/2760/2748 2758/2758/2746 2757/2757/2745
f 2794/2799/2787 2798/2793/2781 2801/2800/2788
f 2804/2798/2786 2797/2792/2780 2805/2801/2789
f 2804/2798/2786 2805/2801/2789 2803/2797/2785
f 2759/2759/2747 2791/2788/2776 2792/2787/2775
f 2802/2796/2784 2767/2765/2753 2766/2764/2752
f 2757/2757/2745 2762/2762/2750 2766/2764/2752
f 2757/2757/2745 2767/2765/2753 2760/2760/2748
f 2761/2761/2749 2764/2770/2758 2758/2758/2746
f 2806/2802/2790 2761/2761/2749 2760/2760/2748
f 2799/2794/2782 2795/2790/2778 2807/2803/2791
f 2808/2804/2792 2807/2803/2791 2795/2790/2778
f 2795/2790/2778 2809/2805/2793 2808/2804/2792
f 2807/2803/2791 2797/2792/2780 2799/2794/2782
f 2759/2759/2747 2758/2758/2746 2772/2769/2757
f 2772/2769/2757 2764/2770/2758 2788/2785/2773
f 2791/2788/2776 2759/2759/2747 2772/2769/2757
f 2785/2780/2768 2772/2769/2757 2788/2785/2773
f 2811/2806/2794 2770/2766/2754 2765/2768/2756
f 2765/2768/2756 2771/2767/2755 2812/2807/2795
f 2810/2808/2796 2775/2773/2761 2816/2809/2797
f 2810/2808/2796 2816/2809/2797 2768/2810/2798
f 2813/2811/2799 2793/2789/2777 2777/2776/2764
f 2777/2776/2764 2776/2812/2800 2813/2811/2799
f 2792/2787/2775 2793/2789/2777 2813/2811/2799
f 2811/2806/2794 2792/2787/2775 2813/2811/2799
f 2814/2813/2801 2811/2806/2794 2813/2811/2799
f 2811/2806/2794 2763/2763/2751 2792/2787/2775
f 2814/2813/2801 2770/2766/2754 2811/2806/2794
f 2766/2764/2752 2762/2762/2750 2763/2763/2751
f 2760/2760/2748 2803/2797/2785 2806/2802/2790
f 2806/2802/2790 2803/2797/2785 2805/2801/2789
f 2803/2797/2785 2760/2760/2748 2767/2765/2753
f 2812/2807/2795 2810/2808/2796 2765/2768/2756
f 2773/2771/2759 2775/2773/2761 2810/2808/2796
f 2773/2771/2759 2810/2808/2796 2812/2807/2795
f 2817/2814/2802 2818/2815/2803 2800/2795/2783
f 2785/2780/2768 2781/2778/2766 2779/2774/2762
f 2779/2774/2762 2777/2776/2764 2793/2789/2777
f 2793/2789/2777 2772/2769/2757 2779/2774/2762
f 2791/2788/2776 2772/2769/2757 2793/2789/2777
f 2818/2815/2803 2809/2805/2793 2800/2795/2783
f 2817/2814/2802 2800/2795/2783 2756/2756/2744
f 2795/2790/2778 2800/2795/2783 2809/2805/2793
f 2784/2816/2804 2807/2803/2791 2808/2804/2792
f 2756/2756/2744 2800/2795/2783 2754/2753/2741
f 2816/2809/2797 2775/2773/2761 2815/2817/2805
f 2820/2818/2806 2784/2816/2804 2808/2804/2792
f 2820/2818/2806 2823/2819/2807 2784/2816/2804
f 2806/2802/2790 2783/2783/2771 2761/2761/2749
f 2766/2764/2752 2822/2820/2808 2802/2796/2784
f 2784/2816/2804 2823/2819/2807 2819/2821/2809
f 2783/2783/2771 2807/2803/2791 2784/2816/2804
f 2789/2784/2772 2783/2783/2771 2819/2821/2809
f 2824/2822/2810 2810/2808/2796 2768/2810/2798
f 2807/2803/2791 2783/2783/2771 2805/2801/2789
f 2783/2783/2771 2806/2802/2790 2805/2801/2789
f 2819/2821/2809 2783/2783/2771 2784/2816/2804
f 2797/2792/2780 2807/2803/2791 2805/2801/2789
f 2826/2823/2811 2827/2824/2812 2828/2825/2813
f 2825/2826/2814 2811/2806/2794 2765/2768/2756
f 2768/2810/2798 2816/2809/2797 2769/2827/2815
f 2830/2828/2816 2831/2829/2817 2832/2830/2818
f 2765/2768/2756 2810/2808/2796 2824/2822/2810
f 2830/2828/2816 2833/2831/2819 2831/2829/2817
f 2834/2832/2820 2815/2817/2805 2775/2773/2761
f 2768/2810/2798 2833/2831/2819 2824/2822/2810
f 2829/2833/2821 2835/2834/2822 2827/2824/2812
f 2822/2820/2808 2766/2764/2752 2825/2826/2814
f 2828/2825/2813 2830/2828/2816 2836/2835/2823
f 2815/2817/2805 2834/2832/2820 2837/2836/2824
f 2822/2820/2808 2821/2837/2825 2804/2798/2786
f 2753/2754/2742 2794/2799/2787 2835/2834/2822
f 2830/2828/2816 2825/2826/2814 2824/2822/2810
f 2822/2820/2808 2825/2826/2814 2821/2837/2825
f 2828/2825/2813 2827/2824/2812 2830/2828/2816
f 2794/2799/2787 2827/2824/2812 2835/2834/2822
f 2825/2826/2814 2765/2768/2756 2824/2822/2810
f 2830/2828/2816 2827/2824/2812 2825/2826/2814
f 2801/2800/2788 2827/2824/2812 2794/2799/2787
f 2826/2823/2811 2829/2833/2821 2827/2824/2812
f 2825/2826/2814 2766/2764/2752 2763/2763/2751
f 2836/2835/2823 2830/2828/2816 2832/2830/2818
f 2822/2820/2808 2804/2798/2786 2802/2796/2784
f 2798/2793/2781 2804/2798/2786 2821/2837/2825
f 2801/2800/2788 2821/2837/2825 2827/2824/2812
f 2811/2806/2794 2825/2826/2814 2763/2763/2751
f 2827/2824/2812 2821/2837/2825 2825/2826/2814
f 2798/2793/2781 2821/2837/2825 2801/2800/2788
f 2824/2822/2810 2833/2831/2819 2830/2828/2816
f 2838/2838/2826 2839/2839/2827 2840/2840/2828
f 2844/2841/2829 2848/2842/2830 2842/2843/2831
f 2842/2843/2831 2849/2844/2832 2847/2845/2833
f 2856/2846/2834 2853/2847/2835 2876/2848/2836
f 2854/2849/2837 2855/2850/2838 2876/2848/2836
f 2839/2839/2827 2842/2843/2831 2848/2842/2830
f 2844/2841/2829 2842/2843/2831 2841/2851/2839
f 2840/2840/2828 2839/2839/2827 2848/2842/2830
f 2841/2851/2839 2842/2843/2831 2847/2845/2833
f 2876/2848/2836 2853/2847/2835 2854/2849/2837
f 2862/2852/2840 2855/2850/2838 2868/2853/2841
f 2866/2854/2842 2867/2855/2843 2868/2853/2841
f 2838/2838/2826 2863/2856/2844 2852/2857/2845
f 2839/2839/2827 2850/2858/2846 2843/2859/2847
f 2838/2838/2826 2850/2858/2846 2839/2839/2827
f 2860/2860/2848 2861/2861/2849 2859/2862/2850
f 2861/2861/2849 2864/2863/2851 2859/2862/2850
f 2846/2864/2852 2869/2865/2853 2870/2866/2854
f 2871/2867/2855 2868/2853/2841 2867/2855/2843
f 2864/2863/2851 2872/2868/2856 2859/2862/2850
f 2862/2852/2840 2877/2869/2857 2855/2850/2838
f 2853/2847/2835 2861/2861/2849 2879/2870/2858
f 2870/2866/2854 2845/2871/2859 2846/2864/2852
f 2880/2872/2860 2862/2852/2840 2871/2867/2855
f 2838/2838/2826 2852/2857/2845 2850/2858/2846
f 2869/2865/2853 2846/2864/2852 2881/2873/2861
f 2882/2874/2862 2862/2852/2840 2880/2872/2860
f 2862/2852/2840 2882/2874/2862 2877/2869/2857
f 2878/2875/2863 2855/2850/2838 2854/2849/2837
f 2883/2876/2864 2869/2865/2853 2858/2877/2865
f 2883/2876/2864 2870/2866/2854 2869/2865/2853
f 2864/2863/2851 2883/2876/2864 2872/2868/2856
f 2883/2876/2864 2864/2863/2851 2873/2878/2866
f 2877/2869/2857 2885/2879/2867 2855/2850/2838
f 2842/2843/2831 2885/2879/2867 2877/2869/2857
f 2851/2880/2868 2870/2866/2854 2856/2846/2834
f 2850/2858/2846 2851/2880/2868 2843/2859/2847
f 2888/2881/2869 2886/2882/2870 2875/2883/2871
f 2870/2866/2854 2851/2880/2868 2845/2871/2859
f 2868/2853/2841 2855/2850/2838 2878/2875/2863
f 2892/2884/2872 2863/2856/2844 2838/2838/2826
f 2883/2876/2864 2873/2878/2866 2870/2866/2854
f 2843/2859/2847 2856/2846/2834 2885/2879/2867
f 2843/2859/2847 2885/2879/2867 2842/2843/2831
f 2849/2844/2832 2842/2843/2831 2877/2869/2857
f 2884/2885/2873 2894/2886/2874 2875/2883/2871
f 2843/2859/2847 2851/2880/2868 2856/2846/2834
f 2863/2856/2844 2881/2873/2861 2846/2864/2852
f 2887/2887/2875 2895/2888/2876 2874/2889/2877
f 2896/2890/2878 2857/2891/2879 2897/2892/2880
f 2898/2893/2881 2890/2894/2882 2889/2895/2883
f 2889/2895/2883 2863/2856/2844 2899/2896/2884
f 2856/2846/2834 2876/2848/2836 2885/2879/2867
f 2900/2897/2885 2890/2894/2882 2898/2893/2881
f 2875/2883/2871 2874/2889/2877 2895/2888/2876
f 2893/2898/2886 2857/2891/2879 2858/2877/2865
f 2875/2883/2871 2895/2888/2876 2888/2881/2869
f 2871/2867/2855 2862/2852/2840 2868/2853/2841
f 2878/2875/2863 2891/2899/2887 2868/2853/2841
f 2843/2859/2847 2842/2843/2831 2839/2839/2827
f 2850/2858/2846 2852/2857/2845 2845/2871/2859
f 2850/2858/2846 2845/2871/2859 2851/2880/2868
f 2846/2864/2852 2845/2871/2859 2852/2857/2845
f 2858/2877/2865 2869/2865/2853 2881/2873/2861
f 2890/2894/2882 2863/2856/2844 2889/2895/2883
f 2885/2879/2867 2876/2848/2836 2855/2850/2838
f 2890/2894/2882 2901/2900/2888 2902/2901/2889
f 2890/2894/2882 2881/2873/2861 2863/2856/2844
f 2894/2886/2874 2857/2891/2879 2875/2883/2871
f 2860/2860/2848 2879/2870/2858 2861/2861/2849
f 2889/2895/2883 2899/2896/2884 2898/2893/2881
f 2875/2883/2871 2865/2902/2890 2884/2885/2873
f 2890/2894/2882 2900/2897/2885 2901/2900/2888
f 2893/2898/2886 2875/2883/2871 2857/2891/2879
f 2846/2864/2852 2852/2857/2845 2863/2856/2844
f 2881/2873/2861 2890/2894/2882 2893/2898/2886
f 2875/2883/2871 2893/2898/2886 2874/2889/2877
f 2873/2878/2866 2856/2846/2834 2870/2866/2854
f 2853/2847/2835 2856/2846/2834 2873/2878/2866
f 2887/2887/2875 2890/2894/2882 2902/2901/2889
f 2863/2856/2844 2892/2884/2872 2899/2896/2884
f 2886/2882/2870 2865/2902/2890 2875/2883/2871
f 2893/2898/2886 2890/2894/2882 2887/2887/2875
f 2897/2892/2880 2857/2891/2879 2894/2886/2874
f 2866/2854/2842 2868/2853/2841 2903/2903/2891
f 2891/2899/2887 2903/2903/2891 2868/2853/2841
f 2858/2877/2865 2896/2890/2878 2904/2904/2892
f 2904/2904/2892 2905/2905/2893 2858/2877/2865
f 2873/2878/2866 2864/2863/2851 2861/2861/2849
f 2883/2876/2864 2858/2877/2865 2905/2905/2893
f 2883/2876/2864 2905/2905/2893 2872/2868/2856
f 2906/2906/2894 2859/2862/2850 2872/2868/2856
f 2907/2907/2895 2879/2870/2858 2860/2860/2848
f 2908/2908/2896 2860/2860/2848 2859/2862/2850
f 2874/2889/2877 2893/2898/2886 2887/2887/2875
f 2908/2908/2896 2907/2907/2895 2860/2860/2848
f 2881/2873/2861 2893/2898/2886 2858/2877/2865
f 2877/2869/2857 2882/2874/2862 2849/2844/2832
f 2873/2878/2866 2861/2861/2849 2853/2847/2835
f 2858/2877/2865 2857/2891/2879 2896/2890/2878
f 2914/2909/2897 2931/2910/2898 2915/2911/2899
f 2916/2912/2900 2917/2913/2901 2918/2914/2902
f 2922/2915/2903 2912/2916/2904 2911/2917/2905
f 2924/2918/2906 2923/2919/2907 2910/2920/2908
f 2910/2920/2908 2925/2921/2909 2909/2922/2910
f 2927/2923/2911 2928/2924/2912 2921/2925/2913
f 2929/2926/2914 2930/2927/2915 2911/2917/2905
f 2922/2915/2903 2911/2917/2905 2930/2927/2915
f 2926/2928/2916 2910/2920/2908 2933/2929/2917
f 2919/2930/2918 2934/2931/2919 2935/2932/2920
f 2952/2933/2921 2927/2923/2911 2921/2925/2913
f 2936/2934/2922 2937/2935/2923 2911/2917/2905
f 2936/2934/2922 2912/2916/2904 2926/2928/2916
f 2916/2912/2900 2918/2914/2902 2913/2936/2924
f 2914/2909/2897 2939/2937/2925 2938/2938/2926
f 2931/2910/2898 2932/2939/2927 2941/2940/2928
f 2925/2921/2909 2910/2920/2908 2923/2919/2907
f 2920/2941/2929 2943/2942/2930 2944/2943/2931
f 2945/2944/2932 2946/2945/2933 2935/2932/2920
f 2947/2946/2934 2929/2926/2914 2911/2917/2905
f 2938/2938/2926 2931/2910/2898 2914/2909/2897
f 2927/2923/2911 2952/2933/2921 2938/2938/2926
f 2954/2947/2935 2955/2948/2936 2931/2910/2898
f 2924/2918/2906 2922/2915/2903 2951/2949/2937
f 2953/2950/2938 2934/2931/2919 2954/2947/2935
f 2952/2933/2921 2957/2951/2939 2938/2938/2926
f 2935/2932/2920 2946/2945/2933 2919/2930/2918
f 2950/2952/2940 2931/2910/2898 2941/2940/2928
f 2910/2920/2908 2922/2915/2903 2924/2918/2906
f 2938/2938/2926 2939/2937/2925 2927/2923/2911
f 2940/2953/2941 2942/2954/2942 2909/2922/2910
f 2921/2925/2913 2959/2955/2943 2960/2956/2944
f 2910/2920/2908 2926/2928/2916 2912/2916/2904
f 2959/2955/2943 2921/2925/2913 2961/2957/2945
f 2933/2929/2917 2910/2920/2908 2909/2922/2910
f 2965/2958/2946 2917/2913/2901 2916/2912/2900
f 2922/2915/2903 2910/2920/2908 2912/2916/2904
f 2949/2959/2947 2961/2957/2945 2921/2925/2913
f 2950/2952/2940 2941/2940/2928 2967/2960/2948
f 2913/2936/2924 2921/2925/2913 2960/2956/2944
f 2959/2955/2943 2968/2961/2949 2960/2956/2944
f 2934/2931/2919 2919/2930/2918 2944/2943/2931
f 2942/2954/2942 2969/2962/2950 2909/2922/2910
f 2916/2912/2900 2971/2963/2951 2965/2958/2946
f 2937/2935/2923 2947/2946/2934 2911/2917/2905
f 2973/2964/2952 2932/2939/2927 2931/2910/2898
f 2914/2909/2897 2970/2965/2953 2939/2937/2925
f 2974/2966/2954 2963/2967/2955 2944/2943/2931
f 2975/2968/2956 2950/2952/2940 2967/2960/2948
f 2974/2966/2954 2944/2943/2931 2943/2942/2930
f 2928/2924/2912 2927/2923/2911 2976/2969/2957
f 2955/2948/2936 2973/2964/2952 2931/2910/2898
f 2977/2970/2958 2954/2947/2935 2978/2971/2959
f 2915/2911/2899 2931/2910/2898 2950/2952/2940
f 2966/2972/2960 2916/2912/2900 2913/2936/2924
f 2931/2910/2898 2964/2973/2961 2954/2947/2935
f 2965/2958/2946 2971/2963/2951 2979/2974/2962
f 2955/2948/2936 2954/2947/2935 2977/2970/2958
f 2969/2962/2950 2942/2954/2942 2948/2975/2963
f 2918/2914/2902 2936/2934/2922 2926/2928/2916
f 2953/2950/2938 2954/2947/2935 2964/2973/2961
f 2936/2934/2922 2911/2917/2905 2912/2916/2904
f 2919/2930/2918 2946/2945/2933 2920/2941/2929
f 2962/2976/2964 2944/2943/2931 2963/2967/2955
f 2980/2977/2965 2918/2914/2902 2926/2928/2916
f 2953/2950/2938 2972/2978/2966 2934/2931/2919
f 2936/2934/2922 2917/2913/2901 2937/2935/2923
f 2936/2934/2922 2918/2914/2902 2917/2913/2901
f 2944/2943/2931 2962/2976/2964 2981/2979/2967
f 2956/2980/2968 2982/2981/2969 2944/2943/2931
f 2931/2910/2898 2938/2938/2926 2964/2973/2961
f 2956/2980/2968 2944/2943/2931 2981/2979/2967
f 2960/2956/2944 2966/2972/2960 2913/2936/2924
f 2958/2982/2970 2920/2941/2929 2946/2945/2933
f 2954/2947/2935 2982/2981/2969 2978/2971/2959
f 2949/2959/2947 2921/2925/2913 2928/2924/2912
f 2969/2962/2950 2945/2944/2932 2972/2978/2966
f 2957/2951/2939 2952/2933/2921 2980/2977/2965
f 2937/2935/2923 2917/2913/2901 2965/2958/2946
f 2945/2944/2932 2935/2932/2920 2972/2978/2966
f 2934/2931/2919 2982/2981/2969 2954/2947/2935
f 2947/2946/2934 2984/2983/2971 2929/2926/2914
f 2944/2943/2931 2919/2930/2918 2920/2941/2929
f 2982/2981/2969 2934/2931/2919 2944/2943/2931
f 2952/2933/2921 2913/2936/2924 2918/2914/2902
f 2952/2933/2921 2921/2925/2913 2913/2936/2924
f 2964/2973/2961 2957/2951/2939 2953/2950/2938
f 2972/2978/2966 2935/2932/2920 2934/2931/2919
f 2980/2977/2965 2952/2933/2921 2918/2914/2902
f 2983/2984/2972 2984/2983/2971 2947/2946/2934
f 2945/2944/2932 2969/2962/2950 2948/2975/2963
f 2972/2978/2966 2953/2950/2938 2957/2951/2939
f 2964/2973/2961 2938/2938/2926 2957/2951/2939
f 2980/2977/2965 2972/2978/2966 2957/2951/2939
f 2926/2928/2916 2972/2978/2966 2980/2977/2965
f 2969/2962/2950 2933/2929/2917 2909/2922/2910
f 2933/2929/2917 2972/2978/2966 2926/2928/2916
f 2942/2954/2942 2985/2985/2973 2948/2975/2963
f 2972/2978/2966 2933/2929/2917 2969/2962/2950
f 2989/2986/2974 3048/2987/2975 2990/2988/2976
f 3038/2989/2977 2993/2990/2978 2994/2991/2979
f 2995/2992/2980 2996/2993/2981 2997/2994/2982
f 2998/2995/2983 2991/2996/2984 2999/2997/2985
f 3001/2998/2986 3002/2999/2987 3003/3000/2988
f 3005/3001/2989 2993/2990/2978 3006/3002/2990
f 3009/3003/2991 3008/3004/2992 3000/3005/2993
f 3009/3003/2991 3010/3006/2994 2988/3007/2995
f 3011/3008/2996 3000/3005/2993 2986/3009/2997
f 3012/3010/2998 2993/2990/2978 3038/2989/2977
f 3014/3011/2999 2999/2997/2985 2991/2996/2984
f 3016/3012/3000 3017/3013/3001 3018/3014/3002
f 3019/3015/3003 3020/3016/3004 3021/3017/3005
f 2988/3007/2995 3015/3018/3006 3009/3003/2991
f 3022/3019/3007 3004/3020/3008 2992/3021/3009
f 3009/3003/2991 3000/3005/2993 3011/3008/2996
f 3026/3022/3010 3036/3023/3011 3027/3024/3012
f 3017/3013/3001 2987/3025/3013 3028/3026/3014
f 2998/2995/2983 2999/2997/2985 3024/3027/3015
f 3023/3028/3016 2998/2995/2983 3024/3027/3015
f 3016/3012/3000 3031/3029/3017 3032/3030/3018
f 3033/3031/3019 3031/3029/3017 3016/3012/3000
f 3033/3031/3019 3016/3012/3000 3035/3032/3020
f 3023/3028/3016 3019/3015/3003 2998/2995/2983
f 3021/3017/3005 3022/3019/3007 3019/3015/3003
f 3034/3033/3021 3011/3008/2996 3037/3034/3022
f 3036/3023/3011 3028/3026/3014 3007/3035/3023
f 3041/3036/3024 2989/2986/2974 2986/3009/2997
f 3022/3019/3007 3021/3017/3005 3039/3037/3025
f 3040/3038/3026 2986/3009/2997 2989/2986/2974
f 3037/3034/3022 3011/3008/2996 3029/3039/3027
f 2995/2992/2980 2994/2991/2979 3005/3001/2989
f 3022/3019/3007 3048/2987/2975 3041/3036/3024
f 3016/3012/3000 2987/3025/3013 3017/3013/3001
f 3036/3023/3011 3012/3010/2998 3017/3013/3001
f 3030/3040/3028 3008/3004/2992 3042/3041/3029
f 3003/3000/2988 3002/2999/2987 3025/3042/3030
f 3028/3026/3014 3034/3033/3021 3037/3034/3022
f 2990/2988/2976 3043/3043/3031 3040/3038/3026
f 3032/3030/3018 2987/3025/3013 3016/3012/3000
f 2989/2986/2974 2990/2988/2976 3040/3038/3026
f 3002/2999/2987 2994/2991/2979 3025/3042/3030
f 2994/2991/2979 3002/2999/2987 3038/2989/2977
f 3044/3044/3032 3012/3010/2998 3026/3022/3010
f 2992/3021/3009 3008/3004/2992 3030/3040/3028
f 2988/3007/2995 3010/3006/2994 2987/3025/3013
f 3019/3015/3003 3022/3019/3007 2992/3021/3009
f 2991/2996/2984 2992/3021/3009 3030/3040/3028
f 3036/3023/3011 3007/3035/3023 3013/3045/3033
f 3002/2999/2987 3018/3014/3002 3017/3013/3001
f 3017/3013/3001 3028/3026/3014 3036/3023/3011
f 2992/3021/3009 2998/2995/2983 3019/3015/3003
f 2994/2991/2979 2993/2990/2978 3005/3001/2989
f 3011/3008/2996 2986/3009/2997 3029/3039/3027
f 3045/3046/3034 3046/3047/3035 3023/3028/3016
f 3042/3041/3029 3009/3003/2991 3015/3018/3006
f 2986/3009/2997 3040/3038/3026 3029/3039/3027
f 2992/3021/3009 3004/3020/3008 3008/3004/2992
f 3010/3006/2994 3034/3033/3021 2987/3025/3013
f 3023/3028/3016 3046/3047/3035 3047/3048/3036
f 3016/3012/3000 3018/3014/3002 3035/3032/3020
f 2996/2993/2981 3049/3049/3037 2997/2994/2982
f 3022/3019/3007 3039/3037/3025 3048/2987/2975
f 2987/3025/3013 3032/3030/3018 3050/3050/3038
f 3051/3051/3039 3052/3052/3040 3053/3053/3041
f 3003/3000/2988 2997/2994/2982 3054/3054/3042
f 3040/3038/3026 3013/3045/3033 3029/3039/3027
f 3051/3051/3039 3048/2987/2975 3055/3055/3043
f 3048/2987/2975 3051/3051/3039 2990/2988/2976
f 3058/3056/3044 3027/3024/3012 3056/3057/3045
f 2997/2994/2982 3003/3000/2988 3025/3042/3030
f 3055/3055/3043 3048/2987/2975 3039/3037/3025
f 2987/3025/3013 3050/3050/3038 2988/3007/2995
f 3043/3043/3031 3056/3057/3045 3013/3045/3033
f 3043/3043/3031 3013/3045/3033 3040/3038/3026
f 3041/3036/3024 3048/2987/2975 2989/2986/2974
f 3029/3039/3027 3013/3045/3033 3037/3034/3022
f 3059/3058/3046 3043/3043/3031 3060/3059/3047
f 3056/3057/3045 3043/3043/3031 3059/3058/3046
f 3061/3060/3048 3060/3059/3047 3043/3043/3031
f 3053/3053/3041 3061/3060/3048 2990/2988/2976
f 2990/2988/2976 3061/3060/3048 3043/3043/3031
f 3059/3058/3046 3058/3056/3044 3056/3057/3045
f 2990/2988/2976 3051/3051/3039 3053/3053/3041
f 3036/3023/3011 3013/3045/3033 3057/3061/3049
f 3036/3023/3011 3057/3061/3049 3027/3024/3012
f 3028/3026/3014 2987/3025/3013 3034/3033/3021
f 3056/3057/3045 3027/3024/3012 3057/3061/3049
f 3026/3022/3010 3012/3010/2998 3036/3023/3011
f 3056/3057/3045 3057/3061/3049 3013/3045/3033
f 2994/2991/2979 2995/2992/2980 3025/3042/3030
f 3028/3026/3014 3037/3034/3022 3007/3035/3023
f 3062/3062/3050 3063/3063/3051 2997/2994/2982
f 3025/3042/3030 2995/2992/2980 2997/2994/2982
f 3000/3005/2993 3004/3020/3008 3041/3036/3024
f 3063/3063/3051 3064/3064/3052 2997/2994/2982
f 3049/3049/3037 3062/3062/3050 2997/2994/2982
f 3038/2989/2977 3002/2999/2987 3017/3013/3001
f 3003/3000/2988 3054/3054/3042 3001/2998/2986
f 2997/2994/2982 3064/3064/3052 3054/3054/3042
f 3045/3046/3034 3023/3028/3016 3024/3027/3015
f 3034/3033/3021 3010/3006/2994 3011/3008/2996
f 3041/3036/3024 3004/3020/3008 3022/3019/3007
f 3000/3005/2993 3041/3036/3024 2986/3009/2997
f 3066/3065/3053 3067/3066/3054 3047/3048/3036
f 3018/3014/3002 3002/2999/2987 3001/2998/2986
f 3017/3013/3001 3012/3010/2998 3038/2989/2977
f 3007/3035/3023 3037/3034/3022 3013/3045/3033
f 3058/3056/3044 3059/3058/3046 3068/3067/3055
f 3065/3068/3056 2991/2996/2984 3030/3040/3028
f 3069/3069/3057 3068/3067/3055 3059/3058/3046
f 3009/3003/2991 3042/3041/3029 3008/3004/2992
f 3010/3006/2994 3009/3003/2991 3011/3008/2996
f 3050/3050/3038 3015/3018/3006 2988/3007/2995
f 3047/3048/3036 3046/3047/3035 3066/3065/3053
f 2992/3021/3009 2991/2996/2984 2998/2995/2983
f 3000/3005/2993 3008/3004/2992 3004/3020/3008
f 3070/3070/3058 3074/3071/3059 3071/3072/3060
f 3077/3073/3061 3082/3074/3062 3080/3075/3063
f 3084/3076/3064 3076/3077/3065 3085/3078/3066
f 3080/3075/3063 3087/3079/3067 3083/3080/3068
f 3087/3079/3067 3080/3075/3063 3082/3074/3062
f 3075/3081/3069 3080/3075/3063 3079/3082/3070
f 3079/3082/3070 3086/3083/3071 3081/3084/3072
f 3083/3080/3068 3079/3082/3070 3080/3075/3063
f 3081/3084/3072 3086/3083/3071 3071/3072/3060
f 3093/3085/3073 3094/3086/3074 3095/3087/3075
f 3081/3084/3072 3075/3081/3069 3079/3082/3070
f 3075/3081/3069 3081/3084/3072 3076/3077/3065
f 3083/3080/3068 3089/3088/3076 3098/3089/3077
f 3077/3073/3061 3075/3081/3069 3078/3090/3078
f 3089/3088/3076 3087/3079/3067 3088/3091/3079
f 3077/3073/3061 3099/3092/3080 3100/3093/3081
f 3072/3094/3082 3083/3080/3068 3073/3095/3083
f 3070/3070/3058 3071/3072/3060 3086/3083/3071
f 3100/3093/3081 3099/3092/3080 3101/3096/3084
f 3076/3077/3065 3084/3076/3064 3078/3090/3078
f 3089/3088/3076 3102/3097/3085 3103/3098/3086
f 3070/3070/3058 3086/3083/3071 3079/3082/3070
f 3105/3099/3087 3106/3100/3088 3107/3101/3089
f 3110/3102/3090 3071/3072/3060 3074/3071/3059
f 3073/3095/3083 3074/3071/3059 3072/3094/3082
f 3093/3085/3073 3095/3087/3075 3111/3103/3091
f 3083/3080/3068 3072/3094/3082 3079/3082/3070
f 3074/3071/3059 3114/3104/3092 3110/3102/3090
f 3114/3104/3092 3104/3105/3093 3110/3102/3090
f 3082/3074/3062 3077/3073/3061 3100/3093/3081
f 3119/3106/3094 3120/3107/3095 3121/3108/3096
f 3080/3075/3063 3075/3081/3069 3077/3073/3061
f 3089/3088/3076 3083/3080/3068 3087/3079/3067
f 3116/3109/3097 3119/3106/3094 3121/3108/3096
f 3123/3110/3098 3108/3111/3099 3096/3112/3100
f 3109/3113/3101 3118/3114/3102 3111/3103/3091
f 3073/3095/3083 3115/3115/3103 3124/3116/3104
f 3073/3095/3083 3124/3116/3104 3125/3117/3105
f 3117/3118/3106 3126/3119/3107 3122/3120/3108
f 3105/3099/3087 3127/3121/3109 3106/3100/3088
f 3115/3115/3103 3128/3122/3110 3116/3109/3097
f 3112/3123/3111 3110/3102/3090 3095/3087/3075
f 3109/3113/3101 3108/3111/3099 3129/3124/3112
f 3103/3098/3086 3128/3122/3110 3115/3115/3103
f 3076/3077/3065 3078/3090/3078 3075/3081/3069
f 3130/3125/3113 3128/3122/3110 3103/3098/3086
f 3131/3126/3114 3094/3086/3074 3093/3085/3073
f 3133/3127/3115 3097/3128/3116 3091/3129/3117
f 3126/3119/3107 3117/3118/3106 3109/3113/3101
f 3091/3129/3117 3097/3128/3116 3096/3112/3100
f 3134/3130/3118 3126/3119/3107 3109/3113/3101
f 3106/3100/3088 3135/3131/3119 3095/3087/3075
f 3104/3105/3093 3111/3103/3091 3110/3102/3090
f 3108/3111/3099 3104/3105/3093 3114/3104/3092
f 3109/3113/3101 3111/3103/3091 3104/3105/3093
f 3135/3131/3119 3112/3123/3111 3095/3087/3075
f 3108/3111/3099 3109/3113/3101 3104/3105/3093
f 3129/3124/3112 3108/3111/3099 3123/3110/3098
f 3092/3132/3120 3124/3116/3104 3136/3133/3121
f 3091/3129/3117 3125/3117/3105 3124/3116/3104
f 3091/3129/3117 3124/3116/3104 3092/3132/3120
f 3117/3118/3106 3118/3114/3102 3109/3113/3101
f 3076/3077/3065 3081/3084/3072 3090/3134/3122
f 3108/3111/3099 3125/3117/3105 3096/3112/3100
f 3077/3073/3061 3078/3090/3078 3137/3135/3123
f 3093/3085/3073 3138/3136/3124 3113/3137/3125
f 3099/3092/3080 3077/3073/3061 3137/3135/3123
f 3125/3117/3105 3108/3111/3099 3114/3104/3092
f 3129/3124/3112 3134/3130/3118 3109/3113/3101
f 3139/3138/3126 3087/3079/3067 3082/3074/3062
f 3103/3098/3086 3102/3097/3085 3130/3125/3113
f 3095/3087/3075 3110/3102/3090 3111/3103/3091
f 3090/3134/3122 3140/3139/3127 3076/3077/3065
f 3140/3139/3127 3141/3140/3128 3142/3141/3129
f 3142/3141/3129 3085/3078/3066 3076/3077/3065
f 3140/3139/3127 3142/3141/3129 3076/3077/3065
f 3143/3142/3130 3140/3139/3127 3090/3134/3122
f 3144/3143/3131 3091/3129/3117 3092/3132/3120
f 3107/3101/3089 3106/3100/3088 3094/3086/3074
f 3092/3132/3120 3145/3144/3132 3144/3143/3131
f 3098/3089/3077 3103/3098/3086 3115/3115/3103
f 3096/3112/3100 3125/3117/3105 3091/3129/3117
f 3143/3142/3130 3146/3145/3133 3147/3146/3134
f 3148/3147/3135 3146/3145/3133 3143/3142/3130
f 3149/3148/3136 3150/3149/3137 3118/3114/3102
f 3131/3126/3114 3093/3085/3073 3151/3150/3138
f 3121/3108/3096 3115/3115/3103 3116/3109/3097
f 3098/3089/3077 3115/3115/3103 3073/3095/3083
f 3089/3088/3076 3103/3098/3086 3098/3089/3077
f 3071/3072/3060 3090/3134/3122 3081/3084/3072
f 3147/3146/3134 3140/3139/3127 3143/3142/3130
f 3113/3137/3125 3151/3150/3138 3093/3085/3073
f 3121/3108/3096 3120/3107/3095 3136/3133/3121
f 3136/3133/3121 3154/3151/3139 3155/3152/3140
f 3136/3133/3121 3155/3152/3140 3145/3144/3132
f 3154/3151/3139 3120/3107/3095 3156/3153/3141
f 3136/3133/3121 3145/3144/3132 3092/3132/3120
f 3154/3151/3139 3136/3133/3121 3120/3107/3095
f 3131/3126/3114 3107/3101/3089 3094/3086/3074
f 3094/3086/3074 3106/3100/3088 3095/3087/3075
f 3144/3143/3131 3133/3127/3115 3091/3129/3117
f 3118/3114/3102 3117/3118/3106 3157/3154/3142
f 3083/3080/3068 3098/3089/3077 3073/3095/3083
f 3124/3116/3104 3115/3115/3103 3121/3108/3096
f 3124/3116/3104 3121/3108/3096 3136/3133/3121
f 3118/3114/3102 3157/3154/3142 3149/3148/3136
f 3125/3117/3105 3114/3104/3092 3074/3071/3059
f 3074/3071/3059 3073/3095/3083 3125/3117/3105
f 3117/3118/3106 3132/3155/3143 3157/3154/3142
f 3138/3136/3124 3093/3085/3073 3118/3114/3102
f 3072/3094/3082 3074/3071/3059 3070/3070/3058
f 3112/3123/3111 3071/3072/3060 3110/3102/3090
f 3070/3070/3058 3079/3082/3070 3072/3094/3082
f 3148/3147/3135 3143/3142/3130 3158/3156/3144
f 3112/3123/3111 3135/3131/3119 3071/3072/3060
f 3152/3157/3145 3146/3145/3133 3148/3147/3135
f 3071/3072/3060 3158/3156/3144 3143/3142/3130
f 3152/3157/3145 3148/3147/3135 3158/3156/3144
f 3143/3142/3130 3090/3134/3122 3071/3072/3060
f 3153/3158/3146 3106/3100/3088 3127/3121/3109
f 3152/3157/3145 3158/3156/3144 3159/3159/3147
f 3158/3156/3144 3135/3131/3119 3153/3158/3146
f 3153/3158/3146 3159/3159/3147 3158/3156/3144
f 3153/3158/3146 3135/3131/3119 3106/3100/3088
f 3138/3136/3124 3118/3114/3102 3150/3149/3137
f 3158/3156/3144 3071/3072/3060 3135/3131/3119
f 3111/3103/3091 3118/3114/3102 3093/3085/3073
f 3174/3160/3148 3175/3161/3149 3190/3162/3150
f 3171/3163/3151 3176/3164/3152 3177/3165/3153
f 3161/3166/3154 3160/3167/3155 3178/3168/3156
f 3171/3163/3151 3179/3169/3157 3180/3170/3158
f 3181/3171/3159 3182/3172/3160 3183/3173/3161
f 3161/3166/3154 3178/3168/3156 3187/3174/3162
f 3210/3175/3163 3183/3173/3161 3188/3176/3164
f 3189/3177/3165 3190/3162/3150 3191/3178/3166
f 3194/3179/3167 3195/3180/3168 3196/3181/3169
f 3197/3182/3170 3189/3177/3165 3198/3183/3171
f 3165/3184/3172 3166/3185/3173 3190/3162/3150
f 3171/3163/3151 3180/3170/3158 3192/3186/3174
f 3175/3161/3149 3203/3187/3175 3201/3188/3176
f 3192/3186/3174 3207/3189/3177 3208/3190/3178
f 3185/3191/3179 3191/3178/3166 3175/3161/3149
f 3166/3185/3173 3174/3160/3148 3190/3162/3150
f 3166/3185/3173 3215/3192/3180 3216/3193/3181
f 3184/3194/3182 3183/3173/3161 3199/3195/3183
f 3187/3174/3162 3169/3196/3184 3168/3197/3185
f 3199/3195/3183 3219/3198/3186 3189/3177/3165
f 3220/3199/3187 3203/3187/3175 3174/3160/3148
f 3215/3192/3180 3166/3185/3173 3165/3184/3172
f 3211/3200/3188 3210/3175/3163 3160/3167/3155
f 3188/3176/3164 3217/3201/3189 3170/3202/3190
f 3186/3203/3191 3178/3168/3156 3205/3204/3192
f 3225/3205/3193 3226/3206/3194 3227/3207/3195
f 3169/3196/3184 3187/3174/3162 3214/3208/3196
f 3226/3206/3194 3230/3209/3197 3204/3210/3198
f 3189/3177/3165 3197/3182/3170 3184/3194/3182
f 3215/3192/3180 3165/3184/3172 3200/3211/3199
f 3197/3182/3170 3181/3171/3159 3184/3194/3182
f 3168/3197/3185 3218/3212/3200 3206/3213/3201
f 3162/3214/3202 3173/3215/3203 3231/3216/3204
f 3168/3197/3185 3206/3213/3201 3187/3174/3162
f 3185/3191/3179 3175/3161/3149 3233/3217/3205
f 3204/3210/3198 3234/3218/3206 3229/3219/3207
f 3219/3198/3186 3212/3220/3208 3165/3184/3172
f 3229/3219/3207 3234/3218/3206 3232/3221/3209
f 3234/3218/3206 3204/3210/3198 3222/3222/3210
f 3184/3194/3182 3199/3195/3183 3189/3177/3165
f 3229/3219/3207 3232/3221/3209 3163/3223/3211
f 3203/3187/3175 3175/3161/3149 3174/3160/3148
f 3204/3210/3198 3230/3209/3197 3195/3180/3168
f 3165/3184/3172 3212/3220/3208 3200/3211/3199
f 3205/3204/3192 3176/3164/3152 3186/3203/3191
f 3236/3224/3212 3234/3218/3206 3222/3222/3210
f 3163/3223/3211 3173/3215/3203 3162/3214/3202
f 3211/3200/3188 3199/3195/3183 3210/3175/3163
f 3175/3161/3149 3191/3178/3166 3190/3162/3150
f 3205/3204/3192 3178/3168/3156 3160/3167/3155
f 3200/3211/3199 3212/3220/3208 3206/3213/3201
f 3186/3203/3191 3176/3164/3152 3238/3225/3213
f 3238/3225/3213 3192/3186/3174 3208/3190/3178
f 3238/3225/3213 3187/3174/3162 3186/3203/3191
f 3177/3165/3153 3231/3216/3204 3221/3226/3214
f 3205/3204/3192 3160/3167/3155 3170/3202/3190
f 3202/3227/3215 3233/3217/3205 3175/3161/3149
f 3232/3221/3209 3173/3215/3203 3163/3223/3211
f 3196/3181/3169 3240/3228/2079 3194/3179/3167
f 3217/3201/3189 3229/3219/3207 3163/3223/3211
f 3176/3164/3152 3171/3163/3151 3238/3225/3213
f 3212/3220/3208 3211/3200/3188 3161/3166/3154
f 3201/3188/3176 3203/3187/3175 3241/3229/3216
f 3188/3176/3164 3223/3230/3217 3228/3231/3218
f 3195/3180/3168 3222/3222/3210 3204/3210/3198
f 3202/3227/3215 3201/3188/3176 3239/3232/3219
f 3190/3162/3150 3219/3198/3186 3165/3184/3172
f 3164/3233/3220 3231/3216/3204 3167/3234/3221
f 3182/3172/3160 3223/3230/3217 3183/3173/3161
f 3227/3207/3195 3217/3201/3189 3188/3176/3164
f 3228/3231/3218 3227/3207/3195 3188/3176/3164
f 3210/3175/3163 3170/3202/3190 3160/3167/3155
f 3199/3195/3183 3183/3173/3161 3210/3175/3163
f 3167/3234/3221 3176/3164/3152 3205/3204/3192
f 3211/3200/3188 3212/3220/3208 3219/3198/3186
f 3242/3235/3222 3238/3225/3213 3208/3190/3178
f 3205/3204/3192 3164/3233/3220 3167/3234/3221
f 3204/3210/3198 3229/3219/3207 3226/3206/3194
f 3170/3202/3190 3164/3233/3220 3205/3204/3192
f 3162/3214/3202 3231/3216/3204 3164/3233/3220
f 3223/3230/3217 3188/3176/3164 3183/3173/3161
f 3171/3163/3151 3192/3186/3174 3238/3225/3213
f 3177/3165/3153 3179/3169/3157 3171/3163/3151
f 3195/3180/3168 3194/3179/3167 3222/3222/3210
f 3187/3174/3162 3238/3225/3213 3242/3235/3222
f 3175/3161/3149 3201/3188/3176 3202/3227/3215
f 3170/3202/3190 3162/3214/3202 3164/3233/3220
f 3206/3213/3201 3212/3220/3208 3161/3166/3154
f 3227/3207/3195 3226/3206/3194 3217/3201/3189
f 3185/3191/3179 3198/3183/3171 3191/3178/3166
f 3199/3195/3183 3211/3200/3188 3219/3198/3186
f 3176/3164/3152 3167/3234/3221 3231/3216/3204
f 3189/3177/3165 3191/3178/3166 3198/3183/3171
f 3231/3216/3204 3172/3236/3223 3221/3226/3214
f 3215/3192/3180 3200/3211/3199 3209/3237/3224
f 3186/3203/3191 3187/3174/3162 3178/3168/3156
f 3177/3165/3153 3176/3164/3152 3231/3216/3204
f 3192/3186/3174 3180/3170/3158 3193/3238/3225
f 3162/3214/3202 3217/3201/3189 3163/3223/3211
f 3214/3208/3196 3187/3174/3162 3242/3235/3222
f 3161/3166/3154 3187/3174/3162 3206/3213/3201
f 3197/3182/3170 3224/3239/3226 3181/3171/3159
f 3214/3208/3196 3213/3240/3227 3169/3196/3184
f 3218/3212/3200 3200/3211/3199 3206/3213/3201
f 3217/3201/3189 3226/3206/3194 3229/3219/3207
f 3181/3171/3159 3183/3173/3161 3184/3194/3182
f 3161/3166/3154 3211/3200/3188 3160/3167/3155
f 3235/3241/3228 3243/3242/3229 3208/3190/3178
f 3243/3242/3229 3242/3235/3222 3208/3190/3178
f 3190/3162/3150 3189/3177/3165 3219/3198/3186
f 3237/3243/3230 3196/3181/3169 3195/3180/3168
f 3217/3201/3189 3162/3214/3202 3170/3202/3190
f 3210/3175/3163 3188/3176/3164 3170/3202/3190
f 3173/3215/3203 3172/3236/3223 3231/3216/3204
f 3299/3244/3231 3254/3245/3232 3255/3246/3233
f 3256/3247/3234 3257/3248/3235 3255/3246/3233
f 3260/3249/3236 3261/3250/3237 3262/3251/3238
f 3266/3252/3239 3265/3253/3240 3264/3254/3241
f 3268/3255/3242 3269/3256/3243 3247/3257/3244
f 3274/3258/3245 3272/3259/3246 3263/3260/3247
f 3275/3261/3248 3276/3262/3249 3254/3245/3232
f 3282/3263/3250 3283/3264/3251 3271/3265/3252
f 3270/3266/3253 3282/3263/3250 3271/3265/3252
f 3285/3267/3254 3277/3268/3255 3246/3269/3256
f 3250/3270/3257 3257/3248/3235 3268/3255/3242
f 3263/3260/3247 3272/3259/3246 3273/3271/3258
f 3286/3272/3259 3287/3273/3260 3288/3274/3261
f 3258/3275/3262 3253/3276/3263 3245/3277/3264
f 3289/3278/3265 3290/3279/3266 3291/3280/3267
f 3253/3276/3263 3334/3281/3268 3245/3277/3264
f 3248/3282/3269 3268/3255/3242 3247/3257/3244
f 3255/3246/3233 3259/3283/3270 3292/3284/3271
f 3287/3273/3260 3286/3272/3259 3296/3285/3272
f 3297/3286/3273 3298/3287/3274 3299/3244/3231
f 3300/3288/3275 3301/3289/3276 3302/3290/3277
f 3287/3273/3260 3303/3291/3278 3288/3274/3261
f 3294/3292/3279 3293/3293/3280 3295/3294/3281
f 3267/3295/3282 3249/3296/3283 3250/3270/3257
f 3294/3292/3279 3295/3294/3281 3281/3297/3284
f 3257/3248/3235 3259/3283/3270 3255/3246/3233
f 3307/3298/3285 3251/3299/3286 3246/3269/3256
f 3263/3260/3247 3273/3271/3258 3269/3256/3243
f 3253/3276/3263 3248/3282/3269 3334/3281/3268
f 3277/3268/3255 3278/3300/3287 3303/3291/3278
f 3255/3246/3233 3276/3262/3249 3256/3247/3234
f 3302/3290/3277 3289/3278/3265 3300/3288/3275
f 3304/3301/3288 3260/3249/3236 3262/3251/3238
f 3309/3302/3289 3310/3303/3290 3300/3288/3275
f 3310/3303/3290 3301/3289/3276 3300/3288/3275
f 3246/3269/3256 3251/3299/3286 3313/3304/3291
f 3253/3276/3263 3284/3305/3292 3267/3295/3282
f 3262/3251/3238 3306/3306/3293 3304/3301/3288
f 3265/3253/3240 3250/3270/3257 3249/3296/3283
f 3270/3266/3253 3316/3307/3294 3282/3263/3250
f 3317/3308/3295 3255/3246/3233 3292/3284/3271
f 3311/3309/3296 3246/3269/3256 3258/3275/3262
f 3250/3270/3257 3308/3310/3297 3267/3295/3282
f 3262/3251/3238 3261/3250/3237 3318/3311/3298
f 3279/3312/3299 3271/3265/3252 3283/3264/3251
f 3249/3296/3283 3267/3295/3282 3284/3305/3292
f 3246/3269/3256 3277/3268/3255 3284/3305/3292
f 3244/3313/3300 3319/3314/3301 3320/3315/3302
f 3273/3271/3258 3315/3316/3303 3247/3257/3244
f 3246/3269/3256 3253/3276/3263 3258/3275/3262
f 3269/3256/3243 3305/3317/3304 3263/3260/3247
f 3311/3309/3296 3281/3297/3284 3295/3294/3281
f 3322/3318/3305 3323/3319/3306 3311/3309/3296
f 3323/3319/3306 3281/3297/3284 3311/3309/3296
f 3284/3305/3292 3253/3276/3263 3246/3269/3256
f 3307/3298/3285 3311/3309/3296 3295/3294/3281
f 3244/3313/3300 3321/3320/3307 3322/3318/3305
f 3245/3277/3264 3244/3313/3300 3322/3318/3305
f 3244/3313/3300 3320/3315/3302 3321/3320/3307
f 3293/3293/3280 3324/3321/3308 3295/3294/3281
f 3276/3262/3249 3275/3261/3248 3305/3317/3304
f 3260/3249/3236 3304/3301/3288 3271/3265/3252
f 3255/3246/3233 3317/3308/3295 3299/3244/3231
f 3264/3254/3241 3249/3296/3283 3284/3305/3292
f 3314/3322/3309 3270/3266/3253 3304/3301/3288
f 3325/3323/3310 3252/3324/3311 3251/3299/3286
f 3297/3286/3273 3299/3244/3231 3317/3308/3295
f 3246/3269/3256 3313/3304/3291 3285/3267/3254
f 3326/3325/3312 3293/3293/3280 3294/3292/3279
f 3334/3281/3268 3244/3313/3300 3245/3277/3264
f 3247/3257/3244 3269/3256/3243 3273/3271/3258
f 3327/3326/3313 3328/3327/3314 3314/3322/3309
f 3329/3328/3315 3290/3279/3266 3294/3292/3279
f 3249/3296/3283 3264/3254/3241 3265/3253/3240
f 3298/3287/3274 3327/3326/3313 3314/3322/3309
f 3315/3316/3303 3273/3271/3258 3272/3259/3246
f 3314/3322/3309 3275/3261/3248 3299/3244/3231
f 3265/3253/3240 3257/3248/3235 3250/3270/3257
f 3299/3244/3231 3298/3287/3274 3314/3322/3309
f 3329/3328/3315 3294/3292/3279 3281/3297/3284
f 3258/3275/3262 3322/3318/3305 3311/3309/3296
f 3276/3262/3249 3255/3246/3233 3254/3245/3232
f 3248/3282/3269 3253/3276/3263 3308/3310/3297
f 3257/3248/3235 3256/3247/3234 3268/3255/3242
f 3275/3261/3248 3306/3306/3293 3305/3317/3304
f 3295/3294/3281 3330/3329/3316 3307/3298/3285
f 3288/3274/3261 3303/3291/3278 3331/3330/610
f 3325/3323/3310 3251/3299/3286 3307/3298/3285
f 3332/3331/3317 3325/3323/3310 3307/3298/3285
f 3264/3254/3241 3284/3305/3292 3287/3273/3260
f 3311/3309/3296 3307/3298/3285 3246/3269/3256
f 3308/3310/3297 3250/3270/3257 3268/3255/3242
f 3333/3332/3318 3334/3281/3268 3247/3257/3244
f 3304/3301/3288 3306/3306/3293 3275/3261/3248
f 3315/3316/3303 3274/3258/3245 3335/3333/3319
f 3333/3332/3318 3319/3314/3301 3244/3313/3300
f 3285/3267/3254 3278/3300/3287 3277/3268/3255
f 3306/3306/3293 3263/3260/3247 3305/3317/3304
f 3276/3262/3249 3305/3317/3304 3256/3247/3234
f 3256/3247/3234 3269/3256/3243 3268/3255/3242
f 3287/3273/3260 3296/3285/3272 3264/3254/3241
f 3275/3261/3248 3314/3322/3309 3304/3301/3288
f 3336/3334/3320 3337/3335/3321 3306/3306/3293
f 3280/3336/3322 3329/3328/3315 3281/3297/3284
f 3274/3258/3245 3263/3260/3247 3306/3306/3293
f 3302/3290/3277 3290/3279/3266 3289/3278/3265
f 3326/3325/3312 3294/3292/3279 3290/3279/3266
f 3315/3316/3303 3333/3332/3318 3247/3257/3244
f 3334/3281/3268 3248/3282/3269 3247/3257/3244
f 3270/3266/3253 3271/3265/3252 3304/3301/3288
f 3290/3279/3266 3329/3328/3315 3291/3280/3267
f 3302/3290/3277 3338/3337/3323 3290/3279/3266
f 3336/3334/3320 3306/3306/3293 3262/3251/3238
f 3315/3316/3303 3335/3333/3319 3333/3332/3318
f 3253/3276/3263 3267/3295/3282 3308/3310/3297
f 3287/3273/3260 3277/3268/3255 3303/3291/3278
f 3339/3338/3324 3312/3339/3325 3309/3302/3289
f 3306/3306/3293 3340/3340/3326 3274/3258/3245
f 3312/3339/3325 3310/3303/3290 3309/3302/3289
f 3270/3266/3253 3328/3327/3314 3316/3307/3294
f 3333/3332/3318 3244/3313/3300 3334/3281/3268
f 3308/3310/3297 3268/3255/3242 3248/3282/3269
f 3306/3306/3293 3337/3335/3321 3340/3340/3326
f 3274/3258/3245 3315/3316/3303 3272/3259/3246
f 3305/3317/3304 3269/3256/3243 3256/3247/3234
f 3275/3261/3248 3254/3245/3232 3299/3244/3231
f 3270/3266/3253 3314/3322/3309 3328/3327/3314
f 3277/3268/3255 3287/3273/3260 3284/3305/3292
f 3258/3275/3262 3245/3277/3264 3322/3318/3305
f 3341/3341/3327 3342/3342/3328 3343/3343/3329
f 3345/3344/3330 3346/3345/3331 3347/3346/3332
f 3341/3341/3327 3348/3347/3333 3346/3345/3331
f 3351/3348/3334 3352/3349/3335 3353/3350/3336
f 3359/3351/3337 3360/3352/3338 3361/3353/3339
f 3363/3354/3340 3360/3352/3338 3364/3355/3341
f 3363/3354/3340 3361/3353/3339 3360/3352/3338
f 3365/3356/3342 3355/3357/3343 3369/3358/3344
f 3364/3355/3341 3360/3352/3338 3370/3359/3345
f 3366/3360/3346 3375/3361/3347 3376/3362/3348
f 3343/3343/3329 3349/3363/3349 3344/3364/3350
f 3377/3365/3351 3378/3366/3352 3379/3367/3353
f 3380/3368/3354 3381/3369/3355 3382/3370/3356
f 3358/3371/3357 3354/3372/3358 3356/3373/3359
f 3354/3372/3358 3405/3374/3360 3356/3373/3359
f 3383/3375/3361 3349/3363/3349 3350/3376/3362
f 3354/3372/3358 3384/3377/3363 3385/3378/3364
f 3386/3379/3365 3387/3380/3366 3371/3381/3367
f 3390/3382/3368 3366/3360/3346 3391/3383/3369
f 3394/3384/3370 3395/3385/3371 3396/3386/3372
f 3397/3387/3373 3398/3388/3374 3399/3389/3375
f 3393/3390/3376 3399/3389/3375 3351/3348/3334
f 3367/3391/3377 3391/3383/3369 3366/3360/3346
f 3400/3392/3378 3396/3386/3372 3397/3387/3373
f 3401/3393/3379 3390/3382/3368 3391/3383/3369
f 3399/3389/3375 3400/3392/3378 3397/3387/3373
f 3389/3394/3380 3388/3395/3381 3347/3346/3332
f 3351/3348/3334 3399/3389/3375 3398/3388/3374
f 3371/3381/3367 3402/3396/3382 3368/3397/3383
f 3403/3398/3384 3390/3382/3368 3401/3393/3379
f 3406/3399/3385 3355/3357/3343 3365/3356/3342
f 3410/3400/3386 3368/3397/3383 3350/3376/3362
f 3411/3401/3387 3377/3365/3351 3405/3374/3360
f 3360/3352/3338 3357/3402/3388 3362/3403/3389
f 3409/3404/3390 3412/3405/3391 3413/3406/3392
f 3416/3407/3393 3346/3345/3331 3352/3349/3335
f 3348/3347/3333 3417/3408/3394 3415/3409/3395
f 3384/3377/3363 3354/3372/3358 3406/3399/3385
f 3412/3405/3391 3409/3404/3390 3415/3409/3395
f 3346/3345/3331 3353/3350/3336 3352/3349/3335
f 3392/3410/3396 3351/3348/3334 3421/3411/3397
f 3415/3409/3395 3422/3412/3398 3423/3413/3399
f 3415/3409/3395 3423/3413/3399 3412/3405/3391
f 3352/3349/3335 3351/3348/3334 3398/3388/3374
f 3344/3364/3350 3349/3363/3349 3407/3414/3400
f 3355/3357/3343 3361/3353/3339 3369/3358/3344
f 3347/3346/3332 3388/3395/3381 3345/3344/3330
f 3392/3410/3396 3393/3390/3376 3351/3348/3334
f 3345/3344/3330 3342/3342/3328 3341/3341/3327
f 3360/3352/3338 3362/3403/3389 3370/3359/3345
f 3359/3351/3337 3361/3353/3339 3355/3357/3343
f 3341/3341/3327 3344/3364/3350 3348/3347/3333
f 3341/3341/3327 3346/3345/3331 3345/3344/3330
f 3367/3391/3377 3370/3359/3345 3362/3403/3389
f 3353/3350/3336 3418/3415/3401 3419/3416/3402
f 3388/3395/3381 3382/3370/3356 3342/3342/3328
f 3367/3391/3377 3366/3360/3346 3376/3362/3348
f 3382/3370/3356 3381/3369/3355 3368/3397/3383
f 3348/3347/3333 3415/3409/3395 3409/3404/3390
f 3425/3417/3403 3412/3405/3391 3423/3413/3399
f 3374/3418/3404 3424/3419/3405 3427/3420/3406
f 3398/3388/3374 3427/3420/3406 3424/3419/3405
f 3416/3407/3393 3424/3419/3405 3374/3418/3404
f 3374/3418/3404 3427/3420/3406 3428/3421/3407
f 3395/3385/3371 3427/3420/3406 3397/3387/3373
f 3397/3387/3373 3396/3386/3372 3395/3385/3371
f 3397/3387/3373 3427/3420/3406 3398/3388/3374
f 3429/3422/3408 3428/3421/3407 3427/3420/3406
f 3429/3422/3408 3427/3420/3406 3395/3385/3371
f 3419/3416/3402 3420/3423/3409 3353/3350/3336
f 3379/3367/3353 3368/3397/3383 3381/3369/3355
f 3430/3424/3410 3431/3425/3411 3432/3426/3412
f 3434/3427/3413 3404/3428/3414 3405/3374/3360
f 3426/3429/3415 3437/3430/3416 3371/3381/3367
f 3436/3431/3417 3401/3393/3379 3435/3432/3418
f 3436/3431/3417 3403/3398/3384 3401/3393/3379
f 3388/3395/3381 3342/3342/3328 3345/3344/3330
f 3377/3365/3351 3379/3367/3353 3356/3373/3359
f 3435/3432/3418 3440/3433/3419 3436/3431/3417
f 3435/3432/3418 3394/3384/3370 3441/3434/3420
f 3352/3349/3335 3398/3388/3374 3424/3419/3405
f 3391/3383/3369 3373/3435/3421 3439/3436/3422
f 3409/3404/3390 3413/3406/3392 3408/3437/3423
f 3435/3432/3418 3401/3393/3379 3439/3436/3422
f 3440/3433/3419 3435/3432/3418 3441/3434/3420
f 3442/3438/3424 3432/3426/3412 3431/3425/3411
f 3409/3404/3390 3408/3437/3423 3418/3415/3401
f 3356/3373/3359 3405/3374/3360 3377/3365/3351
f 3405/3374/3360 3385/3378/3364 3434/3427/3413
f 3407/3414/3400 3444/3439/3425 3445/3440/3426
f 3346/3345/3331 3416/3407/3393 3347/3346/3332
f 3402/3396/3382 3371/3381/3367 3443/3441/3427
f 3358/3371/3357 3381/3369/3355 3380/3368/3354
f 3404/3428/3414 3434/3427/3413 3446/3442/3428
f 3391/3383/3369 3367/3391/3377 3362/3403/3389
f 3343/3343/3329 3342/3342/3328 3410/3400/3386
f 3360/3352/3338 3359/3351/3337 3357/3402/3388
f 3343/3343/3329 3350/3376/3362 3349/3363/3349
f 3352/3349/3335 3424/3419/3405 3416/3407/3393
f 3346/3345/3331 3418/3415/3401 3353/3350/3336
f 3344/3364/3350 3341/3341/3327 3343/3343/3329
f 3371/3381/3367 3372/3443/3429 3386/3379/3365
f 3368/3397/3383 3402/3396/3382 3350/3376/3362
f 3405/3374/3360 3404/3428/3414 3411/3401/3387
f 3430/3424/3410 3432/3426/3412 3404/3428/3414
f 3378/3366/3352 3372/3443/3429 3379/3367/3353
f 3426/3429/3415 3371/3381/3367 3387/3380/3366
f 3368/3397/3383 3410/3400/3386 3382/3370/3356
f 3404/3428/3414 3446/3442/3428 3430/3424/3410
f 3441/3434/3420 3447/3444/3430 3440/3433/3419
f 3428/3421/3407 3429/3422/3408 3439/3436/3422
f 3350/3376/3362 3402/3396/3382 3383/3375/3361
f 3389/3394/3380 3433/3445/3431 3388/3395/3381
f 3374/3418/3404 3428/3421/3407 3373/3435/3421
f 3444/3439/3425 3349/3363/3349 3383/3375/3361
f 3391/3383/3369 3362/3403/3389 3373/3435/3421
f 3362/3403/3389 3374/3418/3404 3373/3435/3421
f 3358/3371/3357 3389/3394/3380 3357/3402/3388
f 3435/3432/3418 3429/3422/3408 3394/3384/3370
f 3348/3347/3333 3409/3404/3390 3418/3415/3401
f 3435/3432/3418 3439/3436/3422 3429/3422/3408
f 3429/3422/3408 3395/3385/3371 3394/3384/3370
f 3428/3421/3407 3439/3436/3422 3373/3435/3421
f 3401/3393/3379 3391/3383/3369 3439/3436/3422
f 3389/3394/3380 3347/3346/3332 3374/3418/3404
f 3350/3376/3362 3343/3343/3329 3410/3400/3386
f 3422/3412/3398 3415/3409/3395 3417/3408/3394
f 3433/3445/3431 3380/3368/3354 3382/3370/3356
f 3382/3370/3356 3388/3395/3381 3433/3445/3431
f 3405/3374/3360 3354/3372/3358 3385/3378/3364
f 3406/3399/3385 3354/3372/3358 3355/3357/3343
f 3433/3445/3431 3358/3371/3357 3380/3368/3354
f 3407/3414/3400 3349/3363/3349 3444/3439/3425
f 3357/3402/3388 3374/3418/3404 3362/3403/3389
f 3347/3346/3332 3416/3407/3393 3374/3418/3404
f 3422/3412/3398 3407/3414/3400 3445/3440/3426
f 3372/3443/3429 3371/3381/3367 3379/3367/3353
f 3356/3373/3359 3379/3367/3353 3381/3369/3355
f 3426/3429/3415 3387/3380/3366 3437/3430/3416
f 3358/3371/3357 3355/3357/3343 3354/3372/3358
f 3356/3373/3359 3381/3369/3355 3358/3371/3357
f 3437/3430/3416 3443/3441/3427 3371/3381/3367
f 3355/3357/3343 3357/3402/3388 3359/3351/3337
f 3382/3370/3356 3410/3400/3386 3342/3342/3328
f 3348/3347/3333 3344/3364/3350 3417/3408/3394
f 3357/3402/3388 3389/3394/3380 3374/3418/3404
f 3418/3415/3401 3346/3345/3331 3348/3347/3333
f 3438/3446/3432 3383/3375/3361 3402/3396/3382
f 3368/3397/3383 3379/3367/3353 3371/3381/3367
f 3417/3408/3394 3407/3414/3400 3422/3412/3398
f 3355/3357/3343 3358/3371/3357 3357/3402/3388
f 3389/3394/3380 3358/3371/3357 3433/3445/3431
f 3344/3364/3350 3407/3414/3400 3417/3408/3394
f 3377/3365/3351 3414/3447/3433 3378/3366/3352
f 3448/3448/3434 3449/3449/3435 3450/3450/3436
f 3448/3448/3434 3450/3450/3436 3458/3451/3437
f 3459/3452/3438 3448/3448/3434 3460/3453/3439
f 3462/3454/3440 3463/3455/3441 3464/3456/3442
f 3466/3457/3443 3467/3458/3444 3454/3459/3445
f 3468/3460/3446 3453/3461/3447 3449/3449/3435
f 3470/3462/3448 3471/3463/3449 3472/3464/3450
f 3475/3465/3451 3476/3466/3452 3477/3467/3453
f 3472/3464/3450 3478/3468/3454 3475/3465/3451
f 3451/3469/3455 3465/3470/3456 3452/3471/3457
f 3475/3465/3451 3477/3467/3453 3472/3464/3450
f 3482/3472/3458 3466/3457/3443 3454/3459/3445
f 3473/3473/3459 3474/3474/3460 3472/3464/3450
f 3462/3454/3440 3473/3473/3459 3477/3467/3453
f 3474/3474/3460 3470/3462/3448 3472/3464/3450
f 3478/3468/3454 3472/3464/3450 3471/3463/3449
f 3485/3475/3461 3471/3463/3449 3470/3462/3448
f 3473/3473/3459 3472/3464/3450 3477/3467/3453
f 3454/3459/3445 3483/3476/3462 3482/3472/3458
f 3488/3477/3463 3489/3478/3464 3456/3479/3465
f 3482/3472/3458 3483/3476/3462 3487/3480/3466
f 3490/3481/3467 3488/3477/3463 3456/3479/3465
f 3491/3482/3468 3481/3483/3469 3492/3484/3470
f 3483/3476/3462 3486/3485/3471 3487/3480/3466
f 3500/3486/3472 3501/3487/3473 3502/3488/3474
f 3505/3489/3475 3506/3490/3476 3501/3487/3473
f 3504/3491/3477 3491/3482/3468 3503/3492/3478
f 3501/3487/3473 3495/3493/3479 3507/3494/3480
f 3507/3494/3480 3495/3493/3479 3504/3491/3477
f 3508/3495/3481 3491/3482/3468 3504/3491/3477
f 3480/3496/3482 3508/3495/3481 3465/3470/3456
f 3500/3486/3472 3505/3489/3475 3501/3487/3473
f 3498/3497/3483 3495/3493/3479 3499/3498/3484
f 3511/3499/3485 3512/3500/3486 3513/3501/3487
f 3509/3502/3488 3510/3503/3489 3514/3504/3490
f 3510/3503/3489 3513/3501/3487 3512/3500/3486
f 3453/3461/3447 3454/3459/3445 3457/3505/3491
f 3517/3506/3492 3515/3507/3493 3516/3508/3494
f 3523/3509/3495 3499/3498/3484 3518/3510/3496
f 3499/3498/3484 3519/3511/3497 3520/3512/3498
f 3496/3513/3499 3495/3493/3479 3501/3487/3473
f 3513/3501/3487 3497/3514/3500 3496/3513/3499
f 3508/3495/3481 3495/3493/3479 3498/3497/3483
f 3499/3498/3484 3495/3493/3479 3496/3513/3499
f 3452/3471/3457 3498/3497/3483 3451/3469/3455
f 3507/3494/3480 3502/3488/3474 3501/3487/3473
f 3469/3515/3501 3524/3516/3502 3455/3517/3503
f 3469/3515/3501 3463/3455/3441 3462/3454/3440
f 3469/3515/3501 3477/3467/3453 3526/3518/3504
f 3453/3461/3447 3457/3505/3491 3527/3519/3505
f 3462/3454/3440 3477/3467/3453 3469/3515/3501
f 3526/3518/3504 3477/3467/3453 3476/3466/3452
f 3498/3497/3483 3523/3509/3495 3451/3469/3455
f 3466/3457/3443 3482/3472/3458 3528/3520/3506
f 3480/3496/3482 3481/3483/3469 3508/3495/3481
f 3454/3459/3445 3453/3461/3447 3468/3460/3446
f 3496/3513/3499 3497/3514/3500 3499/3498/3484
f 3464/3456/3442 3522/3521/3507 3520/3512/3498
f 3456/3479/3465 3469/3515/3501 3455/3517/3503
f 3486/3485/3471 3464/3456/3442 3463/3455/3441
f 3508/3495/3481 3481/3483/3469 3491/3482/3468
f 3499/3498/3484 3497/3514/3500 3519/3511/3497
f 3508/3495/3481 3452/3471/3457 3465/3470/3456
f 3495/3493/3479 3508/3495/3481 3504/3491/3477
f 3448/3448/3434 3479/3522/3508 3449/3449/3435
f 3454/3459/3445 3525/3523/3509 3483/3476/3462
f 3522/3521/3507 3464/3456/3442 3486/3485/3471
f 3522/3521/3507 3525/3523/3509 3523/3509/3495
f 3490/3481/3467 3455/3517/3503 3521/3524/3510
f 3483/3476/3462 3522/3521/3507 3486/3485/3471
f 3501/3487/3473 3506/3490/3476 3513/3501/3487
f 3499/3498/3484 3523/3509/3495 3498/3497/3483
f 3508/3495/3481 3498/3497/3483 3452/3471/3457
f 3501/3487/3473 3513/3501/3487 3496/3513/3499
f 3522/3521/3507 3483/3476/3462 3525/3523/3509
f 3520/3512/3498 3518/3510/3496 3499/3498/3484
f 3518/3510/3496 3522/3521/3507 3523/3509/3495
f 3520/3512/3498 3522/3521/3507 3518/3510/3496
f 3504/3491/3477 3503/3492/3478 3507/3494/3480
f 3482/3472/3458 3484/3525/3511 3456/3479/3465
f 3525/3523/3509 3454/3459/3445 3523/3509/3495
f 3523/3509/3495 3454/3459/3445 3468/3460/3446
f 3484/3525/3511 3469/3515/3501 3456/3479/3465
f 3468/3460/3446 3451/3469/3455 3523/3509/3495
f 3532/3526/3512 3480/3496/3482 3465/3470/3456
f 3487/3480/3466 3484/3525/3511 3482/3472/3458
f 3469/3515/3501 3526/3518/3504 3524/3516/3502
f 3532/3526/3512 3531/3527/3513 3480/3496/3482
f 3533/3528/3514 3534/3529/3515 3535/3530/3516
f 3536/3531/3517 3531/3527/3513 3532/3526/3512
f 3480/3496/3482 3531/3527/3513 3530/3532/3518
f 3484/3525/3511 3486/3485/3471 3463/3455/3441
f 3469/3515/3501 3484/3525/3511 3463/3455/3441
f 3484/3525/3511 3487/3480/3466 3486/3485/3471
f 3537/3533/3519 3538/3534/3520 3516/3508/3494
f 3514/3504/3490 3535/3530/3516 3509/3502/3488
f 3468/3460/3446 3449/3449/3435 3479/3522/3508
f 3479/3522/3508 3517/3506/3492 3465/3470/3456
f 3461/3535/3521 3459/3452/3438 3460/3453/3439
f 3468/3460/3446 3479/3522/3508 3451/3469/3455
f 3517/3506/3492 3538/3534/3520 3532/3526/3512
f 3455/3517/3503 3490/3481/3467 3456/3479/3465
f 3509/3502/3488 3534/3529/3515 3493/3536/3522
f 3539/3537/3523 3513/3501/3487 3510/3503/3489
f 3509/3502/3488 3535/3530/3516 3534/3529/3515
f 3538/3534/3520 3517/3506/3492 3516/3508/3494
f 3532/3526/3512 3465/3470/3456 3517/3506/3492
f 3465/3470/3456 3451/3469/3455 3479/3522/3508
f 3482/3472/3458 3456/3479/3465 3489/3478/3464
f 3479/3522/3508 3448/3448/3434 3459/3452/3438
f 3467/3458/3444 3457/3505/3491 3454/3459/3445
f 3460/3453/3439 3448/3448/3434 3458/3451/3437
f 3489/3478/3464 3528/3520/3506 3482/3472/3458
f 3480/3496/3482 3540/3538/3524 3481/3483/3469
f 3511/3499/3485 3513/3501/3487 3506/3490/3476
f 3459/3452/3438 3517/3506/3492 3479/3522/3508
f 3459/3452/3438 3515/3507/3493 3517/3506/3492
f 3540/3538/3524 3480/3496/3482 3530/3532/3518
f 3520/3512/3498 3529/3539/3525 3464/3456/3442
f 3462/3454/3440 3464/3456/3442 3473/3473/3459
f 3464/3456/3442 3529/3539/3525 3473/3473/3459
f 3520/3512/3498 3519/3511/3497 3529/3539/3525
f 3485/3475/3461 3470/3462/3448 3494/3540/3526
f 3494/3540/3526 3509/3502/3488 3493/3536/3522
f 3509/3502/3488 3494/3540/3526 3542/3541/3527
f 3542/3541/3527 3494/3540/3526 3470/3462/3448
f 3543/3542/3528 3509/3502/3488 3542/3541/3527
f 3543/3542/3528 3542/3541/3527 3474/3474/3460
f 3541/3543/3529 3543/3542/3528 3474/3474/3460
f 3542/3541/3527 3470/3462/3448 3474/3474/3460
f 3510/3503/3489 3509/3502/3488 3539/3537/3523
f 3543/3542/3528 3497/3514/3500 3539/3537/3523
f 3449/3449/3435 3453/3461/3447 3450/3450/3436
f 3453/3461/3447 3527/3519/3505 3450/3450/3436
f 3519/3511/3497 3541/3543/3529 3529/3539/3525
f 3539/3537/3523 3497/3514/3500 3513/3501/3487
f 3509/3502/3488 3543/3542/3528 3539/3537/3523
f 3497/3514/3500 3541/3543/3529 3519/3511/3497
f 3541/3543/3529 3474/3474/3460 3473/3473/3459
f 3541/3543/3529 3497/3514/3500 3543/3542/3528
f 3541/3543/3529 3473/3473/3459 3529/3539/3525
f 3544/3544/3530 3547/3545/3531 3548/3546/3532
f 3551/3547/3533 3552/3548/3534 3553/3549/3535
f 3558/3550/3536 3559/3551/3537 3560/3552/3538
f 3567/3553/3539 3566/3554/3540 3547/3545/3531
f 3574/3555/3541 3575/3556/3542 3576/3557/3543
f 3577/3558/3544 3578/3559/3545 3579/3560/3546
f 3580/3561/3547 3581/3562/3548 3582/3563/3549
f 3562/3564/3550 3547/3545/3531 3566/3554/3540
f 3588/3565/3551 3583/3566/3552 3584/3567/3553
f 3558/3550/3536 3589/3568/3554 3563/3569/3555
f 3590/3570/3556 3550/3571/3557 3587/3572/3558
f 3591/3573/3559 3592/3574/3560 3585/3575/3561
f 3590/3570/3556 3549/3576/3562 3550/3571/3557
f 3551/3547/3533 3593/3577/3563 3594/3578/3564
f 3594/3578/3564 3599/3579/3565 3551/3547/3533
f 3588/3565/3551 3600/3580/3566 3601/3581/3567
f 3585/3575/3561 3606/3582/3568 3580/3561/3547
f 3603/3583/3569 3600/3580/3566 3588/3565/3551
f 3597/3584/3570 3550/3571/3557 3598/3585/3571
f 3559/3551/3537 3604/3586/3572 3605/3587/3573
f 3585/3575/3561 3592/3574/3560 3606/3582/3568
f 3611/3588/3574 3564/3589/3575 3612/3590/3576
f 3573/3591/3577 3569/3592/3578 3568/3593/3579
f 3562/3564/3550 3610/3594/3580 3547/3545/3531
f 3596/3595/3581 3595/3596/3582 3614/3597/3583
f 3583/3566/3552 3615/3598/3584 3577/3558/3544
f 3562/3564/3550 3607/3599/3585 3561/3600/3586
f 3597/3584/3570 3587/3572/3558 3550/3571/3557
f 3564/3589/3575 3611/3588/3574 3565/3601/3587
f 3603/3583/3569 3588/3565/3551 3584/3567/3553
f 3592/3574/3560 3545/3602/3588 3606/3582/3568
f 3545/3602/3588 3613/3603/3589 3606/3582/3568
f 3610/3594/3580 3562/3564/3550 3561/3600/3586
f 3556/3604/3590 3600/3580/3566 3603/3583/3569
f 3592/3574/3560 3619/3605/3591 3545/3602/3588
f 3595/3596/3582 3579/3560/3546 3614/3597/3583
f 3619/3605/3591 3620/3606/3592 3545/3602/3588
f 3560/3552/3538 3551/3547/3533 3554/3607/3593
f 3606/3582/3568 3613/3603/3589 3583/3566/3552
f 3546/3608/3594 3613/3603/3589 3545/3602/3588
f 3601/3581/3567 3581/3562/3548 3588/3565/3551
f 3585/3575/3561 3586/3609/3595 3591/3573/3559
f 3621/3610/3596 3599/3579/3565 3622/3611/3597
f 3598/3585/3571 3568/3593/3579 3567/3553/3539
f 3595/3596/3582 3556/3604/3590 3603/3583/3569
f 3566/3554/3540 3567/3553/3539 3570/3612/3598
f 3557/3613/3599 3610/3594/3580 3561/3600/3586
f 3557/3613/3599 3556/3604/3590 3595/3596/3582
f 3582/3563/3549 3585/3575/3561 3580/3561/3547
f 3545/3602/3588 3624/3614/3600 3623/3615/3601
f 3558/3550/3536 3554/3607/3593 3589/3568/3554
f 3579/3560/3546 3595/3596/3582 3577/3558/3544
f 3609/3616/3602 3572/3617/3603 3573/3591/3577
f 3589/3568/3554 3571/3618/3604 3565/3601/3587
f 3555/3619/3605 3589/3568/3554 3554/3607/3593
f 3640/3620/3606 3607/3599/3585 3562/3564/3550
f 3625/3621/3607 3624/3614/3600 3626/3622/3608
f 3610/3594/3580 3557/3613/3599 3576/3557/3543
f 3544/3544/3530 3548/3546/3532 3597/3584/3570
f 3566/3554/3540 3640/3620/3606 3562/3564/3550
f 3625/3621/3607 3623/3615/3601 3624/3614/3600
f 3613/3603/3589 3546/3608/3594 3583/3566/3552
f 3557/3613/3599 3574/3555/3541 3576/3557/3543
f 3616/3623/3609 3607/3599/3585 3605/3587/3573
f 3628/3624/3610 3629/3625/3611 3608/3626/3612
f 3630/3627/3613 3548/3546/3532 3631/3628/3614
f 3584/3567/3553 3583/3566/3552 3577/3558/3544
f 3588/3565/3551 3606/3582/3568 3583/3566/3552
f 3581/3562/3548 3580/3561/3547 3588/3565/3551
f 3561/3600/3586 3607/3599/3585 3616/3623/3609
f 3632/3629/3615 3633/3630/3616 3564/3589/3575
f 3561/3600/3586 3616/3623/3609 3557/3613/3599
f 3557/3613/3599 3616/3623/3609 3618/3631/3617
f 3546/3608/3594 3545/3602/3588 3623/3615/3601
f 3584/3567/3553 3577/3558/3544 3603/3583/3569
f 3609/3616/3602 3598/3585/3571 3550/3571/3557
f 3558/3550/3536 3563/3569/3555 3616/3623/3609
f 3571/3618/3604 3589/3568/3554 3555/3619/3605
f 3559/3551/3537 3634/3632/3618 3593/3577/3563
f 3578/3559/3545 3577/3558/3544 3636/3633/3619
f 3564/3589/3575 3565/3601/3587 3632/3629/3615
f 3615/3598/3584 3583/3566/3552 3602/3634/3620
f 3637/3635/3621 3615/3598/3584 3602/3634/3620
f 3546/3608/3594 3638/3636/3622 3602/3634/3620
f 3602/3634/3620 3583/3566/3552 3546/3608/3594
f 3551/3547/3533 3553/3549/3535 3617/3637/3623
f 3638/3636/3622 3546/3608/3594 3623/3615/3601
f 3604/3586/3572 3616/3623/3609 3605/3587/3573
f 3548/3546/3532 3630/3627/3613 3587/3572/3558
f 3627/3638/3624 3639/3639/3625 3581/3562/3548
f 3605/3587/3573 3640/3620/3606 3634/3632/3618
f 3544/3544/3530 3597/3584/3570 3598/3585/3571
f 3581/3562/3548 3601/3581/3567 3627/3638/3624
f 3604/3586/3572 3559/3551/3537 3558/3550/3536
f 3640/3620/3606 3605/3587/3573 3607/3599/3585
f 3564/3589/3575 3627/3638/3624 3612/3590/3576
f 3641/3640/3626 3568/3593/3579 3569/3592/3578
f 3605/3587/3573 3634/3632/3618 3559/3551/3537
f 3644/3641/3627 3642/3642/3628 3639/3639/3625
f 3589/3568/3554 3611/3588/3574 3563/3569/3555
f 3566/3554/3540 3643/3643/3629 3640/3620/3606
f 3552/3548/3534 3621/3610/3596 3635/3644/3630
f 3570/3612/3598 3568/3593/3579 3643/3643/3629
f 3643/3643/3629 3566/3554/3540 3570/3612/3598
f 3641/3640/3626 3643/3643/3629 3568/3593/3579
f 3581/3562/3548 3642/3642/3628 3582/3563/3549
f 3560/3552/3538 3559/3551/3537 3551/3547/3533
f 3603/3583/3569 3577/3558/3544 3595/3596/3582
f 3609/3616/3602 3573/3591/3577 3598/3585/3571
f 3581/3562/3548 3639/3639/3625 3642/3642/3628
f 3557/3613/3599 3618/3631/3617 3556/3604/3590
f 3557/3613/3599 3595/3596/3582 3574/3555/3541
f 3564/3589/3575 3645/3645/3631 3627/3638/3624
f 3567/3553/3539 3568/3593/3579 3570/3612/3598
f 3646/3646/3632 3611/3588/3574 3612/3590/3576
f 3563/3569/3555 3618/3631/3617 3616/3623/3609
f 3556/3604/3590 3646/3646/3632 3600/3580/3566
f 3577/3558/3544 3615/3598/3584 3636/3633/3619
f 3618/3631/3617 3646/3646/3632 3556/3604/3590
f 3589/3568/3554 3565/3601/3587 3611/3588/3574
f 3580/3561/3547 3606/3582/3568 3588/3565/3551
f 3593/3577/3563 3551/3547/3533 3559/3551/3537
f 3563/3569/3555 3611/3588/3574 3646/3646/3632
f 3608/3626/3612 3609/3616/3602 3550/3571/3557
f 3618/3631/3617 3563/3569/3555 3646/3646/3632
f 3628/3624/3610 3550/3571/3557 3549/3576/3562
f 3645/3645/3631 3564/3589/3575 3633/3630/3616
f 3550/3571/3557 3628/3624/3610 3608/3626/3612
f 3547/3545/3531 3610/3594/3580 3576/3557/3543
f 3547/3545/3531 3576/3557/3543 3548/3546/3532
f 3601/3581/3567 3612/3590/3576 3627/3638/3624
f 3612/3590/3576 3601/3581/3567 3646/3646/3632
f 3598/3585/3571 3573/3591/3577 3568/3593/3579
f 3558/3550/3536 3616/3623/3609 3604/3586/3572
f 3646/3646/3632 3601/3581/3567 3600/3580/3566
f 3587/3572/3558 3597/3584/3570 3548/3546/3532
f 3544/3544/3530 3598/3585/3571 3567/3553/3539
f 3551/3547/3533 3599/3579/3565 3552/3548/3534
f 3548/3546/3532 3576/3557/3543 3575/3556/3542
f 3548/3546/3532 3575/3556/3542 3631/3628/3614
f 3617/3637/3623 3554/3607/3593 3551/3547/3533
f 3544/3544/3530 3567/3553/3539 3547/3545/3531
f 3621/3610/3596 3552/3548/3534 3599/3579/3565
f 3645/3645/3631 3644/3641/3627 3627/3638/3624
f 3644/3641/3627 3639/3639/3625 3627/3638/3624
f 3554/3607/3593 3558/3550/3536 3560/3552/3538
f 3649/3647/3633 3650/3648/3634 3651/3649/3635
f 3656/3650/3636 3657/3651/3637 3658/3652/3638
f 3660/3653/3639 3661/3654/3640 3662/3655/3641
f 3706/3656/3642 3666/3657/3643 3659/3658/3644
f 3671/3659/3645 3669/3660/3646 3672/3661/3647
f 3719/3662/3648 3647/3663/3649 3673/3664/3650
f 3664/3665/3651 3676/3666/3652 3686/3667/3653
f 3665/3668/3654 3677/3669/3655 3678/3670/3656
f 3681/3671/3657 3678/3670/3656 3682/3672/3658
f 3664/3665/3651 3674/3673/3659 3676/3666/3652
f 3676/3666/3652 3687/3674/3660 3686/3667/3653
f 3683/3675/3661 3690/3676/3662 3684/3677/3663
f 3678/3670/3656 3691/3678/3664 3692/3679/3665
f 3693/3680/3666 3694/3681/3667 3695/3682/3668
f 3685/3683/3669 3696/3684/3670 3697/3685/3671
f 3687/3674/3660 3698/3686/3672 3699/3687/3673
f 3686/3667/3653 3675/3688/3674 3664/3665/3651
f 3659/3658/3644 3694/3681/3667 3700/3689/3675
f 3704/3690/3676 3655/3691/3677 3705/3692/3678
f 3659/3658/3644 3657/3651/3637 3706/3656/3642
f 3707/3693/3679 3668/3694/3680 3697/3685/3671
f 3685/3683/3669 3675/3688/3674 3686/3667/3653
f 3709/3695/3681 3677/3669/3655 3669/3660/3646
f 3699/3687/3673 3685/3683/3669 3686/3667/3653
f 3657/3651/3637 3659/3658/3644 3700/3689/3675
f 3671/3659/3645 3672/3661/3647 3713/3696/3682
f 3706/3656/3642 3657/3651/3637 3648/3697/3683
f 3668/3694/3680 3667/3698/3684 3680/3699/3685
f 3701/3700/3686 3719/3662/3648 3711/3701/3687
f 3654/3702/3688 3715/3703/3689 3711/3701/3687
f 3716/3704/3690 3647/3663/3649 3701/3700/3686
f 3650/3648/3634 3714/3705/3691 3717/3706/3692
f 3657/3651/3637 3656/3650/3636 3648/3697/3683
f 3713/3696/3682 3674/3673/3659 3664/3665/3651
f 3702/3707/3693 3683/3675/3661 3684/3677/3663
f 3708/3708/3694 3726/3709/3695 3675/3688/3674
f 3720/3710/3696 3676/3666/3652 3674/3673/3659
f 3706/3656/3642 3648/3697/3683 3647/3663/3649
f 3695/3682/3668 3722/3711/3697 3693/3680/3666
f 3702/3707/3693 3726/3709/3695 3703/3712/3698
f 3654/3702/3688 3723/3713/3699 3655/3691/3677
f 3706/3656/3642 3716/3704/3690 3710/3714/3700
f 3653/3715/3701 3679/3716/3702 3715/3703/3689
f 3684/3677/3663 3724/3717/3703 3670/3718/3704
f 3647/3663/3649 3716/3704/3690 3706/3656/3642
f 3722/3711/3697 3695/3682/3668 3725/3719/3705
f 3675/3688/3674 3726/3709/3695 3679/3716/3702
f 3684/3677/3663 3727/3720/3706 3724/3717/3703
f 3728/3721/3707 3683/3675/3661 3661/3654/3640
f 3695/3682/3668 3694/3681/3667 3730/3722/3708
f 3670/3718/3704 3663/3723/3709 3726/3709/3695
f 3731/3724/3710 3732/3725/3711 3733/3726/3712
f 3670/3718/3704 3726/3709/3695 3702/3707/3693
f 3666/3657/3643 3730/3722/3708 3694/3681/3667
f 3663/3723/3709 3670/3718/3704 3716/3704/3690
f 3679/3716/3702 3726/3709/3695 3663/3723/3709
f 3670/3718/3704 3710/3714/3700 3716/3704/3690
f 3735/3727/3713 3727/3720/3706 3684/3677/3663
f 3723/3713/3699 3654/3702/3688 3711/3701/3687
f 3711/3701/3687 3729/3728/3714 3723/3713/3699
f 3728/3721/3707 3736/3729/3715 3683/3675/3661
f 3718/3730/3716 3719/3662/3648 3673/3664/3650
f 3671/3659/3645 3653/3715/3701 3704/3690/3676
f 3669/3660/3646 3671/3659/3645 3704/3690/3676
f 3663/3723/3709 3716/3704/3690 3701/3700/3686
f 3663/3723/3709 3701/3700/3686 3715/3703/3689
f 3653/3715/3701 3671/3659/3645 3652/3731/3717
f 3678/3670/3656 3692/3679/3665 3665/3668/3654
f 3688/3732/3718 3703/3712/3698 3708/3708/3694
f 3650/3648/3634 3717/3706/3692 3674/3673/3659
f 3663/3723/3709 3715/3703/3689 3679/3716/3702
f 3679/3716/3702 3653/3715/3701 3652/3731/3717
f 3653/3715/3701 3655/3691/3677 3704/3690/3676
f 3677/3669/3655 3737/3733/3719 3682/3672/3658
f 3711/3701/3687 3715/3703/3689 3701/3700/3686
f 3685/3683/3669 3668/3694/3680 3675/3688/3674
f 3706/3656/3642 3710/3714/3700 3670/3718/3704
f 3715/3703/3689 3654/3702/3688 3653/3715/3701
f 3713/3696/3682 3664/3665/3651 3652/3731/3717
f 3666/3657/3643 3694/3681/3667 3659/3658/3644
f 3724/3717/3703 3666/3657/3643 3706/3656/3642
f 3704/3690/3676 3709/3695/3681 3669/3660/3646
f 3675/3688/3674 3652/3731/3717 3664/3665/3651
f 3652/3731/3717 3675/3688/3674 3679/3716/3702
f 3706/3656/3642 3670/3718/3704 3724/3717/3703
f 3675/3688/3674 3668/3694/3680 3708/3708/3694
f 3678/3670/3656 3738/3734/3720 3739/3735/3721
f 3677/3669/3655 3709/3695/3681 3737/3733/3719
f 3732/3725/3711 3731/3724/3710 3661/3654/3640
f 3738/3734/3720 3678/3670/3656 3681/3671/3657
f 3665/3668/3654 3692/3679/3665 3650/3648/3634
f 3653/3715/3701 3654/3702/3688 3655/3691/3677
f 3741/3736/3722 3676/3666/3652 3712/3737/3723
f 3651/3649/3635 3650/3648/3634 3692/3679/3665
f 3676/3666/3652 3741/3736/3722 3687/3674/3660
f 3693/3680/3666 3700/3689/3675 3694/3681/3667
f 3728/3721/3707 3661/3654/3640 3660/3653/3639
f 3731/3724/3710 3662/3655/3641 3661/3654/3640
f 3708/3708/3694 3680/3699/3685 3688/3732/3718
f 3661/3654/3640 3703/3712/3698 3688/3732/3718
f 3672/3661/3647 3677/3669/3655 3665/3668/3654
f 3687/3674/3660 3742/3738/3724 3698/3686/3672
f 3671/3659/3645 3713/3696/3682 3652/3731/3717
f 3708/3708/3694 3668/3694/3680 3680/3699/3685
f 3680/3699/3685 3743/3739/3725 3688/3732/3718
f 3650/3648/3634 3674/3673/3659 3689/3740/3726
f 3732/3725/3711 3661/3654/3640 3688/3732/3718
f 3672/3661/3647 3689/3740/3726 3713/3696/3682
f 3680/3699/3685 3740/3741/3727 3743/3739/3725
f 3735/3727/3713 3684/3677/3663 3690/3676/3662
f 3672/3661/3647 3669/3660/3646 3677/3669/3655
f 3689/3740/3726 3674/3673/3659 3713/3696/3682
f 3658/3652/3638 3657/3651/3637 3721/3742/3728
f 3744/3743/3729 3725/3719/3705 3695/3682/3668
f 3714/3705/3691 3650/3648/3634 3649/3647/3633
f 3683/3675/3661 3736/3729/3715 3734/3744/3730
f 3672/3661/3647 3665/3668/3654 3689/3740/3726
f 3697/3685/3671 3668/3694/3680 3685/3683/3669
f 3699/3687/3673 3686/3667/3653 3687/3674/3660
f 3683/3675/3661 3702/3707/3693 3661/3654/3640
f 3696/3684/3670 3685/3683/3669 3699/3687/3673
f 3684/3677/3663 3670/3718/3704 3702/3707/3693
f 3650/3648/3634 3689/3740/3726 3665/3668/3654
f 3712/3737/3723 3676/3666/3652 3720/3710/3696
f 3661/3654/3640 3702/3707/3693 3703/3712/3698
f 3701/3700/3686 3647/3663/3649 3719/3662/3648
f 3680/3699/3685 3667/3698/3684 3740/3741/3727
f 3726/3709/3695 3708/3708/3694 3703/3712/3698
f 3647/3663/3649 3648/3697/3683 3673/3664/3650
f 3720/3710/3696 3674/3673/3659 3717/3706/3692
f 3707/3693/3679 3667/3698/3684 3668/3694/3680
f 3677/3669/3655 3682/3672/3658 3678/3670/3656
f 3743/3739/3725 3732/3725/3711 3688/3732/3718
f 3750/3745/3731 3752/3746/3732 3751/3747/3733
f 3759/3748/3734 3760/3749/3735 3761/3750/3736
f 3762/3751/3737 3778/3752/3738 3763/3753/3739
f 3756/3754/3740 3766/3755/3741 3767/3756/3742
f 3771/3757/3743 3749/3758/3744 3813/3759/3745
f 3789/3760/3746 3784/3761/3747 3783/3762/3748
f 3781/3763/3749 3782/3764/3750 3754/3765/3751
f 3772/3766/3752 3783/3762/3748 3784/3761/3747
f 3771/3757/3743 3813/3759/3745 3772/3766/3752
f 3787/3767/3753 3760/3749/3735 3767/3756/3742
f 3755/3768/3754 3783/3762/3748 3772/3766/3752
f 3790/3769/3755 3760/3749/3735 3788/3770/3756
f 3773/3771/3757 3774/3772/3758 3791/3773/3759
f 3794/3774/3760 3795/3775/3761 3769/3776/3762
f 3757/3777/3763 3800/3778/3764 3801/3779/3765
f 3763/3753/3739 3777/3780/3766 3752/3746/3732
f 3790/3769/3755 3780/3781/3767 3802/3782/3768
f 3805/3783/3769 3806/3784/3770 3774/3772/3758
f 3807/3785/3771 3808/3786/3772 3809/3787/3773
f 3753/3788/3774 3812/3789/3775 3754/3765/3751
f 3751/3747/3733 3749/3758/3744 3750/3745/3731
f 3750/3745/3731 3763/3753/3739 3752/3746/3732
f 3784/3761/3747 3793/3790/3776 3792/3791/3777
f 3756/3754/3740 3755/3768/3754 3815/3792/3778
f 3773/3771/3757 3817/3793/3779 3784/3761/3747
f 3818/3794/3780 3779/3795/3781 3803/3796/3782
f 3792/3791/3777 3772/3766/3752 3784/3761/3747
f 3801/3779/3765 3800/3778/3764 3804/3797/3783
f 3780/3781/3767 3803/3796/3782 3779/3795/3781
f 3750/3745/3731 3757/3777/3763 3763/3753/3739
f 3767/3756/3742 3766/3755/3741 3787/3767/3753
f 3799/3798/3784 3789/3760/3746 3783/3762/3748
f 3745/3799/3785 3796/3800/3786 3770/3801/3787
f 3768/3802/3788 3816/3803/3789 3751/3747/3733
f 3819/3804/3790 3798/3805/3791 3820/3806/3792
f 3817/3793/3779 3793/3790/3776 3784/3761/3747
f 3822/3807/3793 3821/3808/3794 3811/3809/3795
f 3758/3810/3796 3753/3788/3774 3764/3811/3797
f 3784/3761/3747 3789/3760/3746 3773/3771/3757
f 3795/3775/3761 3823/3812/3798 3769/3776/3762
f 3811/3809/3795 3745/3799/3785 3748/3813/3799
f 3757/3777/3763 3801/3779/3765 3786/3814/3800
f 3751/3747/3733 3813/3759/3745 3749/3758/3744
f 3751/3747/3733 3765/3815/3801 3768/3802/3788
f 3809/3787/3773 3747/3816/3802 3748/3813/3799
f 3798/3805/3791 3768/3802/3788 3765/3815/3801
f 3809/3787/3773 3748/3813/3799 3745/3799/3785
f 3805/3783/3769 3774/3772/3758 3789/3760/3746
f 3815/3792/3778 3755/3768/3754 3772/3766/3752
f 3798/3805/3791 3785/3817/3803 3768/3802/3788
f 3768/3802/3788 3787/3767/3753 3766/3755/3741
f 3765/3815/3801 3751/3747/3733 3752/3746/3732
f 3811/3809/3795 3821/3808/3794 3745/3799/3785
f 3770/3801/3787 3809/3787/3773 3745/3799/3785
f 3764/3811/3797 3782/3764/3750 3746/3818/3804
f 3770/3801/3787 3807/3785/3771 3809/3787/3773
f 3826/3819/3805 3827/3820/3806 3796/3800/3786
f 3768/3802/3788 3785/3817/3803 3787/3767/3753
f 3790/3769/3755 3803/3796/3782 3780/3781/3767
f 3763/3753/3739 3757/3777/3763 3786/3814/3800
f 3775/3821/3807 3776/3822/3808 3777/3780/3766
f 3807/3785/3771 3770/3801/3787 3769/3776/3762
f 3816/3803/3789 3766/3755/3741 3756/3754/3740
f 3756/3754/3740 3767/3756/3742 3828/3823/3809
f 3827/3820/3806 3797/3824/3810 3796/3800/3786
f 3829/3825/3811 3798/3805/3791 3819/3804/3790
f 3789/3760/3746 3799/3798/3784 3830/3826/3812
f 3749/3758/3744 3771/3757/3743 3800/3778/3764
f 3758/3810/3796 3776/3822/3808 3753/3788/3774
f 3813/3759/3745 3815/3792/3778 3772/3766/3752
f 3799/3798/3784 3814/3827/3813 3818/3794/3780
f 3830/3826/3812 3799/3798/3784 3831/3828/3814
f 3807/3785/3771 3769/3776/3762 3823/3812/3798
f 3832/3829/3815 3770/3801/3787 3796/3800/3786
f 3833/3830/3816 3834/3831/3817 3804/3797/3783
f 3810/3832/3818 3811/3809/3795 3748/3813/3799
f 3789/3760/3746 3830/3826/3812 3805/3783/3769
f 3821/3808/3794 3764/3811/3797 3746/3818/3804
f 3786/3814/3800 3762/3751/3737 3763/3753/3739
f 3766/3755/3741 3816/3803/3789 3768/3802/3788
f 3835/3833/3819 3771/3757/3743 3836/3834/3820
f 3782/3764/3750 3826/3819/3805 3746/3818/3804
f 3745/3799/3785 3746/3818/3804 3796/3800/3786
f 3758/3810/3796 3765/3815/3801 3752/3746/3732
f 3778/3752/3738 3777/3780/3766 3763/3753/3739
f 3777/3780/3766 3837/3835/3821 3824/3836/3822
f 3815/3792/3778 3813/3759/3745 3751/3747/3733
f 3777/3780/3766 3824/3836/3822 3775/3821/3807
f 3756/3754/3740 3815/3792/3778 3816/3803/3789
f 3764/3811/3797 3798/3805/3791 3758/3810/3796
f 3831/3828/3814 3799/3798/3784 3838/3837/3823
f 3764/3811/3797 3821/3808/3794 3798/3805/3791
f 3828/3823/3809 3779/3795/3781 3814/3827/3813
f 3758/3810/3796 3777/3780/3766 3776/3822/3808
f 3800/3778/3764 3771/3757/3743 3804/3797/3783
f 3815/3792/3778 3751/3747/3733 3816/3803/3789
f 3764/3811/3797 3753/3788/3774 3782/3764/3750
f 3796/3800/3786 3797/3824/3810 3832/3829/3815
f 3760/3749/3735 3759/3748/3734 3788/3770/3756
f 3773/3771/3757 3825/3838/3824 3817/3793/3779
f 3800/3778/3764 3757/3777/3763 3750/3745/3731
f 3765/3815/3801 3758/3810/3796 3798/3805/3791
f 3799/3798/3784 3783/3762/3748 3755/3768/3754
f 3814/3827/3813 3779/3795/3781 3818/3794/3780
f 3774/3772/3758 3773/3771/3757 3789/3760/3746
f 3820/3806/3792 3798/3805/3791 3821/3808/3794
f 3745/3799/3785 3821/3808/3794 3746/3818/3804
f 3779/3795/3781 3828/3823/3809 3802/3782/3768
f 3812/3789/3775 3753/3788/3774 3776/3822/3808
f 3790/3769/3755 3802/3782/3768 3760/3749/3735
f 3826/3819/3805 3796/3800/3786 3746/3818/3804
f 3777/3780/3766 3758/3810/3796 3752/3746/3732
f 3760/3749/3735 3785/3817/3803 3761/3750/3736
f 3821/3808/3794 3822/3807/3793 3820/3806/3792
f 3833/3830/3816 3771/3757/3743 3835/3833/3819
f 3802/3782/3768 3780/3781/3767 3779/3795/3781
f 3785/3817/3803 3760/3749/3735 3787/3767/3753
f 3773/3771/3757 3839/3839/3825 3825/3838/3824
f 3767/3756/3742 3760/3749/3735 3802/3782/3768
f 3785/3817/3803 3829/3825/3811 3761/3750/3736
f 3785/3817/3803 3798/3805/3791 3829/3825/3811
f 3826/3819/3805 3782/3764/3750 3781/3763/3749
f 3838/3837/3823 3799/3798/3784 3818/3794/3780
f 3750/3745/3731 3749/3758/3744 3800/3778/3764
f 3814/3827/3813 3799/3798/3784 3755/3768/3754
f 3836/3834/3820 3771/3757/3743 3772/3766/3752
f 3792/3791/3777 3836/3834/3820 3772/3766/3752
f 3754/3765/3751 3782/3764/3750 3753/3788/3774
f 3828/3823/3809 3755/3768/3754 3756/3754/3740
f 3802/3782/3768 3828/3823/3809 3767/3756/3742
f 3833/3830/3816 3804/3797/3783 3771/3757/3743
f 3837/3835/3821 3777/3780/3766 3778/3752/3738
f 3828/3823/3809 3814/3827/3813 3755/3768/3754
f 3841/3840/3826 3842/3841/3827 3843/3842/3828
f 3843/3842/3828 3845/3843/3829 3846/3844/3830
f 3851/3845/3831 3852/3846/3832 3853/3847/3833
f 3857/3848/3834 3858/3849/3835 3850/3850/3836
f 3861/3851/3837 3860/3852/3838 3862/3853/3839
f 3863/3854/3840 3864/3855/3841 3865/3856/3842
f 3869/3857/3843 3850/3850/3836 3858/3849/3835
f 3873/3858/3844 3874/3859/3845 3862/3853/3839
f 3876/3860/3846 3877/3861/3847 3863/3854/3840
f 3882/3862/3848 3846/3844/3830 3883/3863/3849
f 3844/3864/3850 3884/3865/3851 3866/3866/3852
f 3885/3867/3853 3886/3868/3854 3851/3845/3831
f 3849/3869/3855 3881/3870/3856 3850/3850/3836
f 3887/3871/3857 3888/3872/3858 3889/3873/3859
f 3860/3852/3838 3866/3866/3852 3859/3874/3860
f 3856/3875/3861 3893/3876/3862 3878/3877/3863
f 3892/3878/3864 3888/3872/3858 3887/3871/3857
f 3894/3879/3865 3861/3851/3837 3895/3880/3866
f 3896/3881/3867 3897/3882/3868 3898/3883/3869
f 3899/3884/3870 3900/3885/3871 3901/3886/3872
f 3844/3864/3850 3866/3866/3852 3860/3852/3838
f 3887/3871/3857 3864/3855/3841 3892/3878/3864
f 3859/3874/3860 3873/3858/3844 3860/3852/3838
f 3881/3870/3856 3894/3879/3865 3897/3882/3868
f 3850/3850/3836 3881/3870/3856 3897/3882/3868
f 3903/3887/3873 3855/3888/3874 3891/3889/3875
f 3855/3888/3874 3903/3887/3873 3905/3890/3876
f 3902/3891/3877 3891/3889/3875 3855/3888/3874
f 3891/3889/3875 3902/3891/3877 3885/3867/3853
f 3906/3892/3878 3856/3875/3861 3907/3893/3879
f 3905/3890/3876 3854/3894/3880 3855/3888/3874
f 3896/3881/3867 3908/3895/3881 3897/3882/3868
f 3903/3887/3873 3904/3896/3882 3905/3890/3876
f 3869/3857/3843 3890/3897/3883 3849/3869/3855
f 3909/3898/3884 3905/3890/3876 3904/3896/3882
f 3882/3862/3848 3904/3896/3882 3903/3887/3873
f 3903/3887/3873 3846/3844/3830 3882/3862/3848
f 3904/3896/3882 3882/3862/3848 3865/3856/3842
f 3912/3899/3885 3848/3900/3886 3914/3901/3887
f 3899/3884/3870 3901/3886/3872 3915/3902/3888
f 3895/3880/3866 3916/3903/3889 3894/3879/3865
f 3917/3904/3890 3890/3897/3883 3869/3857/3843
f 3882/3862/3848 3883/3863/3849 3865/3856/3842
f 3854/3894/3880 3910/3905/3891 3879/3906/3892
f 3918/3907/3893 3893/3876/3862 3856/3875/3861
f 3918/3907/3893 3875/3908/3894 3893/3876/3862
f 3900/3885/3871 3914/3901/3887 3875/3908/3894
f 3846/3844/3830 3872/3909/3895 3883/3863/3849
f 3872/3909/3895 3912/3899/3885 3883/3863/3849
f 3863/3854/3840 3865/3856/3842 3883/3863/3849
f 3879/3906/3892 3880/3910/3896 3873/3858/3844
f 3918/3907/3893 3923/3911/3897 3924/3912/3898
f 3887/3871/3857 3889/3873/3859 3864/3855/3841
f 3848/3900/3886 3847/3913/3899 3893/3876/3862
f 3856/3875/3861 3878/3877/3863 3907/3893/3879
f 3874/3859/3845 3926/3914/3900 3927/3915/3901
f 3858/3849/3835 3911/3916/3902 3869/3857/3843
f 3929/3917/3903 3930/3918/3904 3931/3919/3905
f 3925/3920/3906 3862/3853/3839 3930/3918/3904
f 3862/3853/3839 3874/3859/3845 3930/3918/3904
f 3840/3921/3907 3893/3876/3862 3847/3913/3899
f 3907/3893/3879 3934/3922/3908 3906/3892/3878
f 3936/3923/3909 3913/3924/3910 3937/3925/3911
f 3864/3855/3841 3921/3926/3912 3892/3878/3864
f 3898/3883/3869 3897/3882/3868 3938/3927/3913
f 3864/3855/3841 3863/3854/3840 3921/3926/3912
f 3890/3897/3883 3881/3870/3856 3849/3869/3855
f 3853/3847/3833 3891/3889/3875 3885/3867/3853
f 3874/3859/3845 3927/3915/3901 3889/3873/3859
f 3894/3879/3865 3844/3864/3850 3861/3851/3837
f 3930/3918/3904 3929/3917/3903 3940/3928/3914
f 3903/3887/3873 3891/3889/3875 3843/3842/3828
f 3866/3866/3852 3884/3865/3851 3867/3929/3915
f 3879/3906/3892 3910/3905/3891 3880/3910/3896
f 3931/3919/3905 3874/3859/3845 3889/3873/3859
f 3879/3906/3892 3859/3874/3860 3941/3930/3916
f 3931/3919/3905 3930/3918/3904 3874/3859/3845
f 3873/3858/3844 3926/3914/3900 3874/3859/3845
f 3865/3856/3842 3889/3873/3859 3927/3915/3901
f 3927/3915/3901 3926/3914/3900 3880/3910/3896
f 3862/3853/3839 3925/3920/3906 3861/3851/3837
f 3918/3907/3893 3856/3875/3861 3868/3931/3917
f 3944/3932/3918 3843/3842/3828 3842/3841/3827
f 3941/3930/3916 3854/3894/3880 3879/3906/3892
f 3843/3842/3828 3944/3932/3918 3845/3843/3829
f 3940/3928/3914 3925/3920/3906 3930/3918/3904
f 3905/3890/3876 3910/3905/3891 3854/3894/3880
f 3863/3854/3840 3877/3861/3847 3921/3926/3912
f 3855/3888/3874 3854/3894/3880 3941/3930/3916
f 3917/3904/3890 3884/3865/3851 3844/3864/3850
f 3873/3858/3844 3859/3874/3860 3879/3906/3892
f 3864/3855/3841 3889/3873/3859 3865/3856/3842
f 3941/3930/3916 3919/3933/3919 3855/3888/3874
f 3927/3915/3901 3880/3910/3896 3909/3898/3884
f 3913/3924/3910 3883/3863/3849 3912/3899/3885
f 3889/3873/3859 3951/3934/3920 3931/3919/3905
f 3927/3915/3901 3909/3898/3884 3904/3896/3882
f 3871/3935/3921 3952/3936/3922 3870/3937/3923
f 3918/3907/3893 3924/3912/3898 3875/3908/3894
f 3859/3874/3860 3866/3866/3852 3941/3930/3916
f 3870/3937/3923 3953/3938/3924 3932/3939/3925
f 3909/3898/3884 3880/3910/3896 3910/3905/3891
f 3919/3933/3919 3902/3891/3877 3855/3888/3874
f 3842/3841/3827 3841/3840/3826 3853/3847/3833
f 3904/3896/3882 3865/3856/3842 3927/3915/3901
f 3846/3844/3830 3845/3843/3829 3872/3909/3895
f 3877/3861/3847 3922/3940/3926 3921/3926/3912
f 3905/3890/3876 3909/3898/3884 3910/3905/3891
f 3844/3864/3850 3860/3852/3838 3861/3851/3837
f 3890/3897/3883 3844/3864/3850 3881/3870/3856
f 3894/3879/3865 3881/3870/3856 3844/3864/3850
f 3878/3877/3863 3939/3941/3927 3907/3893/3879
f 3884/3865/3851 3954/3942/3928 3867/3929/3915
f 3853/3847/3833 3885/3867/3853 3851/3845/3831
f 3925/3920/3906 3895/3880/3866 3861/3851/3837
f 3957/3943/3929 3894/3879/3865 3916/3903/3889
f 3849/3869/3855 3850/3850/3836 3869/3857/3843
f 3955/3944/3930 3956/3945/3931 3958/3946/3932
f 3947/3947/3933 3857/3848/3834 3850/3850/3836
f 3871/3935/3921 3870/3937/3923 3875/3908/3894
f 3894/3879/3865 3957/3943/3929 3897/3882/3868
f 3902/3891/3877 3956/3945/3931 3885/3867/3853
f 3937/3925/3911 3913/3924/3910 3912/3899/3885
f 3959/3948/3934 3857/3848/3834 3947/3947/3933
f 3908/3895/3881 3947/3947/3933 3850/3850/3836
f 3958/3946/3932 3956/3945/3931 3902/3891/3877
f 3958/3946/3932 3919/3933/3919 3928/3949/3935
f 3958/3946/3932 3902/3891/3877 3919/3933/3919
f 3883/3863/3849 3876/3860/3846 3863/3854/3840
f 3953/3938/3924 3870/3937/3923 3960/3950/3936
f 3954/3942/3928 3961/3951/3937 3928/3949/3935
f 3928/3949/3935 3961/3951/3937 3958/3946/3932
f 3962/3952/3938 3896/3881/3867 3898/3883/3869
f 3956/3945/3931 3886/3868/3854 3885/3867/3853
f 3963/3953/3939 3956/3945/3931 3955/3944/3930
f 3844/3864/3850 3890/3897/3883 3917/3904/3890
f 3888/3872/3858 3951/3934/3920 3889/3873/3859
f 3919/3933/3919 3867/3929/3915 3928/3949/3935
f 3933/3954/3940 3858/3849/3835 3857/3848/3834
f 3956/3945/3931 3963/3953/3939 3886/3868/3854
f 3875/3908/3894 3924/3912/3898 3871/3935/3921
f 3870/3937/3923 3932/3939/3925 3900/3885/3871
f 3848/3900/3886 3912/3899/3885 3942/3955/3941
f 3913/3924/3910 3920/3956/3942 3883/3863/3849
f 3840/3921/3907 3949/3957/3943 3935/3958/3944
f 3945/3959/3945 3842/3841/3827 3964/3960/3946
f 3840/3921/3907 3847/3913/3899 3949/3957/3943
f 3903/3887/3873 3843/3842/3828 3846/3844/3830
f 3948/3961/3947 3949/3957/3943 3847/3913/3899
f 3965/3962/3948 3914/3901/3887 3943/3963/3949
f 3850/3850/3836 3897/3882/3868 3908/3895/3881
f 3919/3933/3919 3941/3930/3916 3867/3929/3915
f 3845/3843/3829 3944/3932/3918 3950/3964/3950
f 3948/3961/3947 3950/3964/3950 3966/3965/3951
f 3964/3960/3946 3852/3846/3832 3967/3966/3952
f 3900/3885/3871 3875/3908/3894 3870/3937/3923
f 3847/3913/3899 3848/3900/3886 3942/3955/3941
f 3928/3949/3935 3867/3929/3915 3954/3942/3928
f 3948/3961/3947 3847/3913/3899 3950/3964/3950
f 3966/3965/3951 3945/3959/3945 3968/3967/3953
f 3841/3840/3826 3891/3889/3875 3853/3847/3833
f 3880/3910/3896 3926/3914/3900 3873/3858/3844
f 3937/3925/3911 3965/3962/3948 3946/3968/3954
f 3893/3876/3862 3840/3921/3907 3878/3877/3863
f 3941/3930/3916 3866/3866/3852 3867/3929/3915
f 3920/3956/3942 3876/3860/3846 3883/3863/3849
f 3853/3847/3833 3852/3846/3832 3964/3960/3946
f 3860/3852/3838 3873/3858/3844 3862/3853/3839
f 3840/3921/3907 3939/3941/3927 3878/3877/3863
f 3845/3843/3829 3912/3899/3885 3872/3909/3895
f 3848/3900/3886 3893/3876/3862 3875/3908/3894
f 3937/3925/3911 3914/3901/3887 3965/3962/3948
f 3945/3959/3945 3966/3965/3951 3950/3964/3950
f 3944/3932/3918 3945/3959/3945 3950/3964/3950
f 3848/3900/3886 3875/3908/3894 3914/3901/3887
f 3843/3842/3828 3891/3889/3875 3841/3840/3826
f 3847/3913/3899 3942/3955/3941 3950/3964/3950
f 3914/3901/3887 3937/3925/3911 3912/3899/3885
f 3900/3885/3871 3932/3939/3925 3901/3886/3872
f 3912/3899/3885 3950/3964/3950 3942/3955/3941
f 3964/3960/3946 3842/3841/3827 3853/3847/3833
f 3945/3959/3945 3944/3932/3918 3842/3841/3827
f 3946/3968/3954 3965/3962/3948 3943/3963/3949
f 3914/3901/3887 3900/3885/3871 3943/3963/3949
f 3845/3843/3829 3950/3964/3950 3912/3899/3885
f 3943/3963/3949 3900/3885/3871 3899/3884/3870
f 3969/3969/3955 3970/3970/3956 3971/3971/3957
f 3977/3972/3958 3978/3973/3959 3979/3974/3960
f 3980/3975/3961 3978/3973/3959 3981/3976/3962
f 3982/3977/3963 3983/3978/3964 3972/3979/3965
f 3972/3979/3965 3983/3978/3964 3975/3980/3966
f 3982/3977/3963 3974/3981/3967 3984/3982/3968
f 3973/3983/3969 3974/3981/3967 3972/3979/3965
f 3987/3984/3970 3982/3977/3963 3984/3982/3968
f 3988/3985/3971 3981/3976/3962 3985/3986/3972
f 3972/3979/3965 3974/3981/3967 3982/3977/3963
f 3991/3987/3973 3972/3979/3965 3992/3988/3974
f 3970/3970/3956 3990/3989/3975 3986/3990/3976
f 3994/3991/3977 3989/3992/3978 3987/3984/3970
f 3991/3987/3973 3973/3983/3969 3972/3979/3965
f 3992/3988/3974 3972/3979/3965 3975/3980/3966
f 3976/3993/3979 3974/3981/3967 3973/3983/3969
f 3996/3994/3980 3997/3995/3981 3998/3996/3982
f 3993/3997/3983 3973/3983/3969 3991/3987/3973
f 3996/3994/3980 3998/3996/3982 4000/3998/3984
f 4001/3999/3985 3998/3996/3982 4003/4000/3986
f 4004/4001/3987 4002/4002/3988 3998/3996/3982
f 4005/4003/3989 4006/4004/3990 4001/3999/3985
f 4001/3999/3985 4004/4001/3987 3998/3996/3982
f 3971/3971/3957 3989/3992/3978 3969/3969/3955
f 4000/3998/3984 3999/4005/3991 3996/3994/3980
f 3995/4006/3992 3971/3971/3957 3970/3970/3956
f 3995/4006/3992 3970/3970/3956 3986/3990/3976
f 3998/3996/3982 4002/4002/3988 4000/3998/3984
f 4004/4001/3987 4001/3999/3985 4006/4004/3990
f 4007/4007/3993 4008/4008/3994 3986/3990/3976
f 4008/4008/3994 4007/4007/3993 4012/4009/3995
f 4015/4010/3996 4016/4011/3997 4012/4009/3995
f 3999/4005/3991 4021/4012/3998 4011/4013/3999
f 4016/4011/3997 4014/4014/4000 4013/4015/4001
f 4011/4013/3999 4009/4016/4002 4010/4017/4003
f 4020/4018/4004 4017/4019/4005 4018/4020/4006
f 3981/3976/3962 3978/3973/3959 3977/3972/3958
f 4019/4021/4007 4013/4015/4001 4010/4017/4003
f 4011/4013/3999 4025/4022/4008 4009/4016/4002
f 4010/4017/4003 4009/4016/4002 4018/4020/4006
f 4015/4010/3996 4024/4023/4009 4016/4011/3997
f 4011/4013/3999 4010/4017/4003 3996/3994/3980
f 3999/4005/3991 4011/4013/3999 3996/3994/3980
f 3997/3995/3981 4010/4017/4003 4013/4015/4001
f 4032/4024/4010 4011/4013/3999 4021/4012/3998
f 4016/4011/3997 4024/4023/4009 4014/4014/4000
f 4018/4020/4006 4017/4019/4005 4019/4021/4007
f 4010/4017/4003 4018/4020/4006 4019/4021/4007
f 4016/4011/3997 4013/4015/4001 4029/4025/4011
f 4013/4015/4001 4019/4021/4007 4029/4025/4011
f 4033/4026/4012 4020/4018/4004 4031/4027/4013
f 4001/3999/3985 4034/4028/4014 4005/4003/3989
f 4009/4016/4002 4025/4022/4008 4069/4029/4015
f 4019/4021/4007 4017/4019/4005 4029/4025/4011
f 4028/4030/4016 4016/4011/3997 4029/4025/4011
f 4063/4031/4017 4035/4032/4018 4036/4033/4019
f 3975/3980/3966 3983/3978/3964 4037/4034/4020
f 3983/3978/3964 4040/4035/4021 4036/4033/4019
f 4020/4018/4004 4028/4030/4016 4017/4019/4005
f 4040/4035/4021 4039/4036/4022 4036/4033/4019
f 4041/4037/4023 4045/4038/4024 4037/4034/4020
f 4042/4039/4025 4044/4040/4026 4031/4027/4013
f 4047/4041/4027 4048/4042/4028 4027/4043/4029
f 3997/3995/3981 4049/4044/4030 4003/4000/3986
f 4030/4045/4031 3997/3995/3981 4013/4015/4001
f 4039/4036/4022 4038/4046/4032 4046/4047/4033
f 4036/4033/4019 4046/4047/4033 4063/4031/4017
f 4038/4046/4032 4039/4036/4022 4040/4035/4021
f 4046/4047/4033 4050/4048/4034 4051/4049/4035
f 4053/4050/4036 4054/4051/4037 4034/4028/4014
f 4036/4033/4019 4039/4036/4022 4046/4047/4033
f 4003/4000/3986 4056/4052/4038 4001/3999/3985
f 4030/4045/4031 4049/4044/4030 3997/3995/3981
f 4055/4053/4039 4043/4054/4040 3980/3975/3961
f 4052/4055/4041 4059/4056/4042 4058/4057/4043
f 3977/3972/3958 3985/3986/3972 3981/3976/3962
f 4022/4058/4044 4042/4039/4025 4031/4027/4013
f 4046/4047/4033 4042/4039/4025 4050/4048/4034
f 4050/4048/4034 4042/4039/4025 4058/4057/4043
f 4055/4053/4039 4048/4042/4028 4061/4059/4045
f 4052/4055/4041 4043/4054/4040 4055/4053/4039
f 4052/4055/4041 4058/4057/4043 4042/4039/4025
f 4062/4060/4046 4022/4058/4044 4031/4027/4013
f 3999/4005/3991 4000/3998/3984 4023/4061/4047
f 4013/4015/4001 4014/4014/4000 4030/4045/4031
f 4063/4031/4017 4046/4047/4033 4051/4049/4035
f 4053/4050/4036 4034/4028/4014 4056/4052/4038
f 4053/4050/4036 4056/4052/4038 4064/4062/4048
f 4052/4055/4041 4042/4039/4025 4043/4054/4040
f 3980/3975/3961 4048/4042/4028 4055/4053/4039
f 4046/4047/4033 4044/4040/4026 4042/4039/4025
f 4031/4027/4013 4044/4040/4026 4033/4026/4012
f 4022/4058/4044 4043/4054/4040 4042/4039/4025
f 4063/4031/4017 4065/4063/4049 4035/4032/4018
f 4069/4029/4015 4066/4064/4050 4068/4065/4051
f 4046/4047/4033 4038/4046/4032 4044/4040/4026
f 3979/3974/3960 4057/4066/4052 3977/3972/3958
f 4070/4067/4053 3983/3978/3964 4036/4033/4019
f 3997/3995/3981 4003/4000/3986 3998/3996/3982
f 4070/4067/4053 4071/4068/4054 3983/3978/3964
f 4071/4068/4054 4041/4037/4023 3983/3978/3964
f 4054/4051/4037 4060/4069/4055 4034/4028/4014
f 3988/3985/3971 3980/3975/3961 3981/3976/3962
f 4027/4043/4029 4048/4042/4028 3988/3985/3971
f 4041/4037/4023 4037/4034/4020 3983/3978/3964
f 4012/4009/3995 4016/4011/3997 4028/4030/4016
f 4012/4009/3995 4028/4030/4016 4008/4008/3994
f 4022/4058/4044 3980/3975/3961 4043/4054/4040
f 4025/4022/4008 4011/4013/3999 4032/4024/4010
f 4073/4070/4056 4020/4018/4004 4033/4026/4012
f 4028/4030/4016 4020/4018/4004 4073/4070/4056
f 4044/4040/4026 4038/4046/4032 4067/4071/4057
f 4068/4065/4051 4057/4066/4052 4069/4029/4015
f 4044/4040/4026 4067/4071/4057 4072/4072/4058
f 4072/4072/4058 4067/4071/4057 4033/4026/4012
f 3980/3975/3961 3988/3985/3971 4048/4042/4028
f 4073/4070/4056 4033/4026/4012 4067/4071/4057
f 3995/4006/3992 4008/4008/3994 4073/4070/4056
f 4026/4073/4059 3985/3986/3972 3977/3972/3958
f 4008/4008/3994 3995/4006/3992 3986/3990/3976
f 3978/3973/3959 3980/3975/3961 4022/4058/4044
f 4022/4058/4044 4062/4060/4046 3978/3973/3959
f 4069/4029/4015 4057/4066/4052 3979/3974/3960
f 4074/4074/4060 4073/4070/4056 4067/4071/4057
f 3995/4006/3992 4073/4070/4056 4074/4074/4060
f 4074/4074/4060 4067/4071/4057 4038/4046/4032
f 3996/3994/3980 4010/4017/4003 3997/3995/3981
f 4033/4026/4012 4044/4040/4026 4072/4072/4058
f 3983/3978/3964 3982/3977/3963 4040/4035/4021
f 4028/4030/4016 4073/4070/4056 4008/4008/3994
f 3979/3974/3960 3978/3973/3959 4075/4075/4061
f 3982/3977/3963 3987/3984/3970 4074/4074/4060
f 4074/4074/4060 3987/3984/3970 3989/3992/3978
f 3971/3971/3957 4074/4074/4060 3989/3992/3978
f 4038/4046/4032 4040/4035/4021 3982/3977/3963
f 4038/4046/4032 3982/3977/3963 4074/4074/4060
f 4074/4074/4060 3971/3971/3957 3995/4006/3992
f 3978/3973/3959 4062/4060/4046 4075/4075/4061
f 4075/4075/4061 4009/4016/4002 4069/4029/4015
f 4066/4064/4050 4069/4029/4015 4025/4022/4008
f 4034/4028/4014 4001/3999/3985 4056/4052/4038
f 4075/4075/4061 4069/4029/4015 3979/3974/3960
f 4017/4019/4005 4028/4030/4016 4029/4025/4011
f 4075/4075/4061 4020/4018/4004 4018/4020/4006
f 4020/4018/4004 4075/4075/4061 4062/4060/4046
f 4018/4020/4006 4009/4016/4002 4075/4075/4061
f 4062/4060/4046 4031/4027/4013 4020/4018/4004
f 4087/4076/4062 4079/4077/4063 4088/4078/4064
f 4089/4079/4065 4087/4076/4062 4088/4078/4064
f 4090/4080/4066 4091/4081/4067 4092/4082/4068
f 4095/4083/4069 4096/4084/4070 4097/4085/4071
f 4091/4081/4067 4081/4086/4072 4080/4087/4073
f 4079/4077/4063 4106/4088/4074 4107/4089/4075
f 4084/4090/4076 4111/4091/4077 4083/4092/4078
f 4112/4093/4079 4113/4094/4080 4114/4095/4081
f 4088/4078/4064 4115/4096/4082 4089/4079/4065
f 4097/4085/4071 4096/4084/4070 4118/4097/4083
f 4122/4098/4084 4123/4099/4085 4124/4100/4086
f 4078/4101/4087 4076/4102/4088 4077/4103/4089
f 4091/4081/4067 4094/4104/4090 4081/4086/4072
f 4127/4105/4091 4128/4106/4092 4120/4107/4093
f 4103/4108/4094 4126/4109/4095 4125/4110/4096
f 4079/4077/4063 4082/4111/4097 4088/4078/4064
f 4134/4112/4098 4135/4113/4099 4121/4114/4100
f 4081/4086/4072 4094/4104/4090 4138/4115/4101
f 4140/4116/4102 4084/4090/4076 4141/4117/4103
f 4098/4118/4104 4143/4119/4105 4100/4120/4106
f 4084/4090/4076 4144/4121/4107 4145/4122/4108
f 4108/4123/4109 4146/4124/4110 4099/4125/4111
f 4100/4120/4106 4142/4126/4112 4154/4127/4113
f 4092/4082/4068 4091/4081/4067 4150/4128/4114
f 4153/4129/4115 4099/4125/4111 4097/4085/4071
f 4148/4130/4116 4139/4131/4117 4151/4132/4118
f 4121/4114/4100 4155/4133/4119 4139/4131/4117
f 4124/4100/4086 4156/4134/4120 4157/4135/4121
f 4158/4136/4122 4159/4137/4123 4103/4108/4094
f 4160/4138/4124 4121/4114/4100 4135/4113/4099
f 4083/4092/4078 4103/4108/4094 4084/4090/4076
f 4152/4139/4125 4099/4125/4111 4146/4124/4110
f 4109/4140/4126 4108/4123/4109 4153/4129/4115
f 4084/4090/4076 4145/4122/4108 4111/4091/4077
f 4163/4141/4127 4083/4092/4078 4111/4091/4077
f 4153/4129/4115 4164/4142/4128 4165/4143/4129
f 4102/4144/4130 4078/4101/4087 4166/4145/4131
f 4168/4146/4132 4152/4139/4125 4146/4124/4110
f 4078/4101/4087 4077/4103/4089 4171/4147/4133
f 4149/4148/4134 4136/4149/4135 4172/4150/4136
f 4163/4141/4127 4167/4151/4137 4083/4092/4078
f 4147/4152/4138 4152/4139/4125 4134/4112/4098
f 4157/4135/4121 4174/4153/4139 4124/4100/4086
f 4103/4108/4094 4125/4110/4096 4158/4136/4122
f 4168/4146/4132 4134/4112/4098 4152/4139/4125
f 4161/4154/4140 4103/4108/4094 4129/4155/4141
f 4158/4136/4122 4118/4097/4083 4166/4145/4131
f 4097/4085/4071 4099/4125/4111 4095/4083/4069
f 4167/4151/4137 4097/4085/4071 4125/4110/4096
f 4175/4156/4142 4092/4082/4068 4150/4128/4114
f 4174/4153/4139 4157/4135/4121 4116/4157/4143
f 4086/4158/4144 4117/4159/4145 4085/4160/4146
f 4085/4160/4146 4130/4161/4147 4086/4158/4144
f 4079/4077/4063 4107/4089/4075 4077/4103/4089
f 4116/4157/4143 4086/4158/4144 4174/4153/4139
f 4120/4107/4093 4178/4162/4148 4112/4093/4079
f 4177/4163/4149 4138/4115/4101 4170/4164/4150
f 4101/4165/4151 4104/4166/4152 4110/4167/4153
f 4102/4144/4130 4166/4145/4131 4101/4165/4151
f 4179/4168/4154 4180/4169/4155 4170/4164/4150
f 4153/4129/4115 4165/4143/4129 4109/4140/4126
f 4142/4126/4112 4152/4139/4125 4154/4127/4113
f 4147/4152/4138 4154/4127/4113 4152/4139/4125
f 4125/4110/4096 4118/4097/4083 4158/4136/4122
f 4179/4168/4154 4183/4170/4156 4180/4169/4155
f 4083/4092/4078 4167/4151/4137 4126/4109/4095
f 4130/4161/4147 4085/4160/4146 4110/4167/4153
f 4082/4111/4097 4079/4077/4063 4076/4102/4088
f 4142/4126/4112 4099/4125/4111 4152/4139/4125
f 4116/4157/4143 4157/4135/4121 4173/4171/4157
f 4162/4172/4158 4131/4173/4159 4136/4149/4135
f 4186/4174/4160 4156/4134/4120 4124/4100/4086
f 4121/4114/4100 4160/4138/4124 4155/4133/4119
f 4141/4117/4103 4161/4154/4140 4187/4175/4161
f 4182/4176/4162 4188/4177/936 4189/4178/4163
f 4076/4102/4088 4102/4144/4130 4082/4111/4097
f 4151/4132/4118 4150/4128/4114 4080/4087/4073
f 4117/4159/4145 4086/4158/4144 4116/4157/4143
f 4175/4156/4142 4190/4179/4164 4092/4082/4068
f 4098/4118/4104 4174/4153/4139 4130/4161/4147
f 4126/4109/4095 4103/4108/4094 4083/4092/4078
f 4148/4130/4116 4081/4086/4072 4100/4120/4106
f 4140/4116/4102 4105/4180/4165 4084/4090/4076
f 4091/4081/4067 4090/4080/4066 4093/4181/4166
f 4163/4141/4127 4153/4129/4115 4167/4151/4137
f 4143/4119/4105 4095/4083/4069 4099/4125/4111
f 4102/4144/4130 4110/4167/4153 4082/4111/4097
f 4139/4131/4117 4147/4152/4138 4121/4114/4100
f 4192/4182/4167 4112/4093/4079 4189/4178/4163
f 4127/4105/4091 4193/4183/4168 4133/4184/4169
f 4187/4175/4161 4161/4154/4140 4181/4185/4170
f 4194/4186/4171 4120/4107/4093 4119/4187/4172
f 4144/4121/4107 4084/4090/4076 4105/4180/4165
f 4174/4153/4139 4086/4158/4144 4130/4161/4147
f 4163/4141/4127 4164/4142/4128 4153/4129/4115
f 4104/4166/4152 4101/4165/4151 4098/4118/4104
f 4155/4133/4119 4160/4138/4124 4185/4188/4173
f 4183/4170/4156 4195/4189/4174 4180/4169/4155
f 4124/4100/4086 4123/4099/4085 4186/4174/4160
f 4195/4189/4174 4122/4098/4084 4180/4169/4155
f 4076/4102/4088 4078/4101/4087 4102/4144/4130
f 4093/4181/4166 4094/4104/4090 4091/4081/4067
f 4172/4150/4136 4136/4149/4135 4137/4190/4175
f 4100/4120/4106 4099/4125/4111 4142/4126/4112
f 4147/4152/4138 4139/4131/4117 4154/4127/4113
f 4132/4191/4176 4155/4133/4119 4127/4105/4091
f 4167/4151/4137 4125/4110/4096 4126/4109/4095
f 4175/4156/4142 4150/4128/4114 4151/4132/4118
f 4081/4086/4072 4148/4130/4116 4080/4087/4073
f 4197/4192/4177 4198/4193/4178 4078/4101/4087
f 4177/4163/4149 4170/4164/4150 4196/4194/4179
f 4200/4195/4180 4190/4179/4164 4149/4148/4134
f 4196/4194/4179 4170/4164/4150 4180/4169/4155
f 4139/4131/4117 4132/4191/4176 4151/4132/4118
f 4084/4090/4076 4103/4108/4094 4161/4154/4140
f 4138/4115/4101 4169/4196/4181 4170/4164/4150
f 4079/4077/4063 4201/4197/4182 4106/4088/4074
f 4087/4076/4062 4201/4197/4182 4079/4077/4063
f 4143/4119/4105 4099/4125/4111 4100/4120/4106
f 4082/4111/4097 4110/4167/4153 4085/4160/4146
f 4177/4163/4149 4100/4120/4106 4138/4115/4101
f 4188/4177/936 4182/4176/4162 4202/4198/4183
f 4112/4093/4079 4192/4182/4167 4113/4094/4080
f 4134/4112/4098 4121/4114/4100 4147/4152/4138
f 4101/4165/4151 4166/4145/4131 4096/4084/4070
f 4144/4121/4107 4191/4199/4184 4145/4122/4108
f 4199/4200/4185 4177/4163/4149 4196/4194/4179
f 4088/4078/4064 4085/4160/4146 4115/4096/4082
f 4100/4120/4106 4177/4163/4149 4098/4118/4104
f 4204/4201/4186 4105/4180/4165 4203/4202/4187
f 4094/4104/4090 4205/4203/4188 4138/4115/4101
f 4096/4084/4070 4095/4083/4069 4143/4119/4105
f 4133/4184/4169 4128/4106/4092 4127/4105/4091
f 4105/4180/4165 4204/4201/4186 4144/4121/4107
f 4079/4077/4063 4077/4103/4089 4076/4102/4088
f 4112/4093/4079 4178/4162/4148 4182/4176/4162
f 4151/4132/4118 4080/4087/4073 4148/4130/4116
f 4082/4111/4097 4085/4160/4146 4088/4078/4064
f 4175/4156/4142 4151/4132/4118 4149/4148/4134
f 4180/4169/4155 4199/4200/4185 4196/4194/4179
f 4110/4167/4153 4102/4144/4130 4101/4165/4151
f 4096/4084/4070 4143/4119/4105 4098/4118/4104
f 4160/4138/4124 4184/4204/4189 4185/4188/4173
f 4185/4188/4173 4193/4183/4168 4127/4105/4091
f 4122/4098/4084 4199/4200/4185 4180/4169/4155
f 4114/4095/4081 4113/4094/4080 4136/4149/4135
f 4114/4095/4081 4131/4173/4159 4112/4093/4079
f 4098/4118/4104 4177/4163/4149 4199/4200/4185
f 4189/4178/4163 4112/4093/4079 4182/4176/4162
f 4139/4131/4117 4100/4120/4106 4154/4127/4113
f 4130/4161/4147 4104/4166/4152 4098/4118/4104
f 4120/4107/4093 4112/4093/4079 4131/4173/4159
f 4120/4107/4093 4151/4132/4118 4132/4191/4176
f 4104/4166/4152 4130/4161/4147 4110/4167/4153
f 4103/4108/4094 4159/4137/4123 4176/4205/4190
f 4198/4193/4178 4207/4206/4191 4159/4137/4123
f 4118/4097/4083 4096/4084/4070 4166/4145/4131
f 4098/4118/4104 4199/4200/4185 4174/4153/4139
f 4208/4207/4192 4166/4145/4131 4198/4193/4178
f 4141/4117/4103 4084/4090/4076 4161/4154/4140
f 4122/4098/4084 4124/4100/4086 4199/4200/4185
f 4151/4132/4118 4131/4173/4159 4162/4172/4158
f 4136/4149/4135 4131/4173/4159 4114/4095/4081
f 4185/4188/4173 4127/4105/4091 4155/4133/4119
f 4159/4137/4123 4208/4207/4192 4198/4193/4178
f 4190/4179/4164 4175/4156/4142 4149/4148/4134
f 4206/4208/4193 4200/4195/4180 4149/4148/4134
f 4138/4115/4101 4205/4203/4188 4169/4196/4181
f 4150/4128/4114 4091/4081/4067 4080/4087/4073
f 4120/4107/4093 4132/4191/4176 4127/4105/4091
f 4132/4191/4176 4139/4131/4117 4155/4133/4119
f 4100/4120/4106 4081/4086/4072 4138/4115/4101
f 4139/4131/4117 4148/4130/4116 4100/4120/4106
f 4098/4118/4104 4101/4165/4151 4096/4084/4070
f 4108/4123/4109 4099/4125/4111 4153/4129/4115
f 4199/4200/4185 4124/4100/4086 4174/4153/4139
f 4205/4203/4188 4094/4104/4090 4093/4181/4166
f 4158/4136/4122 4166/4145/4131 4208/4207/4192
f 4197/4192/4177 4078/4101/4087 4171/4147/4133
f 4131/4173/4159 4151/4132/4118 4120/4107/4093
f 4202/4198/4183 4209/4209/4194 4188/4177/936
f 4176/4205/4190 4129/4155/4141 4103/4108/4094
f 4153/4129/4115 4097/4085/4071 4167/4151/4137
f 4119/4187/4172 4120/4107/4093 4128/4106/4092
f 4194/4186/4171 4178/4162/4148 4120/4107/4093
f 4078/4101/4087 4198/4193/4178 4166/4145/4131
f 4149/4148/4134 4162/4172/4158 4136/4149/4135
f 4208/4207/4192 4159/4137/4123 4158/4136/4122
f 4097/4085/4071 4118/4097/4083 4125/4110/4096
f 4115/4096/4082 4085/4160/4146 4117/4159/4145
f 4162/4172/4158 4149/4148/4134 4151/4132/4118
f 4172/4150/4136 4206/4208/4193 4149/4148/4134
f 4214/4210/4195 4211/4211/4196 4210/4212/4197
f 4212/4213/4198 4210/4212/4197 4211/4211/4196
f 4215/4214/4199 4216/4215/2949 4217/4216/4200
f 4241/4217/4201 4219/4218/4202 4220/4219/4203
f 4219/4218/4202 4221/4220/4204 4222/4221/4205
f 4222/4221/4205 4224/4222/4206 4225/4223/4207
f 4226/4224/4208 4224/4222/4206 4222/4221/4205
f 4229/4225/4209 4224/4222/4206 4230/4226/4210
f 4231/4227/4211 4232/4228/4212 4218/4229/4213
f 4231/4227/4211 4226/4224/4208 4227/4230/4214
f 4234/4231/4215 4224/4222/4206 4213/4232/4216
f 4219/4218/4202 4222/4221/4205 4235/4233/4217
f 4211/4211/4196 4231/4227/4211 4228/4234/4218
f 4239/4235/4219 4241/4217/4201 4238/4236/4220
f 4228/4234/4218 4219/4218/4202 4241/4217/4201
f 4212/4213/4198 4211/4211/4196 4228/4234/4218
f 4241/4217/4201 4212/4213/4198 4228/4234/4218
f 4213/4232/4216 4224/4222/4206 4218/4229/4213
f 4243/4237/4221 4238/4236/4220 4244/4238/4222
f 4243/4237/4221 4239/4235/4219 4238/4236/4220
f 4228/4234/4218 4231/4227/4211 4227/4230/4214
f 4239/4235/4219 4243/4237/4221 4245/4239/4223
f 4246/4240/4224 4247/4241/4225 4243/4237/4221
f 4245/4239/4223 4249/4242/4226 4239/4235/4219
f 4231/4227/4211 4218/4229/4213 4226/4224/4208
f 4243/4237/4221 4247/4241/4225 4245/4239/4223
f 4250/4243/4227 4251/4244/4228 4218/4229/4213
f 4234/4231/4215 4230/4226/4210 4224/4222/4206
f 4215/4214/4199 4217/4216/4200 4210/4212/4197
f 4234/4231/4215 4252/4245/4229 4233/4246/4230
f 4227/4230/4214 4222/4221/4205 4221/4220/4204
f 4230/4226/4210 4234/4231/4215 4233/4246/4230
f 4210/4212/4197 4217/4216/4200 4253/4247/4231
f 4225/4223/4207 4235/4233/4217 4222/4221/4205
f 4253/4247/4231 4214/4210/4195 4210/4212/4197
f 4212/4213/4198 4254/4248/4232 4210/4212/4197
f 4254/4248/4232 4215/4214/4199 4210/4212/4197
f 4234/4231/4215 4255/4249/4233 4252/4245/4229
f 4232/4228/4212 4211/4211/4196 4214/4210/4195
f 4233/4246/4230 4236/4250/4234 4230/4226/4210
f 4229/4225/4209 4223/4251/4235 4224/4222/4206
f 4237/4252/4236 4229/4225/4209 4230/4226/4210
f 4237/4252/4236 4230/4226/4210 4236/4250/4234
f 4237/4252/4236 4236/4250/4234 4258/4253/4237
f 4247/4241/4225 4246/4240/4224 4259/4254/4238
f 4214/4210/4195 4256/4255/4239 4232/4228/4212
f 4239/4235/4219 4249/4242/4226 4248/4256/4240
f 4214/4210/4195 4257/4257/4241 4260/4258/4242
f 4239/4235/4219 4248/4256/4240 4262/4259/4243
f 4219/4218/4202 4228/4234/4218 4221/4220/4204
f 4229/4225/4209 4240/4260/4244 4263/4261/4245
f 4266/4262/4246 4267/4263/4247 4251/4244/4228
f 4270/4264/4248 4268/4265/4249 4271/4266/4250
f 4261/4267/4251 4229/4225/4209 4263/4261/4245
f 4265/4268/4252 4272/4269/4253 4273/4270/4254
f 4269/4271/4255 4268/4265/4249 4270/4264/4248
f 4262/4259/4243 4212/4213/4198 4239/4235/4219
f 4273/4270/4254 4274/4272/4256 4265/4268/4252
f 4222/4221/4205 4227/4230/4214 4226/4224/4208
f 4275/4273/4257 4276/4274/4258 4277/4275/4259
f 4278/4276/4260 4277/4275/4259 4276/4274/4258
f 4269/4271/4255 4261/4267/4251 4263/4261/4245
f 4229/4225/4209 4237/4252/4236 4240/4260/4244
f 4224/4222/4206 4223/4251/4235 4225/4223/4207
f 4280/4277/4261 4279/4278/4262 4281/4279/4263
f 4265/4268/4252 4264/4280/4264 4282/4281/4265
f 4212/4213/4198 4241/4217/4201 4239/4235/4219
f 4264/4280/4264 4279/4278/4262 4282/4281/4265
f 4261/4267/4251 4269/4271/4255 4270/4264/4248
f 4224/4222/4206 4226/4224/4208 4218/4229/4213
f 4265/4268/4252 4274/4272/4256 4264/4280/4264
f 4223/4251/4235 4261/4267/4251 4270/4264/4248
f 4255/4249/4233 4234/4231/4215 4213/4232/4216
f 4232/4228/4212 4231/4227/4211 4211/4211/4196
f 4235/4233/4217 4283/4282/4266 4220/4219/4203
f 4283/4282/4266 4270/4264/4248 4271/4266/4250
f 4227/4230/4214 4221/4220/4204 4228/4234/4218
f 4225/4223/4207 4223/4251/4235 4270/4264/4248
f 4254/4248/4232 4212/4213/4198 4262/4259/4243
f 4242/4283/4267 4244/4238/4222 4238/4236/4220
f 4235/4233/4217 4225/4223/4207 4283/4282/4266
f 4240/4260/4244 4237/4252/4236 4284/4284/4268
f 4277/4275/4259 4333/4285/4269 4275/4273/4257
f 4277/4275/4259 4285/4286/4270 4286/4287/4271
f 4252/4245/4229 4287/4288/4272 4233/4246/4230
f 4277/4275/4259 4278/4276/4260 4288/4289/4273
f 4285/4286/4270 4289/4290/4274 4284/4284/4268
f 4289/4290/4274 4240/4260/4244 4284/4284/4268
f 4285/4286/4270 4277/4275/4259 4289/4290/4274
f 4290/4291/4275 4291/4292/4276 4273/4270/4254
f 4292/4293/4277 4294/4294/4278 4289/4290/4274
f 4263/4261/4245 4268/4265/4249 4269/4271/4255
f 4293/4295/4279 4268/4265/4249 4263/4261/4245
f 4235/4233/4217 4220/4219/4203 4219/4218/4202
f 4291/4292/4276 4292/4293/4277 4288/4289/4273
f 4273/4270/4254 4272/4269/4253 4290/4291/4275
f 4289/4290/4274 4293/4295/4279 4263/4261/4245
f 4294/4294/4278 4293/4295/4279 4289/4290/4274
f 4225/4223/4207 4270/4264/4248 4283/4282/4266
f 4290/4291/4275 4298/4296/4280 4295/4297/4281
f 4296/4298/4282 4290/4291/4275 4272/4269/4253
f 4295/4297/4281 4299/4299/4283 4291/4292/4276
f 4250/4243/4227 4300/4300/4284 4301/4301/4285
f 4298/4296/4280 4290/4291/4275 4296/4298/4282
f 4302/4302/4286 4294/4294/4278 4299/4299/4283
f 4292/4293/4277 4291/4292/4276 4299/4299/4283
f 4296/4298/4282 4297/4303/4287 4298/4296/4280
f 4240/4260/4244 4289/4290/4274 4263/4261/4245
f 4303/4304/4288 4295/4297/4281 4298/4296/4280
f 4283/4282/4266 4304/4305/4289 4220/4219/4203
f 4306/4306/4290 4302/4302/4286 4303/4304/4288
f 4268/4265/4249 4306/4306/4290 4271/4266/4250
f 4220/4219/4203 4305/4307/4291 4244/4238/4222
f 4271/4266/4250 4306/4306/4290 4308/4308/4292
f 4308/4308/4292 4304/4305/4289 4271/4266/4250
f 4293/4295/4279 4302/4302/4286 4268/4265/4249
f 4304/4305/4289 4283/4282/4266 4271/4266/4250
f 4238/4236/4220 4241/4217/4201 4220/4219/4203
f 4309/4309/4293 4310/4310/4294 4311/4311/4295
f 4306/4306/4290 4303/4304/4288 4309/4309/4293
f 4303/4304/4288 4307/4312/4296 4309/4309/4293
f 4304/4305/4289 4305/4307/4291 4220/4219/4203
f 4304/4305/4289 4308/4308/4292 4311/4311/4295
f 4242/4283/4267 4238/4236/4220 4220/4219/4203
f 4244/4238/4222 4242/4283/4267 4220/4219/4203
f 4306/4306/4290 4268/4265/4249 4302/4302/4286
f 4305/4307/4291 4312/4313/4297 4244/4238/4222
f 4303/4304/4288 4302/4302/4286 4295/4297/4281
f 4311/4311/4295 4313/4314/4298 4304/4305/4289
f 4315/4315/4299 4307/4312/4296 4303/4304/4288
f 4285/4286/4270 4284/4284/4268 4286/4287/4271
f 4213/4232/4216 4218/4229/4213 4251/4244/4228
f 4261/4267/4251 4223/4251/4235 4229/4225/4209
f 4312/4313/4297 4314/4316/4300 4244/4238/4222
f 4305/4307/4291 4304/4305/4289 4313/4314/4298
f 4236/4250/4234 4317/4317/4301 4258/4253/4237
f 4243/4237/4221 4244/4238/4222 4314/4316/4300
f 4288/4289/4273 4289/4290/4274 4277/4275/4259
f 4317/4317/4301 4236/4250/4234 4233/4246/4230
f 4314/4316/4300 4316/4318/4302 4243/4237/4221
f 4290/4291/4275 4295/4297/4281 4291/4292/4276
f 4311/4311/4295 4306/4306/4290 4309/4309/4293
f 4255/4249/4233 4213/4232/4216 4318/4319/4303
f 4311/4311/4295 4308/4308/4292 4306/4306/4290
f 4316/4318/4302 4246/4240/4224 4243/4237/4221
f 4292/4293/4277 4299/4299/4283 4294/4294/4278
f 4302/4302/4286 4293/4295/4279 4294/4294/4278
f 4291/4292/4276 4278/4276/4260 4273/4270/4254
f 4302/4302/4286 4299/4299/4283 4295/4297/4281
f 4298/4296/4280 4315/4315/4299 4303/4304/4288
f 4321/4320/4304 4320/4321/4305 4322/4322/4306
f 4320/4321/4305 4321/4320/4304 4323/4323/4307
f 4292/4293/4277 4289/4290/4274 4288/4289/4273
f 4326/4324/4308 4325/4325/4309 4319/4326/4310
f 4278/4276/4260 4291/4292/4276 4288/4289/4273
f 4327/4327/4311 4324/4328/4312 4264/4280/4264
f 4324/4328/4312 4327/4327/4311 4325/4325/4309
f 4320/4321/4305 4319/4326/4310 4325/4325/4309
f 4264/4280/4264 4324/4328/4312 4281/4279/4263
f 4322/4322/4306 4325/4325/4309 4327/4327/4311
f 4213/4232/4216 4328/4329/4313 4318/4319/4303
f 4250/4243/4227 4256/4255/4239 4300/4300/4284
f 4322/4322/4306 4320/4321/4305 4325/4325/4309
f 4250/4243/4227 4218/4229/4213 4256/4255/4239
f 4266/4262/4246 4251/4244/4228 4250/4243/4227
f 4279/4278/4262 4264/4280/4264 4281/4279/4263
f 4276/4274/4258 4327/4327/4311 4274/4272/4256
f 4320/4321/4305 4323/4323/4307 4331/4330/4314
f 4322/4322/4306 4327/4327/4311 4330/4331/4315
f 4274/4272/4256 4327/4327/4311 4264/4280/4264
f 4325/4325/4309 4326/4324/4308 4324/4328/4312
f 4277/4275/4259 4286/4287/4271 4333/4285/4269
f 4334/4332/4316 4332/4333/4317 4335/4334/4318
f 4332/4333/4317 4237/4252/4236 4335/4334/4318
f 4321/4320/4304 4322/4322/4306 4330/4331/4315
f 4332/4333/4317 4336/4335/4319 4286/4287/4271
f 4258/4253/4237 4335/4334/4318 4237/4252/4236
f 4286/4287/4271 4284/4284/4268 4332/4333/4317
f 4336/4335/4319 4337/4336/4320 4286/4287/4271
f 4237/4252/4236 4332/4333/4317 4284/4284/4268
f 4329/4337/4321 4328/4329/4313 4251/4244/4228
f 4333/4285/4269 4339/4338/4322 4275/4273/4257
f 4339/4338/4322 4333/4285/4269 4337/4336/4320
f 4276/4274/4258 4330/4331/4315 4327/4327/4311
f 4275/4273/4257 4340/4339/4323 4330/4331/4315
f 4214/4210/4195 4260/4258/4242 4256/4255/4239
f 4213/4232/4216 4251/4244/4228 4328/4329/4313
f 4273/4270/4254 4278/4276/4260 4276/4274/4258
f 4341/4340/4324 4335/4334/4318 4258/4253/4237
f 4218/4229/4213 4232/4228/4212 4256/4255/4239
f 4330/4331/4315 4340/4339/4323 4342/4341/4325
f 4214/4210/4195 4253/4247/4231 4257/4257/4241
f 4330/4331/4315 4276/4274/4258 4275/4273/4257
f 4273/4270/4254 4276/4274/4258 4274/4272/4256
f 4275/4273/4257 4339/4338/4322 4340/4339/4323
f 4337/4336/4320 4333/4285/4269 4286/4287/4271
f 4251/4244/4228 4343/4342/4326 4329/4337/4321
f 4338/4343/4327 4330/4331/4315 4342/4341/4325
f 4321/4320/4304 4330/4331/4315 4338/4343/4327
f 4346/4344/4328 4347/4345/4329 4348/4346/4330
f 4345/4347/4331 4344/4348/4332 4350/4349/4333
f 4344/4348/4332 4349/4350/4334 4350/4349/4333
f 4392/4351/4335 4351/4352/4336 4388/4353/4337
f 4352/4354/4338 4407/4355/4339 4353/4356/4340
f 4357/4357/4341 4358/4358/4342 4359/4359/4343
f 4361/4360/4344 4362/4361/4345 4357/4357/4341
f 4355/4362/4346 4356/4363/4347 4430/4364/4348
f 4363/4365/4349 4364/4366/4350 4365/4367/4351
f 4368/4368/4352 4369/4369/4353 4370/4370/4354
f 4346/4344/4328 4373/4371/4355 4347/4345/4329
f 4374/4372/4356 4375/4373/4357 4376/4374/4358
f 4420/4375/4359 4385/4376/4360 4360/4377/4361
f 4362/4361/4345 4368/4368/4352 4392/4351/4335
f 4370/4370/4354 4369/4369/4353 4393/4378/4362
f 4394/4379/4363 4395/4380/4364 4396/4381/4365
f 4397/4382/4366 4358/4358/4342 4398/4383/4367
f 4403/4384/4368 4404/4385/4369 4405/4386/4370
f 4350/4349/4333 4389/4387/4371 4387/4388/4372
f 4398/4383/4367 4406/4389/4373 4407/4355/4339
f 4358/4358/4342 4392/4351/4335 4409/4390/4374
f 4365/4367/4351 4412/4391/4375 4413/4392/4376
f 4387/4388/4372 4389/4387/4371 4371/4393/4377
f 4365/4367/4351 4415/4394/4378 4363/4365/4349
f 4417/4395/4379 4344/4348/4332 4345/4347/4331
f 4418/4396/4380 4344/4348/4332 4417/4395/4379
f 4376/4374/4358 4375/4373/4357 4421/4397/4381
f 4422/4398/4382 4381/4399/4383 4423/4400/4384
f 4400/4401/4385 4426/4402/4386 4399/4403/4387
f 4364/4366/4350 4354/4404/4388 4430/4364/4348
f 4431/4405/4389 4430/4364/4348 4356/4363/4347
f 4354/4404/4388 4355/4362/4346 4430/4364/4348
f 4414/4406/4390 4350/4349/4333 4416/4407/4391
f 4348/4346/4330 4399/4403/4387 4360/4377/4361
f 4402/4408/4392 4388/4353/4337 4406/4389/4373
f 4358/4358/4342 4357/4357/4341 4362/4361/4345
f 4420/4375/4359 4436/4409/4393 4419/4410/4394
f 4393/4378/4362 4369/4369/4353 4437/4411/4395
f 4420/4375/4359 4419/4410/4394 4401/4412/4396
f 4394/4379/4363 4364/4366/4350 4363/4365/4349
f 4392/4351/4335 4402/4408/4392 4409/4390/4374
f 4389/4387/4371 4348/4346/4330 4360/4377/4361
f 4441/4413/4397 4354/4404/4388 4364/4366/4350
f 4388/4353/4337 4442/4414/4398 4443/4415/4399
f 4444/4416/4400 4380/4417/4401 4381/4399/4383
f 4415/4394/4378 4394/4379/4363 4363/4365/4349
f 4406/4389/4373 4388/4353/4337 4438/4418/4402
f 4426/4402/4386 4424/4419/4403 4425/4420/4404
f 4402/4408/4392 4406/4389/4373 4398/4383/4367
f 4401/4412/4396 4493/4421/4405 4385/4376/4360
f 4394/4379/4363 4396/4381/4365 4386/4422/4406
f 4431/4405/4389 4412/4391/4375 4430/4364/4348
f 4392/4351/4335 4432/4423/4407 4351/4352/4336
f 4389/4387/4371 4360/4377/4361 4371/4393/4377
f 4399/4403/4387 4348/4346/4330 4465/4424/4408
f 4408/4425/4409 4381/4399/4383 4380/4417/4401
f 4379/4426/4410 4380/4417/4401 4444/4416/4400
f 4362/4361/4345 4392/4351/4335 4358/4358/4342
f 4407/4355/4339 4406/4389/4373 4438/4418/4402
f 4422/4398/4382 4444/4416/4400 4381/4399/4383
f 4361/4360/4344 4357/4357/4341 4446/4427/4411
f 4448/4428/4412 4449/4429/4413 4345/4347/4331
f 4413/4392/4376 4412/4391/4375 4404/4385/4369
f 4451/4430/4414 4353/4356/4340 4438/4418/4402
f 4344/4348/4332 4377/4431/4415 4349/4350/4334
f 4452/4432/4416 4418/4396/4380 4417/4395/4379
f 4450/4433/4417 4449/4429/4413 4448/4428/4412
f 4374/4372/4356 4453/4434/4418 4432/4423/4407
f 4410/4435/4419 4377/4431/4415 4344/4348/4332
f 4443/4415/4399 4451/4430/4414 4438/4418/4402
f 4415/4394/4378 4384/4436/4420 4394/4379/4363
f 4413/4392/4376 4414/4406/4390 4365/4367/4351
f 4454/4437/4421 4437/4411/4395 4455/4438/4422
f 4353/4356/4340 4407/4355/4339 4438/4418/4402
f 4407/4355/4339 4456/4439/4423 4398/4383/4367
f 4352/4354/4338 4457/4440/4424 4407/4355/4339
f 4415/4394/4378 4365/4367/4351 4383/4441/4425
f 4438/4418/4402 4388/4353/4337 4443/4415/4399
f 4458/4442/4426 4421/4397/4381 4459/4443/4427
f 4391/4444/4428 4408/4425/4409 4380/4417/4401
f 4462/4445/4429 4463/4446/4430 4452/4432/4416
f 4399/4403/4387 4420/4375/4359 4360/4377/4361
f 4414/4406/4390 4413/4392/4376 4447/4447/4431
f 4449/4429/4413 4450/4433/4417 4462/4445/4429
f 4464/4448/4432 4418/4396/4380 4452/4432/4416
f 4390/4449/4433 4414/4406/4390 4447/4447/4431
f 4414/4406/4390 4416/4407/4391 4429/4450/4434
f 4392/4351/4335 4388/4353/4337 4402/4408/4392
f 4424/4419/4403 4465/4424/4408 4466/4451/4435
f 4433/4452/4436 4347/4345/4329 4373/4371/4355
f 4357/4357/4341 4359/4359/4343 4446/4427/4411
f 4433/4452/4436 4373/4371/4355 4414/4406/4390
f 4467/4453/4437 4462/4445/4429 4450/4433/4417
f 4383/4441/4425 4468/4454/4438 4384/4436/4420
f 4419/4410/4394 4391/4444/4428 4380/4417/4401
f 4469/4455/4439 4347/4345/4329 4433/4452/4436
f 4465/4424/4408 4470/4456/4440 4466/4451/4435
f 4472/4457/4441 4459/4443/4427 4382/4458/4442
f 4407/4355/4339 4457/4440/4424 4456/4439/4423
f 4433/4452/4436 4390/4449/4433 4469/4455/4439
f 4473/4459/4443 4347/4345/4329 4469/4455/4439
f 4474/4460/4444 4376/4374/4358 4458/4442/4426
f 4475/4461/4445 4432/4423/4407 4453/4434/4418
f 4462/4445/4429 4452/4432/4416 4449/4429/4413
f 4476/4462/4446 4477/4463/4447 4453/4434/4418
f 4374/4372/4356 4376/4374/4358 4474/4460/4444
f 4472/4457/4441 4382/4458/4442 4478/4464/4448
f 4470/4456/4440 4465/4424/4408 4473/4459/4443
f 4429/4450/4434 4416/4407/4391 4349/4350/4334
f 4433/4452/4436 4414/4406/4390 4390/4449/4433
f 4453/4434/4418 4374/4372/4356 4476/4462/4446
f 4417/4395/4379 4449/4429/4413 4452/4432/4416
f 4479/4465/4449 4349/4350/4334 4471/4466/4450
f 4441/4413/4397 4394/4379/4363 4386/4422/4406
f 4441/4413/4397 4364/4366/4350 4394/4379/4363
f 4459/4443/4427 4421/4397/4381 4382/4458/4442
f 4382/4458/4442 4354/4404/4388 4441/4413/4397
f 4356/4363/4347 4393/4378/4362 4404/4385/4369
f 4414/4406/4390 4373/4371/4355 4350/4349/4333
f 4345/4347/4331 4449/4429/4413 4417/4395/4379
f 4493/4421/4405 4372/4467/4451 4385/4376/4360
f 4364/4366/4350 4430/4364/4348 4412/4391/4375
f 4427/4468/4452 4365/4367/4351 4429/4450/4434
f 4399/4403/4387 4465/4424/4408 4400/4401/4385
f 4465/4424/4408 4347/4345/4329 4473/4459/4443
f 4429/4450/4434 4365/4367/4351 4414/4406/4390
f 4481/4469/4453 4482/4470/4454 4484/4471/4455
f 4452/4432/4416 4480/4472/4456 4464/4448/4432
f 4436/4409/4393 4426/4402/4386 4425/4420/4404
f 4445/4473/4457 4436/4409/4393 4485/4474/4458
f 4376/4374/4358 4421/4397/4381 4458/4442/4426
f 4482/4470/4454 4481/4469/4453 4435/4475/4459
f 4380/4417/4401 4379/4426/4410 4401/4412/4396
f 4436/4409/4393 4445/4473/4457 4419/4410/4394
f 4348/4346/4330 4389/4387/4371 4346/4344/4328
f 4426/4402/4386 4436/4409/4393 4420/4375/4359
f 4421/4397/4381 4355/4362/4346 4354/4404/4388
f 4454/4437/4421 4486/4476/4460 4487/4477/4461
f 4437/4411/4395 4361/4360/4344 4455/4438/4422
f 4488/4478/4462 4379/4426/4410 4444/4416/4400
f 4486/4476/4460 4470/4456/4440 4473/4459/4443
f 4372/4467/4451 4360/4377/4361 4385/4376/4360
f 4382/4458/4442 4489/4479/4463 4478/4464/4448
f 4403/4384/4368 4447/4447/4431 4404/4385/4369
f 4383/4441/4425 4490/4480/4464 4468/4454/4438
f 4361/4360/4344 4437/4411/4395 4362/4361/4345
f 4491/4481/4465 4470/4456/4440 4486/4476/4460
f 4381/4399/4383 4411/4482/4466 4423/4400/4384
f 4484/4471/4455 4482/4470/4454 4460/4483/4467
f 4389/4387/4371 4373/4371/4355 4346/4344/4328
f 4401/4412/4396 4419/4410/4394 4380/4417/4401
f 4368/4368/4352 4362/4361/4345 4369/4369/4353
f 4461/4484/4468 4366/4485/4469 4367/4486/4470
f 4431/4405/4389 4404/4385/4369 4412/4391/4375
f 4476/4462/4446 4374/4372/4356 4474/4460/4444
f 4487/4477/4461 4486/4476/4460 4403/4384/4368
f 4379/4426/4410 4367/4486/4470 4401/4412/4396
f 4345/4347/4331 4387/4388/4372 4493/4421/4405
f 4487/4477/4461 4405/4386/4370 4437/4411/4395
f 4420/4375/4359 4399/4403/4387 4426/4402/4386
f 4403/4384/4368 4473/4459/4443 4469/4455/4439
f 4448/4428/4412 4345/4347/4331 4493/4421/4405
f 4469/4455/4439 4447/4447/4431 4403/4384/4368
f 4432/4423/4407 4475/4461/4445 4351/4352/4336
f 4397/4382/4366 4398/4383/4367 4483/4487/4471
f 4424/4419/4403 4400/4401/4385 4465/4424/4408
f 4432/4423/4407 4368/4368/4352 4374/4372/4356
f 4413/4392/4376 4404/4385/4369 4447/4447/4431
f 4368/4368/4352 4370/4370/4354 4374/4372/4356
f 4454/4437/4421 4491/4481/4465 4486/4476/4460
f 4382/4458/4442 4386/4422/4406 4489/4479/4463
f 4382/4458/4442 4421/4397/4381 4354/4404/4388
f 4395/4380/4364 4394/4379/4363 4384/4436/4420
f 4365/4367/4351 4364/4366/4350 4412/4391/4375
f 4384/4436/4420 4415/4394/4378 4383/4441/4425
f 4442/4414/4398 4351/4352/4336 4475/4461/4445
f 4375/4373/4357 4355/4362/4346 4421/4397/4381
f 4375/4373/4357 4374/4372/4356 4370/4370/4354
f 4368/4368/4352 4432/4423/4407 4392/4351/4335
f 4386/4422/4406 4396/4381/4365 4440/4488/4472
f 4455/4438/4422 4494/4489/4473 4454/4437/4421
f 4426/4402/4386 4400/4401/4385 4424/4419/4403
f 4482/4470/4454 4366/4485/4469 4460/4483/4467
f 4359/4359/4343 4358/4358/4342 4492/4490/4474
f 4493/4421/4405 4401/4412/4396 4495/4491/4475
f 4495/4491/4475 4401/4412/4396 4366/4485/4469
f 4420/4375/4359 4401/4412/4396 4385/4376/4360
f 4493/4421/4405 4387/4388/4372 4371/4393/4377
f 4482/4470/4454 4448/4428/4412 4493/4421/4405
f 4456/4439/4423 4483/4487/4471 4398/4383/4367
f 4442/4414/4398 4388/4353/4337 4351/4352/4336
f 4493/4421/4405 4371/4393/4377 4372/4467/4451
f 4439/4492/4476 4450/4433/4417 4434/4493/4477
f 4486/4476/4460 4473/4459/4443 4403/4384/4368
f 4348/4346/4330 4347/4345/4329 4465/4424/4408
f 4437/4411/4395 4405/4386/4370 4393/4378/4362
f 4370/4370/4354 4356/4363/4347 4375/4373/4357
f 4493/4421/4405 4495/4491/4475 4482/4470/4454
f 4375/4373/4357 4356/4363/4347 4355/4362/4346
f 4482/4470/4454 4495/4491/4475 4366/4485/4469
f 4448/4428/4412 4434/4493/4477 4450/4433/4417
f 4437/4411/4395 4454/4437/4421 4487/4477/4461
f 4367/4486/4470 4366/4485/4469 4401/4412/4396
f 4358/4358/4342 4409/4390/4374 4398/4383/4367
f 4434/4493/4477 4448/4428/4412 4482/4470/4454
f 4431/4405/4389 4356/4363/4347 4404/4385/4369
f 4435/4475/4459 4434/4493/4477 4482/4470/4454
f 4428/4494/4478 4427/4468/4452 4429/4450/4434
f 4460/4483/4467 4366/4485/4469 4461/4484/4468
f 4397/4382/4366 4492/4490/4474 4358/4358/4342
f 4427/4468/4452 4383/4441/4425 4365/4367/4351
f 4429/4450/4434 4496/4495/4479 4428/4494/4478
f 4403/4384/4368 4405/4386/4370 4487/4477/4461
f 4378/4496/4480 4349/4350/4334 4377/4431/4415
f 4377/4431/4415 4410/4435/4419 4498/4497/4481
f 4349/4350/4334 4378/4496/4480 4471/4466/4450
f 4471/4466/4450 4378/4496/4480 4497/4498/4482
f 4496/4495/4479 4429/4450/4434 4499/4499/4483
f 4405/4386/4370 4404/4385/4369 4393/4378/4362
f 4469/4455/4439 4390/4449/4433 4447/4447/4431
f 4369/4369/4353 4362/4361/4345 4437/4411/4395
f 4393/4378/4362 4356/4363/4347 4370/4370/4354
f 4350/4349/4333 4373/4371/4355 4389/4387/4371
f 4479/4465/4449 4499/4499/4483 4429/4450/4434
f 4382/4458/4442 4441/4413/4397 4386/4422/4406
f 4349/4350/4334 4479/4465/4449 4429/4450/4434
f 4349/4350/4334 4416/4407/4391 4350/4349/4333
f 4387/4388/4372 4345/4347/4331 4350/4349/4333
f 4383/4441/4425 4428/4494/4478 4490/4480/4464
f 4383/4441/4425 4427/4468/4452 4428/4494/4478
f 4418/4396/4380 4410/4435/4419 4344/4348/4332
f 4409/4390/4374 4402/4408/4392 4398/4383/4367
f 4360/4377/4361 4372/4467/4451 4371/4393/4377
f 4509/4500/4484 4510/4501/4485 4503/4502/4486
f 4512/4503/4487 4513/4504/4488 4538/4505/4489
f 4515/4506/4490 4510/4501/4485 4511/4507/4491
f 4516/4508/4492 4517/4509/4493 4518/4510/4494
f 4518/4510/4494 4521/4511/4495 4516/4508/4492
f 4512/4503/4487 4528/4512/4496 4519/4513/4497
f 4523/4514/4498 4542/4515/4499 4512/4503/4487
f 4528/4512/4496 4507/4516/4500 4500/4517/4501
f 4529/4518/4502 4530/4519/4503 4531/4520/4504
f 4500/4517/4501 4509/4500/4484 4502/4521/4505
f 4506/4522/4506 4508/4523/4507 4507/4516/4500
f 4503/4502/4486 4510/4501/4485 4515/4506/4490
f 4506/4522/4506 4526/4524/4508 4508/4523/4507
f 4533/4525/4509 4502/4521/4505 4503/4502/4486
f 4507/4516/4500 4528/4512/4496 4506/4522/4506
f 4505/4526/4510 4501/4527/4511 4502/4521/4505
f 4535/4528/4512 4527/4529/4513 4517/4509/4493
f 4524/4530/4514 4519/4513/4497 4520/4531/4515
f 4569/4532/4516 4508/4523/4507 4526/4524/4508
f 4500/4517/4501 4507/4516/4500 4509/4500/4484
f 4540/4533/4517 4505/4526/4510 4533/4525/4509
f 4536/4534/4518 4517/4509/4493 4527/4529/4513
f 4519/4513/4497 4524/4530/4514 4512/4503/4487
f 4539/4535/4519 4513/4504/4488 4531/4520/4504
f 4512/4503/4487 4506/4522/4506 4528/4512/4496
f 4501/4527/4511 4520/4531/4515 4500/4517/4501
f 4522/4536/4520 4512/4503/4487 4524/4530/4514
f 4525/4537/4521 4522/4536/4520 4524/4530/4514
f 4532/4538/4522 4541/4539/4523 4507/4516/4500
f 4530/4519/4503 4539/4535/4519 4531/4520/4504
f 4512/4503/4487 4522/4536/4520 4523/4514/4498
f 4518/4510/4494 4517/4509/4493 4536/4534/4518
f 4506/4522/4506 4538/4505/4489 4526/4524/4508
f 4512/4503/4487 4542/4515/4499 4513/4504/4488
f 4539/4535/4519 4538/4505/4489 4513/4504/4488
f 4523/4514/4498 4522/4536/4520 4543/4540/4524
f 4500/4517/4501 4502/4521/4505 4501/4527/4511
f 4545/4541/4525 4536/4534/4518 4527/4529/4513
f 4561/4542/4526 4508/4523/4507 4569/4532/4516
f 4526/4524/4508 4538/4505/4489 4539/4535/4519
f 4509/4500/4484 4507/4516/4500 4510/4501/4485
f 4528/4512/4496 4500/4517/4501 4520/4531/4515
f 4513/4504/4488 4542/4515/4499 4531/4520/4504
f 4547/4543/4527 4511/4507/4491 4548/4544/4528
f 4523/4514/4498 4531/4520/4504 4542/4515/4499
f 4548/4544/4528 4549/4545/4529 4516/4508/4492
f 4531/4520/4504 4546/4546/4530 4529/4518/4502
f 4525/4537/4521 4524/4530/4514 4520/4531/4515
f 4541/4539/4523 4550/4547/4531 4549/4545/4529
f 4541/4539/4523 4548/4544/4528 4511/4507/4491
f 4507/4516/4500 4508/4523/4507 4532/4538/4522
f 4541/4539/4523 4511/4507/4491 4510/4501/4485
f 4534/4548/4532 4531/4520/4504 4523/4514/4498
f 4512/4503/4487 4538/4505/4489 4506/4522/4506
f 4505/4526/4510 4502/4521/4505 4533/4525/4509
f 4541/4539/4523 4532/4538/4522 4550/4547/4531
f 4502/4521/4505 4509/4500/4484 4503/4502/4486
f 4515/4506/4490 4514/4549/4533 4503/4502/4486
f 4501/4527/4511 4505/4526/4510 4504/4550/4534
f 4519/4513/4497 4528/4512/4496 4520/4531/4515
f 4548/4544/4528 4541/4539/4523 4549/4545/4529
f 4507/4516/4500 4541/4539/4523 4510/4501/4485
f 4547/4543/4527 4548/4544/4528 4551/4551/4535
f 4527/4529/4513 4535/4528/4512 4544/4552/4536
f 4551/4551/4535 4548/4544/4528 4516/4508/4492
f 4521/4511/4495 4551/4551/4535 4516/4508/4492
f 4535/4528/4512 4549/4545/4529 4550/4547/4531
f 4549/4545/4529 4517/4509/4493 4516/4508/4492
f 4549/4545/4529 4535/4528/4512 4517/4509/4493
f 4544/4552/4536 4535/4528/4512 4572/4553/4537
f 4554/4554/4538 4553/4555/4539 4552/4556/4540
f 4571/4557/4541 4563/4558/4542 4564/4559/4543
f 4561/4542/4526 4569/4532/4516 4557/4560/4544
f 4558/4561/4545 4573/4562/4546 4556/4563/4547
f 4567/4564/4548 4565/4565/4549 4566/4566/4550
f 4555/4567/4551 4560/4568/4552 4558/4561/4545
f 4568/4569/4553 4557/4560/4544 4569/4532/4516
f 4573/4562/4546 4558/4561/4545 4568/4569/4553
f 4555/4567/4551 4558/4561/4545 4556/4563/4547
f 4562/4570/4554 4555/4567/4551 4556/4563/4547
f 4634/4571/4555 4562/4570/4554 4570/4572/4556
f 4562/4570/4554 4634/4571/4555 4559/4573/4557
f 4555/4567/4551 4559/4573/4557 4560/4568/4552
f 4561/4542/4526 4571/4557/4541 4572/4553/4537
f 4561/4542/4526 4557/4560/4544 4560/4568/4552
f 4570/4572/4556 4562/4570/4554 4556/4563/4547
f 4574/4574/4558 4556/4563/4547 4573/4562/4546
f 4555/4567/4551 4562/4570/4554 4559/4573/4557
f 4560/4568/4552 4559/4573/4557 4563/4558/4542
f 4557/4560/4544 4558/4561/4545 4560/4568/4552
f 4571/4557/4541 4561/4542/4526 4560/4568/4552
f 4563/4558/4542 4571/4557/4541 4560/4568/4552
f 4567/4564/4548 4544/4552/4536 4571/4557/4541
f 4576/4575/4559 4567/4564/4548 4577/4576/4560
f 4567/4564/4548 4571/4557/4541 4564/4559/4543
f 4567/4564/4548 4564/4559/4543 4565/4565/4549
f 4569/4532/4516 4573/4562/4546 4568/4569/4553
f 4504/4550/4534 4578/4577/4561 4525/4537/4521
f 4525/4537/4521 4520/4531/4515 4504/4550/4534
f 4579/4578/4562 4525/4537/4521 4578/4577/4561
f 4504/4550/4534 4554/4554/4538 4578/4577/4561
f 4579/4578/4562 4580/4579/4563 4581/4580/4564
f 4525/4537/4521 4579/4578/4562 4522/4536/4520
f 4554/4554/4538 4552/4556/4540 4578/4577/4561
f 4579/4578/4562 4578/4577/4561 4580/4579/4563
f 4505/4526/4510 4582/4581/4565 4504/4550/4534
f 4501/4527/4511 4504/4550/4534 4520/4531/4515
f 4578/4577/4561 4552/4556/4540 4584/4582/4566
f 4584/4582/4566 4580/4579/4563 4578/4577/4561
f 4581/4580/4564 4585/4583/4567 4579/4578/4562
f 4567/4564/4548 4576/4575/4559 4544/4552/4536
f 4566/4566/4550 4577/4576/4560 4567/4564/4548
f 4527/4529/4513 4544/4552/4536 4586/4584/4568
f 4576/4575/4559 4586/4584/4568 4544/4552/4536
f 4587/4585/4569 4527/4529/4513 4586/4584/4568
f 4588/4586/4570 4589/4587/4571 4590/4588/4572
f 4591/4589/4573 4588/4586/4570 4590/4588/4572
f 4594/4590/4574 4595/4591/4575 4573/4562/4546
f 4595/4591/4575 4574/4574/4558 4573/4562/4546
f 4595/4591/4575 4593/4592/4576 4574/4574/4558
f 4570/4572/4556 4556/4563/4547 4574/4574/4558
f 4597/4593/4577 4570/4572/4556 4596/4594/4578
f 4599/4595/4579 4598/4596/4580 4597/4593/4577
f 4600/4597/4581 4599/4595/4579 4601/4598/4582
f 4602/4599/4583 4596/4594/4578 4593/4592/4576
f 4603/4600/4584 4596/4594/4578 4602/4599/4583
f 4593/4592/4576 4604/4601/4585 4602/4599/4583
f 4596/4594/4578 4603/4600/4584 4597/4593/4577
f 4558/4561/4545 4557/4560/4544 4568/4569/4553
f 4599/4595/4579 4597/4593/4577 4601/4598/4582
f 4597/4593/4577 4598/4596/4580 4570/4572/4556
f 4569/4532/4516 4575/4602/4586 4573/4562/4546
f 4606/4603/4587 4607/4604/4588 4537/4605/4589
f 4537/4605/4589 4609/4606/4590 4536/4534/4518
f 4537/4605/4589 4545/4541/4525 4608/4607/4591
f 4537/4605/4589 4608/4607/4591 4606/4603/4587
f 4536/4534/4518 4545/4541/4525 4537/4605/4589
f 4545/4541/4525 4527/4529/4513 4587/4585/4569
f 4605/4608/4592 4572/4553/4537 4535/4528/4512
f 4571/4557/4541 4544/4552/4536 4572/4553/4537
f 4539/4535/4519 4575/4602/4586 4526/4524/4508
f 4569/4532/4516 4526/4524/4508 4575/4602/4586
f 4539/4535/4519 4530/4519/4503 4575/4602/4586
f 4612/4609/4593 4595/4591/4575 4615/4610/4594
f 4616/4611/4595 4615/4610/4594 4594/4590/4574
f 4529/4518/4502 4546/4546/4530 4530/4519/4503
f 4575/4602/4586 4594/4590/4574 4573/4562/4546
f 4530/4519/4503 4594/4590/4574 4575/4602/4586
f 4618/4612/4596 4546/4546/4530 4617/4613/4597
f 4615/4610/4594 4595/4591/4575 4594/4590/4574
f 4615/4610/4594 4616/4611/4595 4620/4614/4598
f 4619/4615/4599 4617/4613/4597 4546/4546/4530
f 4616/4611/4595 4613/4616/4600 4620/4614/4598
f 4593/4592/4576 4595/4591/4575 4612/4609/4593
f 4531/4520/4504 4534/4548/4532 4546/4546/4530
f 4594/4590/4574 4530/4519/4503 4621/4617/4601
f 4546/4546/4530 4534/4548/4532 4619/4615/4599
f 4604/4601/4585 4593/4592/4576 4612/4609/4593
f 4613/4616/4600 4616/4611/4595 4614/4618/4602
f 4616/4611/4595 4621/4617/4601 4614/4618/4602
f 4618/4612/4596 4621/4617/4601 4546/4546/4530
f 4621/4617/4601 4616/4611/4595 4594/4590/4574
f 4530/4519/4503 4546/4546/4530 4621/4617/4601
f 4623/4619/4603 4624/4620/4604 4625/4621/4605
f 4626/4622/4606 4619/4615/4599 4627/4623/4607
f 4628/4624/4608 4522/4536/4520 4579/4578/4562
f 4523/4514/4498 4623/4619/4603 4534/4548/4532
f 4627/4623/4607 4623/4619/4603 4629/4625/4609
f 4585/4583/4567 4628/4624/4608 4579/4578/4562
f 4628/4624/4608 4630/4626/4610 4624/4620/4604
f 4624/4620/4604 4543/4540/4524 4628/4624/4608
f 4534/4548/4532 4623/4619/4603 4627/4623/4607
f 4522/4536/4520 4628/4624/4608 4543/4540/4524
f 4543/4540/4524 4623/4619/4603 4523/4514/4498
f 4543/4540/4524 4624/4620/4604 4623/4619/4603
f 4627/4623/4607 4619/4615/4599 4534/4548/4532
f 4505/4526/4510 4540/4533/4517 4631/4627/4611
f 4582/4581/4565 4505/4526/4510 4631/4627/4611
f 4554/4554/4538 4504/4550/4534 4582/4581/4565
f 4581/4580/4564 4632/4628/4612 4585/4583/4567
f 4583/4629/4613 4580/4579/4563 4592/4630/4614
f 4584/4582/4566 4592/4630/4614 4580/4579/4563
f 4580/4579/4563 4583/4629/4613 4581/4580/4564
f 4628/4624/4608 4585/4583/4567 4622/4631/4615
f 4589/4587/4571 4588/4586/4570 4583/4629/4613
f 4592/4630/4614 4589/4587/4571 4583/4629/4613
f 4633/4632/4616 4584/4582/4566 4552/4556/4540
f 4638/4633/4617 4650/4634/4618 4639/4635/4619
f 4642/4636/4620 4564/4559/4543 4643/4637/4621
f 4644/4638/4622 4641/4639/4623 4645/4640/4624
f 4646/4641/4625 4647/4642/4626 4640/4643/4627
f 4648/4644/4628 4644/4638/4622 4637/4645/4629
f 4650/4634/4618 4651/4646/4630 4645/4640/4624
f 4638/4633/4617 4639/4635/4619 4634/4571/4555
f 4634/4571/4555 4653/4647/4631 4638/4633/4617
f 4654/4648/4632 4649/4649/4633 4638/4633/4617
f 4611/4650/4634 4563/4558/4542 4610/4651/4635
f 4650/4634/4618 4638/4633/4617 4649/4649/4633
f 4655/4652/4636 4637/4645/4629 4644/4638/4622
f 4639/4635/4619 4650/4634/4618 4645/4640/4624
f 4653/4647/4631 4634/4571/4555 4635/4653/4637
f 4635/4653/4637 4652/4654/4638 4656/4655/4639
f 4611/4650/4634 4643/4637/4621 4564/4559/4543
f 4635/4653/4637 4640/4643/4627 4652/4654/4638
f 4640/4643/4627 4635/4653/4637 4634/4571/4555
f 4648/4644/4628 4637/4645/4629 4636/4656/4640
f 4657/4657/4641 4648/4644/4628 4658/4658/4642
f 4563/4558/4542 4559/4573/4557 4610/4651/4635
f 4559/4573/4557 4634/4571/4555 4639/4635/4619
f 4648/4644/4628 4641/4639/4623 4644/4638/4622
f 4646/4641/4625 4570/4572/4556 4598/4596/4580
f 4645/4640/4624 4641/4639/4623 4639/4635/4619
f 4640/4643/4627 4570/4572/4556 4646/4641/4625
f 4641/4639/4623 4610/4651/4635 4559/4573/4557
f 4610/4651/4635 4648/4644/4628 4657/4657/4641
f 4641/4639/4623 4648/4644/4628 4610/4651/4635
f 4639/4635/4619 4641/4639/4623 4559/4573/4557
f 4610/4651/4635 4657/4657/4641 4659/4659/4643
f 4653/4647/4631 4654/4648/4632 4638/4633/4617
f 4610/4651/4635 4659/4659/4643 4611/4650/4634
f 4660/4660/4644 4611/4650/4634 4659/4659/4643
f 4611/4650/4634 4564/4559/4543 4563/4558/4542
f 4611/4650/4634 4660/4660/4644 4643/4637/4621
f 4648/4644/4628 4636/4656/4640 4658/4658/4642
f 4640/4643/4627 4634/4571/4555 4570/4572/4556
f 4564/4559/4543 4661/4661/4645 4565/4565/4549
f 4661/4661/4645 4564/4559/4543 4642/4636/4620
f 4659/4659/4643 4657/4657/4641 4662/4662/4646
f 4593/4592/4576 4596/4594/4578 4574/4574/4558
f 4570/4572/4556 4574/4574/4558 4596/4594/4578
f 4535/4528/4512 4550/4547/4531 4605/4608/4592
f 4605/4608/4592 4532/4538/4522 4561/4542/4526
f 4532/4538/4522 4508/4523/4507 4561/4542/4526
f 4561/4542/4526 4572/4553/4537 4605/4608/4592
f 4550/4547/4531 4532/4538/4522 4605/4608/4592
f 4664/4663/4647 4665/4664/4648 4666/4665/4649
f 4667/4666/4650 4668/4667/4651 4669/4668/4652
f 4668/4667/4651 4671/4669/4653 4672/4670/4654
f 4673/4671/4655 4674/4672/4656 4675/4673/4657
f 4677/4674/4658 4676/4675/4659 4725/4676/4660
f 4679/4677/4661 4729/4678/4662 4680/4679/4663
f 4684/4680/4664 4682/4681/4665 4683/4682/4666
f 4697/4683/4667 4689/4684/4668 4690/4685/4669
f 4691/4686/4670 4717/4687/4671 4688/4688/4672
f 4693/4689/4673 4687/4690/4674 4688/4688/4672
f 4728/4691/4675 4694/4692/4676 4695/4693/4677
f 4696/4694/4678 4697/4683/4667 4698/4695/4679
f 4686/4696/4680 4701/4697/4681 4687/4690/4674
f 4688/4688/4672 4717/4687/4671 4693/4689/4673
f 4694/4692/4676 4710/4698/4682 4711/4699/4683
f 4694/4692/4676 4728/4691/4675 4712/4700/4684
f 4710/4698/4682 4700/4701/4685 4683/4682/4666
f 4713/4702/4686 4704/4703/4687 4714/4704/4688
f 4710/4698/4682 4683/4682/4666 4711/4699/4683
f 4708/4705/4689 4686/4696/4680 4715/4706/4690
f 4702/4707/4691 4729/4678/4662 4703/4708/4692
f 4716/4709/4693 4696/4694/4678 4748/4710/4694
f 4715/4706/4690 4717/4687/4671 4708/4705/4689
f 4699/4711/4695 4695/4693/4677 4709/4712/4696
f 4729/4678/4662 4679/4677/4661 4703/4708/4692
f 4718/4713/4697 4703/4708/4692 4679/4677/4661
f 4703/4708/4692 4686/4696/4680 4708/4705/4689
f 4718/4713/4697 4679/4677/4661 4720/4714/4698
f 4721/4715/4699 4690/4685/4669 4689/4684/4668
f 4706/4716/4700 4723/4717/4701 4724/4718/4702
f 4689/4684/4668 4707/4719/4703 4725/4676/4660
f 4721/4715/4699 4689/4684/4668 4725/4676/4660
f 4726/4720/4704 4754/4721/4705 4727/4722/4706
f 4730/4723/4707 4726/4720/4704 4727/4722/4706
f 4678/4724/4708 4723/4717/4701 4706/4716/4700
f 4736/4725/4709 4670/4726/4710 4737/4727/4711
f 4733/4728/4712 4707/4719/4703 4731/4729/4713
f 4697/4683/4667 4732/4730/4714 4731/4729/4713
f 4738/4731/4715 4739/4732/4716 4744/4733/4717
f 4701/4697/4681 4718/4713/4697 4716/4709/4693
f 4678/4724/4708 4680/4679/4663 4723/4717/4701
f 4690/4685/4669 4698/4695/4679 4697/4683/4667
f 4712/4700/4684 4747/4734/4718 4748/4710/4694
f 4720/4714/4698 4733/4728/4712 4718/4713/4697
f 4732/4730/4714 4697/4683/4667 4696/4694/4678
f 4716/4709/4693 4732/4730/4714 4696/4694/4678
f 4732/4730/4714 4718/4713/4697 4733/4728/4712
f 4731/4729/4713 4689/4684/4668 4697/4683/4667
f 4732/4730/4714 4716/4709/4693 4718/4713/4697
f 4740/4735/4719 4824/4736/4720 4741/4737/4721
f 4750/4738/4722 4688/4688/4672 4687/4690/4674
f 4732/4730/4714 4733/4728/4712 4731/4729/4713
f 4747/4734/4718 4701/4697/4681 4716/4709/4693
f 4748/4710/4694 4747/4734/4718 4716/4709/4693
f 4718/4713/4697 4701/4697/4681 4686/4696/4680
f 4680/4679/4663 4678/4724/4708 4707/4719/4703
f 4687/4690/4674 4747/4734/4718 4752/4739/4723
f 4728/4691/4675 4754/4721/4705 4712/4700/4684
f 4738/4731/4715 4745/4740/4724 4746/4741/4725
f 4710/4698/4682 4712/4700/4684 4748/4710/4694
f 4710/4698/4682 4748/4710/4694 4700/4701/4685
f 4680/4679/4663 4729/4678/4662 4723/4717/4701
f 4687/4690/4674 4752/4739/4723 4750/4738/4722
f 4752/4739/4723 4747/4734/4718 4712/4700/4684
f 4694/4692/4676 4712/4700/4684 4710/4698/4682
f 4754/4721/4705 4752/4739/4723 4712/4700/4684
f 4764/4742/4726 4755/4743/4727 4676/4675/4659
f 4721/4715/4699 4725/4676/4660 4692/4744/4728
f 4759/4745/4729 4757/4746/4730 4760/4747/4731
f 4721/4715/4699 4692/4744/4728 4690/4685/4669
f 4727/4722/4706 4761/4748/4732 4730/4723/4707
f 4686/4696/4680 4693/4689/4673 4715/4706/4690
f 4676/4675/4659 4760/4747/4731 4757/4746/4730
f 4748/4710/4694 4696/4694/4678 4700/4701/4685
f 4727/4722/4706 4754/4721/4705 4728/4691/4675
f 4682/4681/4665 4705/4749/4733 4704/4703/4687
f 4764/4742/4726 4676/4675/4659 4677/4674/4658
f 4731/4729/4713 4707/4719/4703 4689/4684/4668
f 4762/4750/4734 4760/4747/4731 4676/4675/4659
f 4704/4703/4687 4705/4749/4733 4813/4751/4735
f 4676/4675/4659 4755/4743/4727 4762/4750/4734
f 4763/4752/4736 4762/4750/4734 4755/4743/4727
f 4756/4753/4737 4766/4754/4738 4757/4746/4730
f 4767/4755/4739 4768/4756/4740 4769/4757/4741
f 4764/4742/4726 4765/4758/4742 4755/4743/4727
f 4770/4759/4743 4765/4758/4742 4706/4716/4700
f 4676/4675/4659 4757/4746/4730 4725/4676/4660
f 4692/4744/4728 4725/4676/4660 4757/4746/4730
f 4770/4759/4743 4768/4756/4740 4767/4755/4739
f 4706/4716/4700 4765/4758/4742 4764/4742/4726
f 4687/4690/4674 4693/4689/4673 4686/4696/4680
f 4738/4731/4715 4713/4702/4686 4772/4760/4744
f 4664/4663/4647 4695/4693/4677 4699/4711/4695
f 4707/4719/4703 4679/4677/4661 4680/4679/4663
f 4728/4691/4675 4749/4761/4745 4727/4722/4706
f 4684/4680/4664 4683/4682/4666 4700/4701/4685
f 4764/4742/4726 4678/4724/4708 4706/4716/4700
f 4700/4701/4685 4696/4694/4678 4685/4762/4746
f 4702/4707/4691 4703/4708/4692 4708/4705/4689
f 4684/4680/4664 4705/4749/4733 4682/4681/4665
f 4696/4694/4678 4698/4695/4679 4685/4762/4746
f 4745/4740/4724 4738/4731/4715 4772/4760/4744
f 4753/4763/4747 4773/4764/4748 4774/4765/4749
f 4776/4766/4750 4772/4760/4744 4714/4704/4688
f 4711/4699/4683 4695/4693/4677 4694/4692/4676
f 4742/4767/4751 4777/4768/4752 4753/4763/4747
f 4753/4763/4747 4666/4665/4649 4665/4664/4648
f 4695/4693/4677 4664/4663/4647 4749/4761/4745
f 4678/4724/4708 4677/4674/4658 4725/4676/4660
f 4723/4717/4701 4729/4678/4662 4724/4718/4702
f 4802/4769/4753 4726/4720/4704 4778/4770/4754
f 4715/4706/4690 4693/4689/4673 4717/4687/4671
f 4783/4771/4755 4784/4772/4756 4708/4705/4689
f 4785/4773/4757 4666/4665/4649 4786/4774/4758
f 4787/4775/4759 4788/4776/4760 4778/4770/4754
f 4792/4777/4761 4793/4778/4762 4749/4761/4745
f 4708/4705/4689 4789/4779/4763 4783/4771/4755
f 4722/4780/4764 4794/4781/4765 4795/4782/4766
f 4729/4678/4662 4702/4707/4691 4797/4783/4767
f 4708/4705/4689 4784/4772/4756 4702/4707/4691
f 4796/4784/4768 4794/4781/4765 4722/4780/4764
f 4798/4785/4769 4799/4786/4770 4780/4787/4771
f 4720/4714/4698 4707/4719/4703 4733/4728/4712
f 4685/4762/4746 4813/4751/4735 4684/4680/4664
f 4802/4769/4753 4752/4739/4723 4754/4721/4705
f 4711/4699/4683 4683/4682/4666 4709/4712/4696
f 4682/4681/4665 4719/4788/4772 4683/4682/4666
f 4702/4707/4691 4784/4772/4756 4797/4783/4767
f 4780/4787/4771 4781/4789/4773 4797/4783/4767
f 4695/4693/4677 4711/4699/4683 4709/4712/4696
f 4752/4739/4723 4782/4790/4774 4750/4738/4722
f 4750/4738/4722 4782/4790/4774 4688/4688/4672
f 4713/4702/4686 4681/4791/4775 4682/4681/4665
f 4764/4742/4726 4677/4674/4658 4678/4724/4708
f 4704/4703/4687 4713/4702/4686 4682/4681/4665
f 4781/4789/4773 4724/4718/4702 4729/4678/4662
f 4792/4777/4761 4666/4665/4649 4785/4773/4757
f 4797/4783/4767 4798/4785/4769 4780/4787/4771
f 4719/4788/4772 4682/4681/4665 4681/4791/4775
f 4719/4788/4772 4709/4712/4696 4683/4682/4666
f 4713/4702/4686 4744/4733/4717 4681/4791/4775
f 4713/4702/4686 4738/4731/4715 4744/4733/4717
f 4726/4720/4704 4802/4769/4753 4754/4721/4705
f 4709/4712/4696 4719/4788/4772 4699/4711/4695
f 4685/4762/4746 4684/4680/4664 4700/4701/4685
f 4691/4686/4670 4789/4779/4763 4708/4705/4689
f 4686/4696/4680 4703/4708/4692 4718/4713/4697
f 4798/4785/4769 4797/4783/4767 4784/4772/4756
f 4778/4770/4754 4726/4720/4704 4730/4723/4707
f 4705/4749/4733 4684/4680/4664 4813/4751/4735
f 4708/4705/4689 4717/4687/4671 4691/4686/4670
f 4772/4760/4744 4713/4702/4686 4714/4704/4688
f 4728/4691/4675 4695/4693/4677 4749/4761/4745
f 4778/4770/4754 4730/4723/4707 4803/4792/4776
f 4781/4789/4773 4729/4678/4662 4797/4783/4767
f 4725/4676/4660 4707/4719/4703 4678/4724/4708
f 4805/4793/4777 4790/4794/4778 4791/4795/4779
f 4802/4769/4753 4806/4796/4780 4804/4797/4781
f 4806/4796/4780 4802/4769/4753 4778/4770/4754
f 4787/4775/4759 4778/4770/4754 4779/4798/4782
f 4771/4799/4783 4727/4722/4706 4749/4761/4745
f 4790/4794/4778 4782/4790/4774 4804/4797/4781
f 4788/4776/4760 4806/4796/4780 4778/4770/4754
f 4698/4695/4679 4722/4780/4764 4685/4762/4746
f 4807/4800/4784 4808/4801/4785 4809/4802/4786
f 4810/4803/4787 4798/4785/4769 4784/4772/4756
f 4807/4800/4784 4795/4782/4766 4812/4804/4788
f 4707/4719/4703 4720/4714/4698 4679/4677/4661
f 4813/4751/4735 4817/4805/4789 4704/4703/4687
f 4782/4790/4774 4790/4794/4778 4688/4688/4672
f 4674/4672/4656 4814/4806/4790 4815/4807/4791
f 4811/4808/4792 4813/4751/4735 4795/4782/4766
f 4818/4809/4793 4809/4802/4786 4808/4801/4785
f 4782/4790/4774 4802/4769/4753 4804/4797/4781
f 4780/4787/4771 4799/4786/4770 4801/4810/4794
f 4809/4802/4786 4816/4811/4795 4811/4808/4792
f 4811/4808/4792 4816/4811/4795 4820/4812/4796
f 4807/4800/4784 4809/4802/4786 4795/4782/4766
f 4688/4688/4672 4805/4793/4777 4691/4686/4670
f 4821/4813/4797 4804/4797/4781 4806/4796/4780
f 4809/4802/4786 4811/4808/4792 4795/4782/4766
f 4819/4814/4798 4817/4805/4789 4811/4808/4792
f 4688/4688/4672 4790/4794/4778 4805/4793/4777
f 4811/4808/4792 4820/4812/4796 4819/4814/4798
f 4818/4809/4793 4816/4811/4795 4809/4802/4786
f 4822/4815/4799 4807/4800/4784 4812/4804/4788
f 4802/4769/4753 4782/4790/4774 4752/4739/4723
f 4819/4814/4798 4823/4816/4800 4817/4805/4789
f 4817/4805/4789 4813/4751/4735 4811/4808/4792
f 4810/4803/4787 4784/4772/4756 4783/4771/4755
f 4714/4704/4688 4704/4703/4687 4817/4805/4789
f 4824/4736/4720 4775/4817/4801 4825/4818/4802
f 4780/4787/4771 4801/4810/4794 4781/4789/4773
f 4825/4818/4802 4826/4819/4803 4824/4736/4720
f 4825/4818/4802 4827/4820/4804 4826/4819/4803
f 4771/4799/4783 4749/4761/4745 4793/4778/4762
f 4778/4770/4754 4803/4792/4776 4779/4798/4782
f 4826/4819/4803 4741/4737/4721 4824/4736/4720
f 4826/4819/4803 4827/4820/4804 4829/4821/4805
f 4741/4737/4721 4826/4819/4803 4828/4822/4806
f 4819/4814/4798 4831/4823/4807 4814/4806/4790
f 4770/4759/4743 4706/4716/4700 4832/4824/4808
f 4768/4756/4740 4770/4759/4743 4832/4824/4808
f 4706/4716/4700 4724/4718/4702 4832/4824/4808
f 4834/4825/4809 4835/4826/4810 4836/4827/4811
f 4833/4828/4812 4724/4718/4702 4781/4789/4773
f 4832/4824/4808 4835/4826/4810 4768/4756/4740
f 4837/4829/4813 4801/4810/4794 4668/4667/4651
f 4833/4828/4812 4781/4789/4773 4801/4810/4794
f 4835/4826/4810 4832/4824/4808 4837/4829/4813
f 4724/4718/4702 4837/4829/4813 4832/4824/4808
f 4837/4829/4813 4724/4718/4702 4833/4828/4812
f 4836/4827/4811 4830/4830/4814 4834/4825/4809
f 4669/4668/4652 4668/4667/4651 4801/4810/4794
f 4833/4828/4812 4801/4810/4794 4837/4829/4813
f 4672/4670/4654 4830/4830/4814 4836/4827/4811
f 4672/4670/4654 4836/4827/4811 4837/4829/4813
f 4836/4827/4811 4835/4826/4810 4837/4829/4813
f 4672/4670/4654 4837/4829/4813 4668/4667/4651
f 4690/4685/4669 4692/4744/4728 4838/4831/4815
f 4844/4832/4816 4794/4781/4765 4800/4833/4817
f 4758/4834/4818 4766/4754/4738 4844/4832/4816
f 4844/4832/4816 4800/4833/4817 4838/4831/4815
f 4756/4753/4737 4842/4835/4819 4839/4836/4820
f 4756/4753/4737 4839/4836/4820 4766/4754/4738
f 4838/4831/4815 4692/4744/4728 4758/4834/4818
f 4796/4784/4768 4838/4831/4815 4800/4833/4817
f 4796/4784/4768 4722/4780/4764 4690/4685/4669
f 4766/4754/4738 4839/4836/4820 4844/4832/4816
f 4838/4831/4815 4796/4784/4768 4690/4685/4669
f 4756/4753/4737 4757/4746/4730 4841/4837/4821
f 4766/4754/4738 4758/4834/4818 4692/4744/4728
f 4759/4745/4729 4841/4837/4821 4757/4746/4730
f 4844/4832/4816 4839/4836/4820 4843/4838/4822
f 4692/4744/4728 4757/4746/4730 4766/4754/4738
f 4758/4834/4818 4844/4832/4816 4838/4831/4815
f 4737/4727/4711 4734/4839/4823 4663/4840/4824
f 4795/4782/4766 4813/4751/4735 4722/4780/4764
f 4699/4711/4695 4665/4664/4648 4664/4663/4647
f 4794/4781/4765 4844/4832/4816 4840/4841/4825
f 4794/4781/4765 4796/4784/4768 4800/4833/4817
f 4795/4782/4766 4794/4781/4765 4840/4841/4825
f 4795/4782/4766 4840/4841/4825 4847/4842/4826
f 4698/4695/4679 4690/4685/4669 4722/4780/4764
f 4665/4664/4648 4751/4843/4827 4670/4726/4710
f 4685/4762/4746 4722/4780/4764 4813/4751/4735
f 4812/4804/4788 4795/4782/4766 4847/4842/4826
f 4844/4832/4816 4848/4844/4828 4840/4841/4825
f 4751/4843/4827 4744/4733/4717 4670/4726/4710
f 4701/4697/4681 4747/4734/4718 4687/4690/4674
f 4777/4768/4752 4773/4764/4748 4753/4763/4747
f 4753/4763/4747 4736/4725/4709 4742/4767/4751
f 4846/4845/4829 4663/4840/4824 4734/4839/4823
f 4674/4672/4656 4673/4671/4655 4814/4806/4790
f 4740/4735/4719 4734/4839/4823 4737/4727/4711
f 4736/4725/4709 4665/4664/4648 4670/4726/4710
f 4737/4727/4711 4824/4736/4720 4740/4735/4719
f 4719/4788/4772 4751/4843/4827 4699/4711/4695
f 4740/4735/4719 4741/4737/4721 4849/4846/4830
f 4739/4732/4716 4670/4726/4710 4744/4733/4717
f 4673/4671/4655 4819/4814/4798 4814/4806/4790
f 4670/4726/4710 4739/4732/4716 4737/4727/4711
f 4739/4732/4716 4824/4736/4720 4737/4727/4711
f 4751/4843/4827 4665/4664/4648 4699/4711/4695
f 4745/4740/4724 4772/4760/4744 4851/4847/4831
f 4852/4848/4832 4745/4740/4724 4853/4849/4833
f 4852/4848/4832 4854/4850/4834 4745/4740/4724
f 4719/4788/4772 4681/4791/4775 4744/4733/4717
f 4742/4767/4751 4850/4851/4835 4777/4768/4752
f 4746/4741/4725 4745/4740/4724 4854/4850/4834
f 4714/4704/4688 4817/4805/4789 4823/4816/4800
f 4855/4852/4836 4856/4853/4837 4851/4847/4831
f 4776/4766/4750 4714/4704/4688 4823/4816/4800
f 4775/4817/4801 4746/4741/4725 4825/4818/4802
f 4673/4671/4655 4857/4854/4838 4858/4855/4839
f 4776/4766/4750 4823/4816/4800 4858/4855/4839
f 4858/4855/4839 4857/4854/4838 4859/4856/4840
f 4851/4847/4831 4856/4853/4837 4853/4849/4833
f 4719/4788/4772 4744/4733/4717 4751/4843/4827
f 4736/4725/4709 4743/4857/4841 4742/4767/4751
f 4776/4766/4750 4851/4847/4831 4772/4760/4744
f 4673/4671/4655 4858/4855/4839 4823/4816/4800
f 4734/4839/4823 4845/4858/4842 4735/4859/4843
f 4855/4852/4836 4776/4766/4750 4860/4860/4844
f 4665/4664/4648 4736/4725/4709 4753/4763/4747
f 4736/4725/4709 4737/4727/4711 4743/4857/4841
f 4792/4777/4761 4749/4761/4745 4666/4665/4649
f 4666/4665/4649 4749/4761/4745 4664/4663/4647
f 4845/4858/4842 4734/4839/4823 4740/4735/4719
f 4663/4840/4824 4846/4845/4829 4743/4857/4841
f 4857/4854/4838 4673/4671/4655 4675/4673/4657
f 4673/4671/4655 4823/4816/4800 4819/4814/4798
f 4824/4736/4720 4739/4732/4716 4775/4817/4801
f 4776/4766/4750 4855/4852/4836 4851/4847/4831
f 4738/4731/4715 4775/4817/4801 4739/4732/4716
f 4663/4840/4824 4743/4857/4841 4737/4727/4711
f 4786/4774/4758 4666/4665/4649 4753/4763/4747
f 4746/4741/4725 4775/4817/4801 4738/4731/4715
f 4851/4847/4831 4853/4849/4833 4745/4740/4724
f 4861/4861/4845 4845/4858/4842 4740/4735/4719
f 4746/4741/4725 4854/4850/4834 4827/4820/4804
f 4827/4820/4804 4825/4818/4802 4746/4741/4725
f 4861/4861/4845 4740/4735/4719 4849/4846/4830
f 4858/4855/4839 4860/4860/4844 4776/4766/4750
f 4870/4862/4846 4871/4863/4847 4872/4864/4848
f 4873/4865/4849 5013/4866/4850 4869/4867/4851
f 4863/4868/4852 4869/4867/4851 5013/4866/4850
f 4920/4869/4853 4876/4870/4854 5043/4871/4855
f 4876/4870/4854 4878/4872/4856 5043/4871/4855
f 4885/4873/4857 4886/4874/4858 4887/4875/4859
f 4888/4876/4860 4887/4875/4859 4886/4874/4858
f 4875/4877/4861 4892/4878/4862 4893/4879/4863
f 4889/4880/4864 4887/4875/4859 4888/4876/4860
f 4894/4881/4865 4895/4882/4866 4890/4883/4867
f 4887/4875/4859 4896/4884/4868 4885/4873/4857
f 4866/4885/4869 4870/4862/4846 4862/4886/4870
f 4897/4887/4871 4919/4888/4872 4898/4889/4873
f 4913/4890/4874 4902/4891/4875 4903/4892/4876
f 4904/4893/4877 4906/4894/4878 4907/4895/4879
f 4906/4894/4878 4904/4893/4877 4905/4896/4880
f 4903/4892/4876 4908/4897/4881 4911/4898/4882
f 4907/4895/4879 4913/4890/4874 4904/4893/4877
f 4887/4875/4859 4889/4880/4864 4915/4899/4883
f 4914/4900/4884 4912/4901/4885 4885/4873/4857
f 4915/4899/4883 4896/4884/4868 4887/4875/4859
f 4907/4895/4879 4918/4902/4886 4913/4890/4874
f 4911/4898/4882 4908/4897/4881 4871/4863/4847
f 4927/4903/4887 4902/4891/4875 4917/4904/4888
f 4906/4894/4878 4918/4902/4886 4907/4895/4879
f 4921/4905/4889 4905/4896/4880 4904/4893/4877
f 4886/4874/4858 4884/4906/4890 4888/4876/4860
f 4913/4890/4874 4903/4892/4876 4911/4898/4882
f 4922/4907/4891 4906/4894/4878 4905/4896/4880
f 4905/4896/4880 4923/4908/4892 4922/4907/4891
f 4903/4892/4876 4927/4903/4887 4928/4909/4893
f 4902/4891/4875 4918/4902/4886 4925/4910/4894
f 4898/4889/4873 4919/4888/4872 4929/4911/4895
f 4904/4893/4877 4913/4890/4874 4911/4898/4882
f 4930/4912/4896 4931/4913/4897 4906/4894/4878
f 4903/4892/4876 4902/4891/4875 4927/4903/4887
f 4909/4914/4898 4906/4894/4878 4931/4913/4897
f 4911/4898/4882 4871/4863/4847 4866/4885/4869
f 4908/4897/4881 4903/4892/4876 4928/4909/4893
f 4932/4915/4899 4878/4872/4856 4933/4916/4900
f 4862/4886/4870 4870/4862/4846 4926/4917/4901
f 4934/4918/4902 4884/4906/4890 4935/4919/4903
f 4925/4910/4894 4917/4904/4888 4902/4891/4875
f 4885/4873/4857 4896/4884/4868 4914/4900/4884
f 4936/4920/4904 4937/4921/4905 4938/4922/4906
f 4896/4884/4868 4915/4899/4883 4920/4869/4853
f 4938/4922/4906 4939/4923/4907 4936/4920/4904
f 4914/4900/4884 4896/4884/4868 4920/4869/4853
f 4871/4863/4847 4883/4924/4908 4872/4864/4848
f 4870/4862/4846 4866/4885/4869 4871/4863/4847
f 4948/4925/4909 4942/4926/4910 4946/4927/4911
f 4942/4926/4910 4947/4928/4912 4946/4927/4911
f 4949/4929/4913 4950/4930/4914 4951/4931/4915
f 4952/4932/4916 4953/4933/4917 4954/4934/4918
f 4928/4909/4893 4927/4903/4887 4955/4935/4919
f 4913/4890/4874 4918/4902/4886 4902/4891/4875
f 4925/4910/4894 4918/4902/4886 4906/4894/4878
f 4882/4936/4920 4881/4937/4921 4899/4938/4922
f 4919/4888/4872 4867/4939/4923 4899/4938/4922
f 4867/4939/4923 4955/4935/4919 4899/4938/4922
f 4943/4940/4924 4960/4941/4925 4961/4942/4926
f 4952/4932/4916 4954/4934/4918 4957/4943/4927
f 4963/4944/4928 4962/4945/4929 4959/4946/4930
f 4864/4947/4931 4956/4948/4932 4958/4949/4933
f 4929/4911/4895 4965/4950/4934 4898/4889/4873
f 4882/4936/4920 4927/4903/4887 4917/4904/4888
f 4893/4879/4863 4966/4951/4935 4871/4863/4847
f 4928/4909/4893 4955/4935/4919 4893/4879/4863
f 4875/4877/4861 4893/4879/4863 4955/4935/4919
f 4866/4885/4869 4921/4905/4889 4911/4898/4882
f 4866/4885/4869 4941/4952/4936 4921/4905/4889
f 4905/4896/4880 4921/4905/4889 4900/4953/4937
f 4914/4900/4884 4968/4954/4938 4912/4901/4885
f 4969/4955/4939 4867/4939/4923 4970/4956/4940
f 4921/4905/4889 4904/4893/4877 4911/4898/4882
f 4941/4952/4936 4971/4957/4941 4972/4958/4942
f 4862/4886/4870 4971/4957/4941 4941/4952/4936
f 4941/4952/4936 4972/4958/4942 4973/4959/4943
f 4879/4960/4944 4941/4952/4936 4973/4959/4943
f 4908/4897/4881 4928/4909/4893 4893/4879/4863
f 4871/4863/4847 4908/4897/4881 4893/4879/4863
f 4874/4961/4945 4955/4935/4919 4867/4939/4923
f 4919/4888/4872 4940/4962/4946 4929/4911/4895
f 4874/4961/4945 4875/4877/4861 4955/4935/4919
f 4970/4956/4940 4867/4939/4923 4897/4887/4871
f 4888/4876/4860 4884/4906/4890 4934/4918/4902
f 4976/4963/4947 4963/4944/4928 5038/4964/4948
f 4978/4965/4949 4989/4966/4950 4979/4967/4951
f 5027/4968/4952 4978/4965/4949 4977/4969/4953
f 5038/4964/4948 4963/4944/4928 4959/4946/4930
f 4952/4932/4916 4961/4942/4926 4964/4970/4954
f 4985/4971/4955 4986/4972/4956 4987/4973/4957
f 5027/4968/4952 4988/4974/4958 4987/4973/4957
f 4864/4947/4931 4952/4932/4916 4957/4943/4927
f 4990/4975/4959 4930/4912/4896 4991/4976/4960
f 4919/4888/4872 4897/4887/4871 4867/4939/4923
f 4992/4977/4961 4993/4978/4962 4994/4979/4963
f 4943/4940/4924 4961/4942/4926 4944/4980/4964
f 4995/4981/4965 4961/4942/4926 4974/4982/4966
f 4882/4936/4920 4975/4983/4967 4881/4937/4921
f 4864/4947/4931 4974/4982/4966 4952/4932/4916
f 4967/4984/4968 4901/4985/4969 4996/4986/4970
f 4998/4987/4971 4999/4988/4972 5006/4989/4973
f 5000/4990/4974 4995/4981/4965 4974/4982/4966
f 4944/4980/4964 4995/4981/4965 5001/4991/4975
f 4892/4878/4862 4916/4992/4976 4966/4951/4935
f 4951/4931/4915 4950/4930/4914 4957/4943/4927
f 5003/4993/4977 4981/4994/4978 5002/4995/4979
f 4989/4966/4950 4975/4983/4967 5028/4996/4980
f 5001/4991/4975 5004/4997/4981 5003/4993/4977
f 4991/4976/4960 5005/4998/4982 4990/4975/4959
f 5011/4999/4983 4995/4981/4965 5008/5000/4984
f 5002/4995/4979 4981/4994/4978 5009/5001/4985
f 5004/4997/4981 4980/5002/4986 4981/4994/4978
f 5013/4866/4850 5014/5003/4987 5015/5004/4988
f 4893/4879/4863 4892/4878/4862 4966/4951/4935
f 5017/5005/4989 5009/5001/4985 4981/4994/4978
f 5010/5006/4990 5008/5000/4984 4995/4981/4965
f 4879/4960/4944 5019/5007/4991 4900/4953/4937
f 4927/4903/4887 4882/4936/4920 4899/4938/4922
f 5018/5008/4992 5014/5003/4987 5013/4866/4850
f 4969/4955/4939 4924/5009/4993 4867/4939/4923
f 5020/5010/4994 4923/4908/4892 4905/4896/4880
f 5020/5010/4994 4991/4976/4960 4923/4908/4892
f 4991/4976/4960 5020/5010/4994 5005/4998/4982
f 4950/4930/4914 4956/4948/4932 4957/4943/4927
f 4999/4988/4972 5022/5011/4995 4979/4967/4951
f 5021/5012/4996 5009/5001/4985 5017/5005/4989
f 5023/5013/4997 4979/4967/4951 5022/5011/4995
f 4981/4994/4978 5026/5014/4998 5024/5015/4999
f 5031/5016/5000 4979/4967/4951 5028/4996/4980
f 5024/5015/4999 5017/5005/4989 4981/4994/4978
f 4990/4975/4959 5007/5017/5001 5021/5012/4996
f 5021/5012/4996 5017/5005/4989 4990/4975/4959
f 4871/4863/4847 4966/4951/4935 4883/4924/4908
f 5011/4999/4983 5008/5000/4984 5004/4997/4981
f 4930/4912/4896 5017/5005/4989 5024/5015/4999
f 4992/4977/4961 4994/4979/4963 5029/5018/5002
f 4899/4938/4922 4881/4937/4921 4919/4888/4872
f 5029/5018/5002 4994/4979/4963 5014/5003/4987
f 4891/5019/5003 4890/4883/4867 4895/4882/4866
f 4980/5002/4986 5030/5020/5004 5026/5014/4998
f 5033/5021/5005 4894/4881/4865 4942/4926/4910
f 5012/5022/5006 4946/4927/4911 4945/5023/5007
f 4959/4946/4930 5034/5024/5008 5035/5025/5009
f 4942/4926/4910 5036/5026/5010 5033/5021/5005
f 4942/4926/4910 4948/4925/4909 4912/4901/4885
f 4947/4928/4912 4894/4881/4865 5035/5025/5009
f 4990/4975/4959 5017/5005/4989 4930/4912/4896
f 4894/4881/4865 4890/4883/4867 5037/5027/5011
f 5002/4995/4979 4945/5023/5007 4947/4928/4912
f 4959/4946/4930 4997/5028/5012 5034/5024/5008
f 4932/4915/4899 5041/5029/5013 4936/4920/4904
f 5042/5030/5014 4885/4873/4857 5040/5031/5015
f 4947/4928/4912 4942/4926/4910 4894/4881/4865
f 5035/5025/5009 4894/4881/4865 5037/5027/5011
f 4936/4920/4904 5036/5026/5010 4968/4954/4938
f 5021/5012/4996 5012/5022/5006 5009/5001/4985
f 4864/4947/4931 4957/4943/4927 4956/4948/4932
f 5043/4871/4855 4968/4954/4938 4914/4900/4884
f 4894/4881/4865 5033/5021/5005 4895/4882/4866
f 5024/5015/4999 4910/5032/5016 4931/4913/4897
f 5042/5030/5014 5040/5031/5015 5012/5022/5006
f 4895/4882/4866 5033/5021/5005 5036/5026/5010
f 4947/4928/4912 4945/5023/5007 4946/4927/4911
f 5005/4998/4982 5019/5007/4991 5016/5033/5017
f 5000/4990/4974 4974/4982/4966 4864/4947/4931
f 5030/5020/5004 5032/5034/5018 5025/5035/5019
f 5002/4995/4979 5034/5024/5008 5003/4993/4977
f 4968/4954/4938 5036/5026/5010 4942/4926/4910
f 5036/5026/5010 5039/5036/5020 4895/4882/4866
f 5035/5025/5009 5034/5024/5008 4947/4928/4912
f 4912/4901/4885 4968/4954/4938 4942/4926/4910
f 5024/5015/4999 5025/5035/5019 4910/5032/5016
f 5037/5027/5011 4959/4946/4930 5035/5025/5009
f 4922/4907/4891 4923/4908/4892 4991/4976/4960
f 5021/5012/4996 5007/5017/5001 5012/5022/5006
f 5009/5001/4985 4945/5023/5007 5002/4995/4979
f 5034/5024/5008 4997/5028/5012 5003/4993/4977
f 4890/4883/4867 5038/4964/4948 5037/5027/5011
f 5038/4964/4948 4959/4946/4930 5037/5027/5011
f 4931/4913/4897 4910/5032/5016 4909/4914/4898
f 4895/4882/4866 5039/5036/5020 4901/4985/4969
f 4997/5028/5012 4959/4946/4930 4962/4945/4929
f 4946/4927/4911 5040/5031/5015 4948/4925/4909
f 5007/5017/5001 5016/5033/5017 5042/5030/5014
f 5043/4871/4855 4878/4872/4856 4932/4915/4899
f 4977/4969/4953 4988/4974/4958 5027/4968/4952
f 5002/4995/4979 4947/4928/4912 5034/5024/5008
f 4901/4985/4969 5039/5036/5020 4996/4986/4970
f 5030/5020/5004 4994/4979/4963 5032/5034/5018
f 5040/5031/5015 4946/4927/4911 5012/5022/5006
f 4948/4925/4909 5040/5031/5015 4912/4901/4885
f 5015/5004/4988 5030/5020/5004 5008/5000/4984
f 5036/5026/5010 4939/4923/4907 5039/5036/5020
f 4936/4920/4904 4939/4923/4907 5036/5026/5010
f 4912/4901/4885 5040/5031/5015 4885/4873/4857
f 5032/5034/5018 4982/5037/5021 4999/4988/4972
f 5043/4871/4855 4936/4920/4904 4968/4954/4938
f 4927/4903/4887 4899/4938/4922 4955/4935/4919
f 5012/5022/5006 5007/5017/5001 5042/5030/5014
f 4914/4900/4884 4920/4869/4853 5043/4871/4855
f 5043/4871/4855 4932/4915/4899 4936/4920/4904
f 5041/5029/5013 4932/4915/4899 5045/5038/5022
f 4993/4978/4962 5032/5034/5018 4994/4979/4963
f 5032/5034/5018 4999/4988/4972 4998/4987/4971
f 4991/4976/4960 4930/4912/4896 4922/4907/4891
f 5011/4999/4983 5001/4991/4975 4995/4981/4965
f 4909/4914/4898 4925/4910/4894 4906/4894/4878
f 4925/4910/4894 4910/5032/5016 5046/5039/5023
f 5027/4968/4952 4989/4966/4950 4978/4965/4949
f 5008/5000/4984 5030/5020/5004 4980/5002/4986
f 5020/5010/4994 4905/4896/4880 4900/4953/4937
f 4883/4924/4908 4966/4951/4935 4983/5040/5024
f 5008/5000/4984 5013/4866/4850 5015/5004/4988
f 5006/4989/4973 5031/5016/5000 5046/5039/5023
f 4869/4867/4851 4877/5041/5025 4873/4865/4849
f 4900/4953/4937 5019/5007/4991 5005/4998/4982
f 4900/4953/4937 5005/4998/4982 5020/5010/4994
f 5010/5006/4990 5013/4866/4850 5008/5000/4984
f 5047/5042/5026 4929/4911/4895 4940/4962/4946
f 5016/5033/5017 5007/5017/5001 4990/4975/4959
f 5006/4989/4973 5025/5035/5019 4998/4987/4971
f 4866/4885/4869 4862/4886/4870 4941/4952/4936
f 4944/4980/4964 4961/4942/4926 4995/4981/4965
f 5030/5020/5004 5015/5004/4988 4994/4979/4963
f 5047/5042/5026 4940/4962/4946 4987/4973/4957
f 4982/5037/5021 4993/4978/4962 4984/5043/5027
f 5048/5044/5028 5049/5045/5029 4958/4949/4933
f 4885/4873/4857 5042/5030/5014 4886/4874/4858
f 4924/5009/4993 4874/4961/4945 4867/4939/4923
f 4989/4966/4950 5028/4996/4980 4979/4967/4951
f 4869/4867/4851 4863/4868/4852 4868/5046/5030
f 4901/4985/4969 4891/5019/5003 4895/4882/4866
f 4865/5047/5031 4935/4919/4903 4884/4906/4890
f 4993/4978/4962 4982/5037/5021 5032/5034/5018
f 5005/4998/4982 5016/5033/5017 4990/4975/4959
f 4879/4960/4944 4865/5047/5031 4880/5048/5032
f 4925/4910/4894 4909/4914/4898 4910/5032/5016
f 4881/4937/4921 4940/4962/4946 4919/4888/4872
f 5016/5033/5017 5019/5007/4991 5042/5030/5014
f 5006/4989/4973 4910/5032/5016 5025/5035/5019
f 4886/4874/4858 5042/5030/5014 5019/5007/4991
f 5025/5035/5019 5026/5014/4998 5030/5020/5004
f 4881/4937/4921 4975/4983/4967 4940/4962/4946
f 5026/5014/4998 4981/4994/4978 4980/5002/4986
f 5028/4996/4980 4925/4910/4894 5031/5016/5000
f 5027/4968/4952 4940/4962/4946 4975/4983/4967
f 4880/5048/5032 5019/5007/4991 4879/4960/4944
f 4884/4906/4890 4886/4874/4858 5019/5007/4991
f 4884/4906/4890 5019/5007/4991 4880/5048/5032
f 5013/4866/4850 5010/5006/4990 4863/4868/4852
f 4925/4910/4894 5046/5039/5023 5031/5016/5000
f 5001/4991/4975 5011/4999/4983 5004/4997/4981
f 5027/4968/4952 4975/4983/4967 4989/4966/4950
f 4997/5028/5012 5001/4991/4975 5003/4993/4977
f 5022/5011/4995 4999/4988/4972 4982/5037/5021
f 5031/5016/5000 5006/4989/4973 4999/4988/4972
f 4884/4906/4890 4880/5048/5032 4865/5047/5031
f 4958/4949/4933 4868/5046/5030 4864/4947/4931
f 4944/4980/4964 4962/4945/4929 4943/4940/4924
f 4879/4960/4944 4973/4959/4943 4865/5047/5031
f 5010/5006/4990 5000/4990/4974 4863/4868/4852
f 4961/4942/4926 4952/4932/4916 4974/4982/4966
f 5027/4968/4952 4987/4973/4957 4940/4962/4946
f 4999/4988/4972 4979/4967/4951 5031/5016/5000
f 4864/4947/4931 4863/4868/4852 5000/4990/4974
f 4945/5023/5007 5009/5001/4985 5012/5022/5006
f 4944/4980/4964 4997/5028/5012 4962/4945/4929
f 4863/4868/4852 4864/4947/4931 4868/5046/5030
f 4879/4960/4944 4921/4905/4889 4941/4952/4936
f 4956/4948/4932 5048/5044/5028 4958/4949/4933
f 5003/4993/4977 5004/4997/4981 4981/4994/4978
f 5024/5015/4999 4931/4913/4897 4930/4912/4896
f 5044/5049/5033 4979/4967/4951 5023/5013/4997
f 4987/4973/4957 4988/4974/4958 4985/4971/4955
f 4925/4910/4894 5028/4996/4980 4917/4904/4888
f 5025/5035/5019 5024/5015/4999 5026/5014/4998
f 4944/4980/4964 5001/4991/4975 4997/5028/5012
f 4868/5046/5030 4958/4949/4933 4869/4867/4851
f 4995/4981/4965 5000/4990/4974 5010/5006/4990
f 4900/4953/4937 4921/4905/4889 4879/4960/4944
f 4922/4907/4891 4930/4912/4896 4906/4894/4878
f 4910/5032/5016 5006/4989/4973 5046/5039/5023
f 5044/5049/5033 4978/4965/4949 4979/4967/4951
f 5004/4997/4981 5008/5000/4984 4980/5002/4986
f 5028/4996/4980 4975/4983/4967 4882/4936/4920
f 5032/5034/5018 4998/4987/4971 5025/5035/5019
f 4882/4936/4920 4917/4904/4888 5028/4996/4980
f 5014/5003/4987 4994/4979/4963 5015/5004/4988
f 5282/5050/5034 5087/5051/5035 5054/5052/5036
f 5055/5053/5037 5056/5054/5038 5057/5055/5039
f 5059/5056/5040 5060/5057/5041 5061/5058/5042
f 5062/5059/5043 5063/5060/5044 5050/5061/5045
f 5064/5062/5046 5065/5063/5047 5066/5064/5048
f 5062/5059/5043 5068/5065/5049 5063/5060/5044
f 5069/5066/5050 5098/5067/5051 5052/5068/5052
f 5051/5069/5053 5053/5070/5054 5070/5071/5055
f 5071/5072/5056 5075/5073/5057 5072/5074/5058
f 5069/5066/5050 5073/5075/5059 5074/5076/5060
f 5062/5059/5043 5076/5077/5061 5077/5078/5062
f 5070/5071/5055 5076/5077/5061 5051/5069/5053
f 5062/5059/5043 5065/5063/5047 5068/5065/5049
f 5064/5062/5046 5068/5065/5049 5065/5063/5047
f 5051/5069/5053 5076/5077/5061 5062/5059/5043
f 5089/5079/5063 5309/5080/5064 5080/5081/5065
f 5100/5082/5066 5061/5058/5042 5078/5083/5067
f 5102/5084/5068 5103/5085/5069 5104/5086/5070
f 5107/5087/5071 5108/5088/5072 5109/5089/5073
f 5082/5090/5074 5336/5091/5075 5112/5092/5076
f 5113/5093/5077 5114/5094/5078 5115/5095/5079
f 5118/5096/5080 5116/5097/5081 5117/5098/5082
f 5116/5097/5081 5118/5096/5080 5120/5099/5083
f 5124/5100/5084 5125/5101/5085 5126/5102/5086
f 5127/5103/5087 5110/5104/5088 5128/5105/5089
f 5111/5106/5090 5098/5067/5051 5099/5107/5091
f 5129/5108/5092 5113/5093/5077 5115/5095/5079
f 5129/5108/5092 5115/5095/5079 5130/5109/5093
f 5088/5110/5094 5122/5111/5095 5123/5112/5096
f 5133/5113/5097 5136/5114/5098 5132/5115/5099
f 5130/5109/5093 5115/5095/5079 5139/5116/5100
f 5139/5116/5100 5115/5095/5079 5114/5094/5078
f 5145/5117/5101 5134/5118/5102 5113/5093/5077
f 5057/5055/5039 5056/5054/5038 5242/5119/5103
f 5149/5120/5104 5150/5121/5105 5151/5122/5106
f 5114/5094/5078 5138/5123/5107 5139/5116/5100
f 5156/5124/5108 5129/5108/5092 5157/5125/5109
f 5163/5126/5110 5164/5127/5111 5165/5128/5112
f 5167/5129/5113 5168/5130/5114 5139/5116/5100
f 5163/5126/5110 5165/5128/5112 5169/5131/5115
f 5107/5087/5071 5172/5132/5116 5173/5133/5117
f 5154/5134/5118 5144/5135/5119 5174/5136/5120
f 5169/5131/5115 5165/5128/5112 5180/5137/5121
f 5144/5135/5119 5181/5138/5122 5174/5136/5120
f 5156/5124/5108 5181/5138/5122 5145/5117/5101
f 5184/5139/5123 5185/5140/5124 5186/5141/5125
f 5174/5136/5120 5183/5142/5126 5187/5143/5127
f 5189/5144/5128 5190/5145/5129 5191/5146/5130
f 5186/5141/5125 5163/5126/5110 5178/5147/5131
f 5078/5083/5067 5192/5148/5132 5193/5149/5133
f 5180/5137/5121 5194/5150/5134 5169/5131/5115
f 5171/5151/5135 5141/5152/5136 5195/5153/5137
f 5196/5154/5138 5130/5109/5093 5168/5130/5114
f 5188/5155/5139 5183/5142/5126 5174/5136/5120
f 5170/5156/5140 5184/5139/5123 5186/5141/5125
f 5172/5132/5116 5183/5142/5126 5188/5155/5139
f 5109/5089/5073 5172/5132/5116 5107/5087/5071
f 5194/5150/5134 5178/5147/5131 5169/5131/5115
f 5184/5139/5123 5170/5156/5140 5199/5157/5141
f 5171/5151/5135 5195/5153/5137 5200/5158/5142
f 5201/5159/5143 5202/5160/5144 5191/5146/5130
f 5185/5140/5124 5163/5126/5110 5186/5141/5125
f 5161/5161/5145 5160/5162/5146 5110/5104/5088
f 5201/5159/5143 5191/5146/5130 5137/5163/5147
f 5163/5126/5110 5203/5164/5148 5204/5165/5149
f 5166/5166/5150 5195/5153/5137 5141/5152/5136
f 5154/5134/5118 5174/5136/5120 5187/5143/5127
f 5140/5167/5151 5096/5168/5152 5137/5163/5147
f 5195/5153/5137 5205/5169/5153 5149/5120/5104
f 5097/5170/5154 5201/5159/5143 5137/5163/5147
f 5060/5057/5041 5192/5148/5132 5061/5058/5042
f 5196/5154/5138 5053/5070/5054 5051/5069/5053
f 5063/5060/5044 5068/5065/5049 5199/5157/5141
f 5186/5141/5125 5178/5147/5131 5194/5150/5134
f 5152/5171/5155 5199/5157/5141 5170/5156/5140
f 5089/5079/5063 5080/5081/5065 5058/5172/5156
f 5079/5173/5157 5080/5081/5065 5071/5072/5056
f 5058/5172/5156 5067/5174/5158 5089/5079/5063
f 5210/5175/5159 5211/5176/5160 5212/5177/5161
f 5211/5176/5160 5215/5178/5162 5213/5179/5163
f 5214/5180/5164 5216/5181/5165 5211/5176/5160
f 5211/5176/5160 5213/5179/5163 5214/5180/5164
f 5211/5176/5160 5210/5175/5159 5215/5178/5162
f 5215/5178/5162 5217/5182/5166 5213/5179/5163
f 5217/5182/5166 5215/5178/5162 5210/5175/5159
f 5214/5180/5164 5218/5183/5167 5216/5181/5165
f 5219/5184/5168 5220/5185/5169 5221/5186/5170
f 5065/5063/5047 5218/5183/5167 5214/5180/5164
f 5143/5187/5171 5144/5135/5119 5154/5134/5118
f 5127/5103/5087 5261/5188/5172 5161/5161/5145
f 5171/5151/5135 5128/5105/5089 5110/5104/5088
f 5225/5189/5173 5079/5173/5157 5121/5190/5174
f 5200/5158/5142 5128/5105/5089 5171/5151/5135
f 5151/5122/5106 5128/5105/5089 5200/5158/5142
f 5102/5084/5068 5226/5191/5175 5227/5192/5176
f 5225/5189/5173 5121/5190/5174 5393/5193/5177
f 5229/5194/5178 5150/5121/5105 5149/5120/5104
f 5231/5195/5179 5128/5105/5089 5224/5196/5180
f 5150/5121/5105 5224/5196/5180 5128/5105/5089
f 5229/5194/5178 5177/5197/5181 5232/5198/5182
f 5151/5122/5106 5150/5121/5105 5128/5105/5089
f 5231/5195/5179 5228/5199/5183 5226/5191/5175
f 5229/5194/5178 5149/5120/5104 5177/5197/5181
f 5228/5199/5183 5227/5192/5176 5226/5191/5175
f 5226/5191/5175 5128/5105/5089 5231/5195/5179
f 5229/5194/5178 5230/5200/5184 5150/5121/5105
f 5208/5201/5185 5201/5159/5143 5097/5170/5154
f 5127/5103/5087 5128/5105/5089 5226/5191/5175
f 5150/5121/5105 5230/5200/5184 5224/5196/5180
f 5102/5084/5068 5127/5103/5087 5226/5191/5175
f 5233/5202/5186 5162/5203/5187 5194/5150/5134
f 5160/5162/5146 5096/5168/5152 5140/5167/5151
f 5168/5130/5114 5167/5129/5113 5196/5154/5138
f 5145/5117/5101 5181/5138/5122 5144/5135/5119
f 5200/5158/5142 5149/5120/5104 5151/5122/5106
f 5172/5132/5116 5188/5155/5139 5234/5204/5188
f 5052/5068/5052 5100/5082/5066 5054/5052/5036
f 5097/5170/5154 5137/5163/5147 5096/5168/5152
f 5235/5205/5189 5236/5206/5190 5237/5207/5191
f 5140/5167/5151 5285/5208/5192 5160/5162/5146
f 5240/5209/5193 5241/5210/5194 5106/5211/5195
f 5199/5157/5141 5243/5212/5196 5063/5060/5044
f 5050/5061/5045 5063/5060/5044 5243/5212/5196
f 5184/5139/5123 5068/5065/5049 5185/5140/5124
f 5203/5164/5148 5185/5140/5124 5244/5213/5197
f 5064/5062/5046 5245/5214/5198 5068/5065/5049
f 5245/5214/5198 5185/5140/5124 5068/5065/5049
f 5185/5140/5124 5203/5164/5148 5163/5126/5110
f 5246/5215/5199 5204/5165/5149 5203/5164/5148
f 5244/5213/5197 5246/5215/5199 5203/5164/5148
f 5077/5078/5062 5218/5183/5167 5065/5063/5047
f 5062/5059/5043 5077/5078/5062 5065/5063/5047
f 5247/5216/5200 5248/5217/5201 5154/5134/5118
f 5249/5218/5202 5183/5142/5126 5109/5089/5073
f 5109/5089/5073 5183/5142/5126 5172/5132/5116
f 5195/5153/5137 5149/5120/5104 5200/5158/5142
f 5152/5171/5155 5153/5219/5203 5199/5157/5141
f 5079/5173/5157 5058/5172/5156 5080/5081/5065
f 5167/5129/5113 5053/5070/5054 5196/5154/5138
f 5166/5166/5150 5205/5169/5153 5195/5153/5137
f 5194/5150/5134 5180/5137/5121 5251/5220/5204
f 5135/5221/5205 5146/5222/5206 5125/5101/5085
f 5173/5133/5117 5252/5223/5207 5107/5087/5071
f 5253/5224/5208 5186/5141/5125 5162/5203/5187
f 5190/5145/5129 5140/5167/5151 5137/5163/5147
f 5199/5157/5141 5068/5065/5049 5184/5139/5123
f 5252/5223/5207 5182/5225/5209 5107/5087/5071
f 5221/5186/5170 5097/5170/5154 5161/5161/5145
f 5148/5226/5210 5166/5166/5150 5141/5152/5136
f 5076/5077/5061 5258/5227/5211 5222/5228/5212
f 5261/5188/5172 5219/5184/5168 5221/5186/5170
f 5101/5229/5213 5147/5230/5214 5099/5107/5091
f 5256/5231/5215 5257/5232/5216 5262/5233/5217
f 5232/5198/5182 5177/5197/5181 5176/5234/5218
f 5105/5235/5219 5106/5211/5195 5263/5236/5220
f 5208/5201/5185 5097/5170/5154 5220/5185/5169
f 5097/5170/5154 5160/5162/5146 5161/5161/5145
f 5158/5237/5221 5162/5203/5187 5266/5238/5222
f 5268/5239/5223 5260/5240/5224 5269/5241/5225
f 5268/5239/5223 5262/5233/5217 5257/5232/5216
f 5051/5069/5053 5050/5061/5045 5243/5212/5196
f 5221/5186/5170 5220/5185/5169 5097/5170/5154
f 5058/5172/5156 5079/5173/5157 5254/5242/5226
f 5178/5147/5131 5163/5126/5110 5169/5131/5115
f 5104/5086/5070 5127/5103/5087 5102/5084/5068
f 5194/5150/5134 5162/5203/5187 5186/5141/5125
f 5272/5243/5227 5275/5244/5228 5273/5245/5229
f 5104/5086/5070 5261/5188/5172 5127/5103/5087
f 5243/5212/5196 5153/5219/5203 5255/5246/5230
f 5260/5240/5224 5268/5239/5223 5182/5225/5209
f 5273/5245/5229 5253/5224/5208 5162/5203/5187
f 5161/5161/5145 5261/5188/5172 5221/5186/5170
f 5153/5219/5203 5243/5212/5196 5199/5157/5141
f 5271/5247/5231 5241/5210/5194 5270/5248/5232
f 5268/5239/5223 5276/5249/5233 5182/5225/5209
f 5251/5220/5204 5233/5202/5186 5194/5150/5134
f 5263/5236/5220 5177/5197/5181 5205/5169/5153
f 5259/5250/5234 5153/5219/5203 5152/5171/5155
f 5088/5110/5094 5277/5251/5235 5122/5111/5095
f 5152/5171/5155 5253/5224/5208 5273/5245/5229
f 5273/5245/5229 5275/5244/5228 5152/5171/5155
f 5170/5156/5140 5253/5224/5208 5152/5171/5155
f 5147/5230/5214 5101/5229/5213 5146/5222/5206
f 5242/5119/5103 5056/5054/5038 5084/5252/5236
f 5137/5163/5147 5191/5146/5130 5190/5145/5129
f 5269/5241/5225 5262/5233/5217 5268/5239/5223
f 5160/5162/5146 5097/5170/5154 5096/5168/5152
f 5149/5120/5104 5205/5169/5153 5177/5197/5181
f 5160/5162/5146 5142/5253/5237 5110/5104/5088
f 5088/5110/5094 5281/5254/5238 5277/5251/5235
f 5094/5255/5239 5283/5256/5240 5093/5257/5241
f 5155/5258/5242 5125/5101/5085 5124/5100/5084
f 5250/5259/5243 5278/5260/5244 5284/5261/5245
f 5152/5171/5155 5275/5244/5228 5259/5250/5234
f 5153/5219/5203 5256/5231/5215 5255/5246/5230
f 5190/5145/5129 5287/5262/5246 5286/5263/5247
f 5286/5263/5247 5140/5167/5151 5190/5145/5129
f 5285/5208/5192 5140/5167/5151 5288/5264/5248
f 5286/5263/5247 5287/5262/5246 5289/5265/5249
f 5285/5208/5192 5142/5253/5237 5160/5162/5146
f 5189/5144/5128 5291/5266/5250 5190/5145/5129
f 5148/5226/5210 5142/5253/5237 5285/5208/5192
f 5161/5161/5145 5110/5104/5088 5127/5103/5087
f 5148/5226/5210 5285/5208/5192 5095/5267/5251
f 5159/5268/5252 5295/5269/5253 5272/5243/5227
f 5288/5264/5248 5289/5265/5249 5092/5270/5254
f 5285/5208/5192 5288/5264/5248 5095/5267/5251
f 5286/5263/5247 5289/5265/5249 5288/5264/5248
f 5076/5077/5061 5222/5228/5212 5218/5183/5167
f 5095/5267/5251 5288/5264/5248 5092/5270/5254
f 5166/5166/5150 5290/5271/5255 5293/5272/5256
f 5095/5267/5251 5166/5166/5150 5148/5226/5210
f 5286/5263/5247 5288/5264/5248 5140/5167/5151
f 5129/5108/5092 5156/5124/5108 5145/5117/5101
f 5166/5166/5150 5095/5267/5251 5290/5271/5255
f 5136/5114/5098 5133/5113/5097 5155/5258/5242
f 5294/5273/5257 5102/5084/5068 5227/5192/5176
f 5276/5249/5233 5278/5260/5244 5250/5259/5243
f 5295/5269/5253 5280/5274/5258 5296/5275/5259
f 5296/5275/5259 5197/5276/5260 5295/5269/5253
f 5190/5145/5129 5291/5266/5250 5287/5262/5246
f 5214/5180/5164 5213/5179/5163 5297/5277/5261
f 5077/5078/5062 5076/5077/5061 5218/5183/5167
f 5081/5278/5262 5056/5054/5038 5298/5279/5263
f 5270/5248/5232 5240/5209/5193 5278/5260/5244
f 5081/5278/5262 5298/5279/5263 5290/5271/5255
f 5298/5279/5263 5284/5261/5245 5299/5280/5264
f 5278/5260/5244 5276/5249/5233 5270/5248/5232
f 5284/5261/5245 5278/5260/5244 5299/5280/5264
f 5299/5280/5264 5105/5235/5219 5293/5272/5256
f 5290/5271/5255 5298/5279/5263 5299/5280/5264
f 5083/5281/5265 5258/5227/5211 5300/5282/5266
f 5301/5283/5267 5123/5112/5096 5122/5111/5095
f 5299/5280/5264 5278/5260/5244 5240/5209/5193
f 5076/5077/5061 5304/5284/5268 5258/5227/5211
f 5302/5285/5269 5303/5286/5270 5300/5282/5266
f 5105/5235/5219 5240/5209/5193 5106/5211/5195
f 5091/5287/5271 5083/5281/5265 5303/5286/5270
f 5299/5280/5264 5293/5272/5256 5290/5271/5255
f 5124/5100/5084 5225/5189/5173 5274/5288/5272
f 5284/5261/5245 5298/5279/5263 5055/5053/5037
f 5056/5054/5038 5055/5053/5037 5298/5279/5263
f 5300/5282/5266 5303/5286/5270 5083/5281/5265
f 5263/5236/5220 5205/5169/5153 5105/5235/5219
f 5105/5235/5219 5205/5169/5153 5293/5272/5256
f 5258/5227/5211 5304/5284/5268 5300/5282/5266
f 5166/5166/5150 5293/5272/5256 5205/5169/5153
f 5081/5278/5262 5290/5271/5255 5095/5267/5251
f 5273/5245/5229 5162/5203/5187 5272/5243/5227
f 5279/5289/5273 5280/5274/5258 5159/5268/5252
f 5258/5227/5211 5083/5281/5265 5222/5228/5212
f 5177/5197/5181 5305/5290/5274 5176/5234/5218
f 5105/5235/5219 5299/5280/5264 5240/5209/5193
f 5305/5290/5274 5177/5197/5181 5263/5236/5220
f 5182/5225/5209 5252/5223/5207 5260/5240/5224
f 5074/5076/5060 5089/5079/5063 5067/5174/5158
f 5259/5250/5234 5276/5249/5233 5257/5232/5216
f 5295/5269/5253 5197/5276/5260 5176/5234/5218
f 5141/5152/5136 5142/5253/5237 5148/5226/5210
f 5259/5250/5234 5256/5231/5215 5153/5219/5203
f 5306/5291/5275 5099/5107/5091 5147/5230/5214
f 5124/5100/5084 5126/5102/5086 5254/5242/5226
f 5305/5290/5274 5295/5269/5253 5176/5234/5218
f 5125/5101/5085 5101/5229/5213 5131/5292/5276
f 5122/5111/5095 5175/5293/5277 5301/5283/5267
f 5131/5292/5276 5101/5229/5213 5099/5107/5091
f 5159/5268/5252 5272/5243/5227 5162/5203/5187
f 5296/5275/5259 5280/5274/5258 5307/5294/5278
f 5263/5236/5220 5106/5211/5195 5305/5290/5274
f 5188/5155/5139 5181/5138/5122 5156/5124/5108
f 5266/5238/5222 5162/5203/5187 5233/5202/5186
f 5308/5295/5279 5255/5246/5230 5256/5231/5215
f 5179/5296/5280 5093/5257/5241 5283/5256/5240
f 5126/5102/5086 5125/5101/5085 5131/5292/5276
f 5101/5229/5213 5125/5101/5085 5146/5222/5206
f 5250/5259/5243 5108/5088/5072 5276/5249/5233
f 5241/5210/5194 5271/5247/5231 5305/5290/5274
f 5257/5232/5216 5256/5231/5215 5259/5250/5234
f 5295/5269/5253 5305/5290/5274 5271/5247/5231
f 5106/5211/5195 5241/5210/5194 5305/5290/5274
f 5188/5155/5139 5174/5136/5120 5181/5138/5122
f 5139/5116/5100 5138/5123/5107 5167/5129/5113
f 5129/5108/5092 5145/5117/5101 5113/5093/5077
f 5254/5242/5226 5079/5173/5157 5124/5100/5084
f 5182/5225/5209 5276/5249/5233 5108/5088/5072
f 5270/5248/5232 5272/5243/5227 5271/5247/5231
f 5280/5274/5258 5295/5269/5253 5159/5268/5252
f 5182/5225/5209 5108/5088/5072 5107/5087/5071
f 5131/5292/5276 5069/5066/5050 5067/5174/5158
f 5306/5291/5275 5111/5106/5090 5099/5107/5091
f 5243/5212/5196 5255/5246/5230 5308/5295/5279
f 5173/5133/5117 5172/5132/5116 5234/5204/5188
f 5131/5292/5276 5099/5107/5091 5098/5067/5051
f 5276/5249/5233 5259/5250/5234 5270/5248/5232
f 5262/5233/5217 5308/5295/5279 5256/5231/5215
f 5257/5232/5216 5276/5249/5233 5268/5239/5223
f 5155/5258/5242 5124/5100/5084 5274/5288/5272
f 5142/5253/5237 5141/5152/5136 5171/5151/5135
f 5272/5243/5227 5270/5248/5232 5275/5244/5228
f 5264/5297/5281 5265/5298/5282 5311/5299/5283
f 5098/5067/5051 5090/5300/5284 5052/5068/5052
f 5316/5301/5285 5311/5299/5283 5317/5302/5286
f 5313/5303/5287 5315/5304/5288 5314/5305/5289
f 5314/5305/5289 5318/5306/5290 5313/5303/5287
f 5311/5299/5283 5319/5307/5291 5317/5302/5286
f 5272/5243/5227 5295/5269/5253 5271/5247/5231
f 5321/5308/5292 5320/5309/5293 5314/5305/5289
f 5270/5248/5232 5259/5250/5234 5275/5244/5228
f 5313/5303/5287 5312/5310/5294 5322/5311/5295
f 5197/5276/5260 5198/5312/5296 5176/5234/5218
f 5319/5307/5291 5311/5299/5283 5323/5313/5297
f 5264/5297/5281 5318/5306/5290 5320/5309/5293
f 5314/5305/5289 5320/5309/5293 5318/5306/5290
f 5315/5304/5288 5321/5308/5292 5314/5305/5289
f 5267/5314/5298 5311/5299/5283 5265/5298/5282
f 5264/5297/5281 5311/5299/5283 5324/5315/5299
f 5318/5306/5290 5264/5297/5281 5324/5315/5299
f 5262/5233/5217 5157/5125/5109 5325/5316/5300
f 5051/5069/5053 5326/5317/5301 5196/5154/5138
f 5326/5317/5301 5130/5109/5093 5196/5154/5138
f 5214/5180/5164 5066/5064/5048 5065/5063/5047
f 5173/5133/5117 5157/5125/5109 5260/5240/5224
f 5243/5212/5196 5308/5295/5279 5051/5069/5053
f 5326/5317/5301 5325/5316/5300 5130/5109/5093
f 5325/5316/5300 5326/5317/5301 5262/5233/5217
f 5051/5069/5053 5308/5295/5279 5326/5317/5301
f 5297/5277/5261 5066/5064/5048 5214/5180/5164
f 5130/5109/5093 5139/5116/5100 5168/5130/5114
f 5130/5109/5093 5325/5316/5300 5129/5108/5092
f 5129/5108/5092 5325/5316/5300 5157/5125/5109
f 5157/5125/5109 5269/5241/5225 5260/5240/5224
f 5156/5124/5108 5234/5204/5188 5188/5155/5139
f 5262/5233/5217 5269/5241/5225 5157/5125/5109
f 5157/5125/5109 5234/5204/5188 5156/5124/5108
f 5051/5069/5053 5062/5059/5043 5050/5061/5045
f 5171/5151/5135 5110/5104/5088 5142/5253/5237
f 5284/5261/5245 5055/5053/5037 5250/5259/5243
f 5186/5141/5125 5253/5224/5208 5170/5156/5140
f 5240/5209/5193 5270/5248/5232 5241/5210/5194
f 5126/5102/5086 5131/5292/5276 5254/5242/5226
f 5069/5066/5050 5074/5076/5060 5067/5174/5158
f 5064/5062/5046 5066/5064/5048 5327/5318/5302
f 5245/5214/5198 5246/5215/5199 5244/5213/5197
f 5327/5318/5302 5245/5214/5198 5064/5062/5046
f 5246/5215/5199 5245/5214/5198 5328/5319/5303
f 5327/5318/5302 5329/5320/5304 5245/5214/5198
f 5328/5319/5303 5245/5214/5198 5329/5320/5304
f 5327/5318/5302 5330/5321/5305 5331/5322/5306
f 5185/5140/5124 5245/5214/5198 5244/5213/5197
f 5066/5064/5048 5330/5321/5305 5327/5318/5302
f 5330/5321/5305 5066/5064/5048 5297/5277/5261
f 5329/5320/5304 5327/5318/5302 5331/5322/5306
f 5111/5106/5090 5310/5323/5307 5059/5056/5040
f 5260/5240/5224 5252/5223/5207 5173/5133/5117
f 5157/5125/5109 5173/5133/5117 5234/5204/5188
f 5216/5181/5165 5292/5324/5308 5211/5176/5160
f 5332/5325/5309 5212/5177/5161 5211/5176/5160
f 5333/5326/5310 5334/5327/5311 5332/5325/5309
f 5216/5181/5165 5218/5183/5167 5292/5324/5308
f 5091/5287/5271 5333/5326/5310 5083/5281/5265
f 5211/5176/5160 5292/5324/5308 5332/5325/5309
f 5083/5281/5265 5333/5326/5310 5222/5228/5212
f 5091/5287/5271 5334/5327/5311 5333/5326/5310
f 5332/5325/5309 5292/5324/5308 5333/5326/5310
f 5333/5326/5310 5292/5324/5308 5222/5228/5212
f 5316/5301/5285 5324/5315/5299 5311/5299/5283
f 5204/5165/5149 5164/5127/5111 5163/5126/5110
f 5133/5113/5097 5135/5221/5205 5155/5258/5242
f 5277/5251/5235 5337/5328/5312 5249/5218/5202
f 5069/5066/5050 5131/5292/5276 5098/5067/5051
f 5080/5081/5065 5309/5080/5064 5075/5073/5057
f 5340/5329/5313 5237/5207/5191 5341/5330/5314
f 5162/5203/5187 5158/5237/5221 5159/5268/5252
f 5192/5148/5132 5078/5083/5067 5061/5058/5042
f 5342/5331/5315 5343/5332/5316 5302/5285/5269
f 5343/5332/5316 5342/5331/5315 5323/5313/5297
f 5267/5314/5298 5343/5332/5316 5323/5313/5297
f 5342/5331/5315 5302/5285/5269 5300/5282/5266
f 5342/5331/5315 5339/5333/5317 5344/5334/5318
f 5209/5335/5319 5082/5090/5074 5112/5092/5076
f 5304/5284/5268 5342/5331/5315 5300/5282/5266
f 5352/5336/5320 5348/5337/5321 5338/5338/5322
f 5304/5284/5268 5339/5333/5317 5342/5331/5315
f 5349/5339/5323 5317/5302/5286 5319/5307/5291
f 5350/5340/5324 5354/5341/5325 5119/5342/5326
f 5356/5343/5327 5357/5344/5328 5358/5345/5329
f 5313/5303/5287 5359/5346/5330 5355/5347/5331
f 5346/5348/5332 5053/5070/5054 5360/5349/5333
f 5339/5333/5317 5319/5307/5291 5323/5313/5297
f 5342/5331/5315 5344/5334/5318 5323/5313/5297
f 5322/5311/5295 5312/5310/5294 5336/5091/5075
f 5112/5092/5076 5312/5310/5294 5352/5336/5320
f 5318/5306/5290 5324/5315/5299 5365/5350/5334
f 5338/5338/5322 5348/5337/5321 5362/5351/5335
f 5338/5338/5322 5209/5335/5319 5112/5092/5076
f 5345/5352/5336 5076/5077/5061 5070/5071/5055
f 5093/5257/5241 5366/5353/5337 5094/5255/5239
f 5076/5077/5061 5345/5352/5336 5304/5284/5268
f 5313/5303/5287 5365/5350/5334 5359/5346/5330
f 5336/5091/5075 5283/5256/5240 5322/5311/5295
f 5348/5337/5321 5352/5336/5320 5355/5347/5331
f 5312/5310/5294 5112/5092/5076 5336/5091/5075
f 5364/5354/5338 5371/5355/5339 5315/5304/5288
f 5349/5339/5323 5339/5333/5317 5345/5352/5336
f 5267/5314/5298 5323/5313/5297 5311/5299/5283
f 5348/5337/5321 5355/5347/5331 5363/5356/5340
f 5070/5071/5055 5346/5348/5332 5345/5352/5336
f 5345/5352/5336 5347/5357/5341 5349/5339/5323
f 5363/5356/5340 5356/5343/5327 5348/5337/5321
f 5112/5092/5076 5352/5336/5320 5338/5338/5322
f 5304/5284/5268 5345/5352/5336 5339/5333/5317
f 5347/5357/5341 5345/5352/5336 5346/5348/5332
f 5339/5333/5317 5323/5313/5297 5344/5334/5318
f 5053/5070/5054 5346/5348/5332 5070/5071/5055
f 5339/5333/5317 5349/5339/5323 5319/5307/5291
f 5368/5358/5342 5373/5359/5343 5364/5354/5338
f 5353/5360/5344 5366/5353/5337 5374/5361/5345
f 5364/5354/5338 5353/5360/5344 5368/5358/5342
f 5315/5304/5288 5353/5360/5344 5364/5354/5338
f 5353/5360/5344 5374/5361/5345 5375/5362/5346
f 5364/5354/5338 5376/5363/5347 5371/5355/5339
f 5366/5353/5337 5372/5364/5348 5374/5361/5345
f 5094/5255/5239 5366/5353/5337 5353/5360/5344
f 5355/5347/5331 5312/5310/5294 5313/5303/5287
f 5379/5365/5349 5321/5308/5292 5315/5304/5288
f 5368/5358/5342 5353/5360/5344 5369/5366/5350
f 5351/5367/5351 5381/5368/5352 5377/5369/5353
f 5382/5370/5354 5119/5342/5326 5385/5371/5355
f 5361/5372/5356 5357/5344/5328 5363/5356/5340
f 5315/5304/5288 5313/5303/5287 5322/5311/5295
f 5338/5338/5322 5362/5351/5335 5054/5052/5036
f 5281/5254/5238 5282/5050/5034 5358/5345/5329
f 5352/5336/5320 5312/5310/5294 5355/5347/5331
f 5282/5050/5034 5362/5351/5335 5356/5343/5327
f 5358/5345/5329 5382/5370/5354 5383/5373/5357
f 5357/5344/5328 5356/5343/5327 5363/5356/5340
f 5054/5052/5036 5362/5351/5335 5282/5050/5034
f 5118/5096/5080 5134/5118/5102 5370/5374/5358
f 5324/5315/5299 5361/5372/5356 5365/5350/5334
f 5361/5372/5356 5359/5346/5330 5365/5350/5334
f 5375/5362/5346 5369/5366/5350 5353/5360/5344
f 5358/5345/5329 5384/5375/5359 5281/5254/5238
f 5315/5304/5288 5371/5355/5339 5379/5365/5349
f 5358/5345/5329 5367/5376/5360 5382/5370/5354
f 5350/5340/5324 5367/5376/5360 5351/5367/5351
f 5358/5345/5329 5282/5050/5034 5356/5343/5327
f 5384/5375/5359 5358/5345/5329 5383/5373/5357
f 5353/5360/5344 5322/5311/5295 5094/5255/5239
f 5095/5267/5251 5092/5270/5254 5075/5073/5057
f 5143/5187/5171 5385/5371/5355 5370/5374/5358
f 5175/5293/5277 5249/5218/5202 5109/5089/5073
f 5357/5344/5328 5361/5372/5356 5351/5367/5351
f 5175/5293/5277 5250/5259/5243 5055/5053/5037
f 5361/5372/5356 5378/5377/5361 5351/5367/5351
f 5123/5112/5096 5074/5076/5060 5073/5075/5059
f 5362/5351/5335 5348/5337/5321 5356/5343/5327
f 5207/5378/5362 5056/5054/5038 5081/5278/5262
f 5346/5348/5332 5360/5349/5333 5116/5097/5081
f 5367/5376/5360 5358/5345/5329 5357/5344/5328
f 5377/5369/5353 5346/5348/5332 5354/5341/5325
f 5377/5369/5353 5347/5357/5341 5346/5348/5332
f 5354/5341/5325 5116/5097/5081 5119/5342/5326
f 5118/5096/5080 5114/5094/5078 5134/5118/5102
f 5346/5348/5332 5116/5097/5081 5354/5341/5325
f 5118/5096/5080 5138/5123/5107 5114/5094/5078
f 5236/5206/5190 5235/5205/5189 5386/5379/5363
f 5315/5304/5288 5322/5311/5295 5353/5360/5344
f 5335/5380/5364 5159/5268/5252 5388/5381/5365
f 5351/5367/5351 5367/5376/5360 5357/5344/5328
f 5279/5289/5273 5159/5268/5252 5335/5380/5364
f 5388/5381/5365 5159/5268/5252 5158/5237/5221
f 5247/5216/5200 5249/5218/5202 5337/5328/5312
f 5318/5306/5290 5365/5350/5334 5313/5303/5287
f 5384/5375/5359 5383/5373/5357 5389/5382/5366
f 5247/5216/5200 5187/5143/5127 5249/5218/5202
f 5187/5143/5127 5183/5142/5126 5249/5218/5202
f 5187/5143/5127 5247/5216/5200 5154/5134/5118
f 5377/5369/5353 5350/5340/5324 5351/5367/5351
f 5119/5342/5326 5382/5370/5354 5367/5376/5360
f 5367/5376/5360 5350/5340/5324 5119/5342/5326
f 5389/5382/5366 5248/5217/5201 5384/5375/5359
f 5382/5370/5354 5389/5382/5366 5383/5373/5357
f 5337/5328/5312 5248/5217/5201 5247/5216/5200
f 5248/5217/5201 5143/5187/5171 5154/5134/5118
f 5326/5317/5301 5308/5295/5279 5262/5233/5217
f 5114/5094/5078 5113/5093/5077 5134/5118/5102
f 5309/5080/5064 5089/5079/5063 5084/5252/5236
f 5086/5383/5367 5239/5384/5368 5236/5206/5190
f 5274/5288/5272 5225/5189/5173 5392/5385/5369
f 5377/5369/5353 5354/5341/5325 5350/5340/5324
f 5341/5330/5314 5237/5207/5191 5238/5386/5370
f 5223/5387/5371 5079/5173/5157 5071/5072/5056
f 5079/5173/5157 5225/5189/5173 5124/5100/5084
f 5377/5369/5353 5381/5368/5352 5317/5302/5286
f 5094/5255/5239 5322/5311/5295 5283/5256/5240
f 5386/5379/5363 5085/5388/5372 5236/5206/5190
f 5119/5342/5326 5120/5099/5083 5385/5371/5355
f 5052/5068/5052 5090/5300/5284 5100/5082/5066
f 5119/5342/5326 5116/5097/5081 5120/5099/5083
f 5167/5129/5113 5138/5123/5107 5380/5389/5373
f 5387/5390/5374 5394/5391/5375 5395/5392/5376
f 5058/5172/5156 5254/5242/5226 5067/5174/5158
f 5098/5067/5051 5111/5106/5090 5090/5300/5284
f 5254/5242/5226 5131/5292/5276 5067/5174/5158
f 5387/5390/5374 5391/5393/5377 5397/5394/5378
f 5236/5206/5190 5239/5384/5368 5390/5395/5379
f 5121/5190/5174 5390/5395/5379 5239/5384/5368
f 5237/5207/5191 5236/5206/5190 5390/5395/5379
f 5387/5390/5374 5239/5384/5368 5086/5383/5367
f 5238/5386/5370 5223/5387/5371 5287/5262/5246
f 5117/5098/5082 5138/5123/5107 5118/5096/5080
f 5223/5387/5371 5237/5207/5191 5390/5395/5379
f 5395/5392/5376 5391/5393/5377 5387/5390/5374
f 5085/5388/5372 5394/5391/5375 5086/5383/5367
f 5223/5387/5371 5238/5386/5370 5237/5207/5191
f 5398/5396/5380 5393/5193/5177 5397/5394/5378
f 5387/5390/5374 5397/5394/5378 5393/5193/5177
f 5287/5262/5246 5223/5387/5371 5289/5265/5249
f 5396/5397/5381 5392/5385/5369 5393/5193/5177
f 5111/5106/5090 5059/5056/5040 5090/5300/5284
f 5387/5390/5374 5121/5190/5174 5239/5384/5368
f 5393/5193/5177 5398/5396/5380 5399/5398/5382
f 5380/5389/5373 5053/5070/5054 5167/5129/5113
f 5399/5398/5382 5398/5396/5380 5400/5399/5383
f 5143/5187/5171 5134/5118/5102 5144/5135/5119
f 5223/5387/5371 5121/5190/5174 5079/5173/5157
f 5061/5058/5042 5100/5082/5066 5090/5300/5284
f 5237/5207/5191 5340/5329/5313 5235/5205/5189
f 5075/5073/5057 5071/5072/5056 5080/5081/5065
f 5289/5265/5249 5223/5387/5371 5092/5270/5254
f 5144/5135/5119 5134/5118/5102 5145/5117/5101
f 5380/5389/5373 5138/5123/5107 5117/5098/5082
f 5223/5387/5371 5072/5074/5058 5092/5270/5254
f 5118/5096/5080 5370/5374/5358 5120/5099/5083
f 5085/5388/5372 5086/5383/5367 5236/5206/5190
f 5381/5368/5352 5378/5377/5361 5316/5301/5285
f 5381/5368/5352 5351/5367/5351 5378/5377/5361
f 5378/5377/5361 5361/5372/5356 5324/5315/5299
f 5316/5301/5285 5378/5377/5361 5324/5315/5299
f 5381/5368/5352 5316/5301/5285 5317/5302/5286
f 5385/5371/5355 5120/5099/5083 5370/5374/5358
f 5393/5193/5177 5401/5400/5384 5396/5397/5381
f 5341/5330/5314 5238/5386/5370 5287/5262/5246
f 5387/5390/5374 5393/5193/5177 5121/5190/5174
f 5225/5189/5173 5393/5193/5177 5392/5385/5369
f 5116/5097/5081 5380/5389/5373 5117/5098/5082
f 5401/5400/5384 5393/5193/5177 5399/5398/5382
f 5370/5374/5358 5134/5118/5102 5143/5187/5171
f 5116/5097/5081 5360/5349/5333 5380/5389/5373
f 5052/5068/5052 5087/5051/5035 5069/5066/5050
f 5360/5349/5333 5053/5070/5054 5380/5389/5373
f 5385/5371/5355 5389/5382/5366 5382/5370/5354
f 5385/5371/5355 5143/5187/5171 5389/5382/5366
f 5248/5217/5201 5389/5382/5366 5143/5187/5171
f 5281/5254/5238 5384/5375/5359 5337/5328/5312
f 5248/5217/5201 5337/5328/5312 5384/5375/5359
f 5355/5347/5331 5359/5346/5330 5361/5372/5356
f 5355/5347/5331 5361/5372/5356 5363/5356/5340
f 5291/5266/5250 5341/5330/5314 5287/5262/5246
f 5087/5051/5035 5073/5075/5059 5069/5066/5050
f 5087/5051/5035 5088/5110/5094 5123/5112/5096
f 5250/5259/5243 5175/5293/5277 5108/5088/5072
f 5175/5293/5277 5109/5089/5073 5108/5088/5072
f 5292/5324/5308 5218/5183/5167 5222/5228/5212
f 5075/5073/5057 5092/5270/5254 5072/5074/5058
f 5090/5300/5284 5059/5056/5040 5061/5058/5042
f 5347/5357/5341 5377/5369/5353 5317/5302/5286
f 5317/5302/5286 5349/5339/5323 5347/5357/5341
f 5135/5221/5205 5125/5101/5085 5155/5258/5242
f 5394/5391/5375 5387/5390/5374 5086/5383/5367
f 5084/5252/5236 5089/5079/5063 5074/5076/5060
f 5277/5251/5235 5249/5218/5202 5122/5111/5095
f 5074/5076/5060 5123/5112/5096 5242/5119/5103
f 5223/5387/5371 5390/5395/5379 5121/5190/5174
f 5309/5080/5064 5081/5278/5262 5075/5073/5057
f 5055/5053/5037 5057/5055/5039 5175/5293/5277
f 5052/5068/5052 5054/5052/5036 5087/5051/5035
f 5402/5401/5385 5179/5296/5280 5283/5256/5240
f 5242/5119/5103 5123/5112/5096 5301/5283/5267
f 5309/5080/5064 5207/5378/5362 5081/5278/5262
f 5223/5387/5371 5071/5072/5056 5072/5074/5058
f 5122/5111/5095 5249/5218/5202 5175/5293/5277
f 5402/5401/5385 5283/5256/5240 5082/5090/5074
f 5309/5080/5064 5084/5252/5236 5207/5378/5362
f 5207/5378/5362 5084/5252/5236 5056/5054/5038
f 5281/5254/5238 5088/5110/5094 5282/5050/5034
f 5242/5119/5103 5084/5252/5236 5074/5076/5060
f 5403/5402/5386 5078/5083/5067 5206/5403/5387
f 5175/5293/5277 5057/5055/5039 5301/5283/5267
f 5088/5110/5094 5087/5051/5035 5282/5050/5034
f 5081/5278/5262 5095/5267/5251 5075/5073/5057
f 5310/5323/5307 5111/5106/5090 5306/5291/5275
f 5337/5328/5312 5277/5251/5235 5281/5254/5238
f 5404/5404/5388 5078/5083/5067 5403/5402/5386
f 5078/5083/5067 5338/5338/5322 5100/5082/5066
f 5209/5335/5319 5338/5338/5322 5078/5083/5067
f 5338/5338/5322 5054/5052/5036 5100/5082/5066
f 5283/5256/5240 5336/5091/5075 5082/5090/5074
f 5082/5090/5074 5078/5083/5067 5404/5404/5388
f 5087/5051/5035 5123/5112/5096 5073/5075/5059
f 5193/5149/5133 5206/5403/5387 5078/5083/5067
f 5301/5283/5267 5057/5055/5039 5242/5119/5103
f 5404/5404/5388 5402/5401/5385 5082/5090/5074
f 5209/5335/5319 5078/5083/5067 5082/5090/5074
f 5405/5405/5389 5406/5406/5390 5407/5407/5391
f 5410/5408/5392 5411/5409/5393 5412/5410/5394
f 5414/5411/5395 5415/5412/5396 5416/5413/5397
f 5418/5414/5398 5409/5415/5399 5417/5416/5400
f 5443/5417/5401 5417/5416/5400 5409/5415/5399
f 5419/5418/5402 5420/5419/5403 5421/5420/5404
f 5415/5412/5396 5414/5411/5395 5425/5421/5405
f 5410/5408/5392 5412/5410/5394 5407/5407/5391
f 5416/5413/5397 5411/5409/5393 5410/5408/5392
f 5415/5412/5396 5434/5422/5406 5430/5423/5407
f 5435/5424/5408 5436/5425/5409 5517/5426/5410
f 5438/5427/5411 5439/5428/5412 5440/5429/5413
f 5427/5430/5414 5444/5431/5415 5445/5432/5416
f 5447/5433/5417 5425/5421/5405 5414/5411/5395
f 5456/5434/5418 5429/5435/5419 5430/5423/5407
f 5457/5436/5420 5458/5437/5421 5459/5438/5422
f 5460/5439/5423 5461/5440/5424 5462/5441/5425
f 5416/5413/5397 5430/5423/5407 5429/5435/5419
f 5414/5411/5395 5418/5414/5398 5447/5433/5417
f 5417/5416/5400 5443/5417/5401 5413/5442/5426
f 5460/5439/5423 5463/5443/5427 5461/5440/5424
f 5467/5444/5428 5463/5443/5427 5460/5439/5423
f 5439/5428/5412 5438/5427/5411 5470/5445/5429
f 5681/5446/5430 5430/5423/5407 5464/5447/5431
f 5461/5440/5424 5468/5448/5432 5462/5441/5425
f 5445/5432/5416 5444/5431/5415 5471/5449/5433
f 5430/5423/5407 5434/5422/5406 5464/5447/5431
f 5472/5450/5434 5483/5451/5435 5473/5452/5436
f 5437/5453/5437 5434/5422/5406 5415/5412/5396
f 5421/5420/5404 5428/5454/5438 5427/5430/5414
f 5409/5415/5399 5407/5407/5391 5408/5455/5439
f 5406/5406/5390 5481/5456/5440 5482/5457/5441
f 5488/5458/5442 5489/5459/5443 5490/5460/5444
f 5485/5461/5445 5492/5462/5446 5493/5463/5447
f 5473/5452/5436 5483/5451/5435 5408/5455/5439
f 5496/5464/5448 5497/5465/5449 5498/5466/5450
f 5408/5455/5439 5482/5457/5441 5473/5452/5436
f 5500/5467/5451 5451/5468/5452 5501/5469/5453
f 5451/5468/5452 5500/5467/5451 5502/5470/5454
f 5934/5471/5455 5443/5417/5401 5408/5455/5439
f 5408/5455/5439 5443/5417/5401 5409/5415/5399
f 5452/5472/5456 5491/5473/5457 5438/5427/5411
f 5438/5427/5411 5509/5474/5458 5470/5445/5429
f 5510/5475/5459 5511/5476/5460 5450/5477/5461
f 5514/5478/5462 5515/5479/5463 5488/5458/5442
f 5509/5474/5458 5438/5427/5411 5491/5473/5457
f 5514/5478/5462 5488/5458/5442 5518/5480/5464
f 5522/5481/5465 5495/5482/5466 5413/5442/5426
f 5514/5478/5462 5523/5483/5467 5524/5484/5468
f 5526/5485/5469 5487/5486/5470 5527/5487/5471
f 5516/5488/5472 5575/5489/5473 5529/5490/5474
f 5523/5483/5467 5514/5478/5462 5518/5480/5464
f 5532/5491/5475 5533/5492/5476 5534/5493/5477
f 5446/5494/5478 5470/5445/5429 5509/5474/5458
f 5478/5495/5479 5427/5430/5414 5477/5496/5480
f 5491/5473/5457 5520/5497/5481 5422/5498/5482
f 5506/5499/5483 5539/5500/5484 5538/5501/5485
f 5509/5474/5458 5424/5502/5486 5446/5494/5478
f 5543/5503/5487 5450/5477/5461 5511/5476/5460
f 5474/5504/5488 5544/5505/5489 5542/5506/5490
f 5547/5507/5491 5419/5418/5402 5548/5508/5492
f 5491/5473/5457 5422/5498/5482 5509/5474/5458
f 5702/5509/5493 5553/5510/5494 5526/5485/5469
f 5555/5511/5495 5556/5512/5496 5557/5513/5497
f 5528/5514/5498 5559/5515/5499 5550/5516/5500
f 5509/5474/5458 5422/5498/5482 5525/5517/5501
f 5432/5518/5502 5433/5519/5503 5560/5520/5504
f 5421/5420/5404 5427/5430/5414 5445/5432/5416
f 5477/5496/5480 5427/5430/5414 5552/5521/5505
f 5431/5522/5506 5561/5523/5507 5457/5436/5420
f 5562/5524/5508 5563/5525/5509 5832/5526/5510
f 5564/5527/5511 5465/5528/5512 5565/5529/5513
f 5567/5530/5514 5568/5531/5515 5569/5532/5516
f 5424/5502/5486 5571/5533/5517 5570/5534/5518
f 5527/5487/5471 5487/5486/5470 5574/5535/5519
f 5548/5508/5492 5512/5536/5520 5566/5537/5521
f 5525/5517/5501 5422/5498/5482 5423/5538/5522
f 5920/5539/5523 5554/5540/5524 5446/5494/5478
f 5419/5418/5402 5547/5507/5491 5420/5419/5403
f 5577/5541/5525 5578/5542/5526 5579/5543/5527
f 5546/5544/5528 5580/5545/5529 5581/5546/5530
f 5582/5547/5531 5487/5486/5470 5521/5548/5532
f 5584/5549/5533 5585/5550/5534 5533/5492/5476
f 5586/5551/5535 5587/5552/5536 5588/5553/5537
f 5453/5554/5538 5478/5495/5479 5485/5461/5445
f 5485/5461/5445 5493/5463/5447 5486/5555/5539
f 5590/5556/5540 5448/5557/5541 5591/5558/5542
f 5461/5440/5424 5611/5559/5543 5592/5560/5544
f 5593/5561/5545 5583/5562/5546 5594/5563/5547
f 5488/5458/5442 5490/5460/5444 5518/5480/5464
f 5596/5564/5548 5579/5543/5527 5597/5565/5549
f 5577/5541/5525 5598/5566/5550 5599/5567/5551
f 5540/5568/5552 5601/5569/5553 5602/5570/5554
f 5502/5470/5454 5603/5571/5555 5451/5468/5452
f 5525/5517/5501 5423/5538/5522 5519/5572/5556
f 5606/5573/5557 5604/5574/5558 5603/5571/5555
f 5609/5575/5559 5519/5572/5556 5423/5538/5522
f 5771/5576/5560 5931/5577/5561 5838/5578/5562
f 5603/5571/5555 5499/5579/5563 5451/5468/5452
f 5541/5580/5564 5429/5435/5419 5540/5568/5552
f 5586/5551/5535 5610/5581/5565 5587/5552/5536
f 5611/5559/5543 5612/5582/5566 5613/5583/5567
f 5609/5575/5559 5551/5584/5568 5519/5572/5556
f 5789/5585/5569 5525/5517/5501 5519/5572/5556
f 5614/5586/5570 5541/5580/5564 5540/5568/5552
f 5571/5533/5517 5424/5502/5486 5542/5506/5490
f 5567/5530/5514 5605/5587/5571 5615/5588/5572
f 5567/5530/5514 5615/5588/5572 5616/5589/5573
f 5605/5587/5571 5567/5530/5514 5569/5532/5516
f 5513/5590/5574 5484/5591/5575 5442/5592/5576
f 5590/5556/5540 5531/5593/5577 5617/5594/5578
f 5506/5499/5483 5618/5595/5579 5507/5596/5580
f 5583/5562/5546 5546/5544/5528 5436/5425/5409
f 5515/5479/5463 5591/5558/5542 5488/5458/5442
f 5448/5557/5541 5590/5556/5540 5621/5597/5581
f 5544/5505/5489 5620/5598/5582 5571/5533/5517
f 5622/5599/5583 5621/5597/5581 5623/5600/5584
f 5488/5458/5442 5449/5601/5585 5489/5459/5443
f 5448/5557/5541 5621/5597/5581 5449/5601/5585
f 5634/5602/5586 5635/5603/5587 5501/5469/5453
f 5568/5531/5515 5567/5530/5514 5619/5604/5588
f 5637/5605/5589 5638/5606/5590 5630/5607/5591
f 5640/5608/5592 5627/5609/5593 5641/5610/5594
f 5643/5611/5595 5496/5464/5448 5498/5466/5450
f 5476/5612/5596 5429/5435/5419 5644/5613/5597
f 5631/5614/5598 5625/5615/5599 5645/5616/5600
f 5456/5434/5418 5647/5617/5601 5429/5435/5419
f 5616/5589/5573 5619/5604/5588 5567/5530/5514
f 5429/5435/5419 5541/5580/5564 5650/5618/5602
f 5635/5603/5587 5626/5619/5603 5497/5465/5449
f 5645/5616/5600 5625/5615/5599 5639/5620/5604
f 5633/5621/5605 5631/5614/5598 5653/5622/5606
f 5425/5421/5405 5639/5620/5604 5625/5615/5599
f 5437/5453/5437 5425/5421/5405 5625/5615/5599
f 5655/5623/5607 5607/5624/5608 5632/5625/5609
f 5655/5623/5607 5632/5625/5609 5653/5622/5606
f 5425/5421/5405 5656/5626/5610 5639/5620/5604
f 5540/5568/5552 5429/5435/5419 5647/5617/5601
f 5619/5604/5588 5616/5589/5573 5658/5627/5611
f 5504/5628/5612 5659/5629/5613 5629/5630/5614
f 5657/5631/5615 5494/5632/5616 5645/5616/5600
f 5661/5633/5617 5662/5634/5618 5663/5635/5619
f 5613/5583/5567 5612/5582/5566 5584/5549/5533
f 5663/5635/5619 5665/5636/5620 5661/5633/5617
f 5654/5637/5621 5664/5638/5622 5661/5633/5617
f 5661/5633/5617 5665/5636/5620 5654/5637/5621
f 5654/5637/5621 5665/5636/5620 5658/5627/5611
f 5761/5639/5623 5666/5640/5624 5874/5641/5625
f 5667/5642/5626 5651/5643/5627 5553/5510/5494
f 5437/5453/5437 5636/5644/5628 5434/5422/5406
f 5668/5645/5629 5669/5646/5630 5666/5640/5624
f 5662/5634/5618 5670/5647/5631 5671/5648/5632
f 5415/5412/5396 5425/5421/5405 5437/5453/5437
f 5672/5649/5633 5662/5634/5618 5661/5633/5617
f 5668/5645/5629 5662/5634/5618 5672/5649/5633
f 5497/5465/5449 5501/5469/5453 5635/5603/5587
f 5671/5648/5632 5663/5635/5619 5662/5634/5618
f 5673/5650/5634 5674/5651/5635 5675/5652/5636
f 5616/5589/5573 5654/5637/5621 5658/5627/5611
f 5678/5653/5637 5679/5654/5638 5680/5655/5639
f 5661/5633/5617 5664/5638/5622 5672/5649/5633
f 5681/5446/5430 5660/5656/5640 5640/5608/5592
f 5674/5651/5635 5683/5657/5641 5684/5658/5642
f 5657/5631/5615 5645/5616/5600 5639/5620/5604
f 5680/5655/5639 5685/5659/5643 5678/5653/5637
f 5641/5610/5594 5681/5446/5430 5640/5608/5592
f 5654/5637/5621 5616/5589/5573 5664/5638/5622
f 5496/5464/5448 5643/5611/5595 5568/5531/5515
f 5444/5431/5415 5478/5495/5479 5453/5554/5538
f 5625/5615/5599 5631/5614/5598 5636/5644/5628
f 5640/5608/5592 5498/5466/5450 5642/5660/5644
f 5687/5661/5645 5657/5631/5615 5639/5620/5604
f 5682/5662/5646 5653/5622/5606 5631/5614/5598
f 5662/5634/5618 5668/5645/5629 5670/5647/5631
f 5667/5642/5626 5624/5663/5647 5652/5664/5648
f 5667/5642/5626 5652/5664/5648 5651/5643/5627
f 5628/5665/5649 5633/5621/5605 5632/5625/5609
f 5636/5644/5628 5631/5614/5598 5633/5621/5605
f 5568/5531/5515 5643/5611/5595 5569/5532/5516
f 5633/5621/5605 5653/5622/5606 5632/5625/5609
f 5689/5666/5650 5645/5616/5600 5494/5632/5616
f 5429/5435/5419 5650/5618/5602 5644/5613/5597
f 5692/5667/5651 5639/5620/5604 5656/5626/5610
f 5531/5593/5577 5591/5558/5542 5515/5479/5463
f 5631/5614/5598 5630/5607/5591 5682/5662/5646
f 5642/5660/5644 5498/5466/5450 5497/5465/5449
f 5761/5639/5623 5695/5668/5652 5666/5640/5624
f 5696/5669/5653 5694/5670/5654 5698/5671/5655
f 5633/5621/5605 5628/5665/5649 5636/5644/5628
f 5681/5446/5430 5641/5610/5594 5647/5617/5601
f 5598/5566/5550 5579/5543/5527 5701/5672/5656
f 5511/5476/5460 5510/5475/5459 5684/5658/5642
f 5699/5673/5657 5545/5674/5658 5546/5544/5528
f 5628/5665/5649 5605/5587/5571 5434/5422/5406
f 5625/5615/5599 5636/5644/5628 5437/5453/5437
f 5579/5543/5527 5598/5566/5550 5577/5541/5525
f 5685/5659/5643 5676/5675/5659 5677/5676/5660
f 5452/5472/5456 5520/5497/5481 5491/5473/5457
f 5700/5677/5661 5711/5678/5662 5699/5673/5657
f 5712/5679/5663 5432/5518/5502 5431/5522/5506
f 5645/5616/5600 5630/5607/5591 5631/5614/5598
f 5713/5680/5664 5702/5509/5493 5527/5487/5471
f 5423/5538/5522 5422/5498/5482 5609/5575/5559
f 5707/5681/5665 5708/5682/5666 5714/5683/5667
f 5712/5679/5663 5431/5522/5506 5708/5682/5666
f 5682/5662/5646 5630/5607/5591 5649/5684/5668
f 5719/5685/5669 5582/5547/5531 5521/5548/5532
f 5569/5532/5516 5660/5656/5640 5434/5422/5406
f 5686/5686/5670 5677/5676/5660 5720/5687/5671
f 5722/5688/5672 5686/5686/5670 5723/5689/5673
f 5723/5689/5673 5651/5643/5627 5722/5688/5672
f 5719/5685/5669 5725/5690/5674 5582/5547/5531
f 5708/5682/5666 5724/5691/5675 5712/5679/5663
f 5646/5692/5676 5634/5602/5586 5688/5693/5677
f 5720/5687/5671 5719/5685/5669 5686/5686/5670
f 5729/5694/5678 5705/5695/5679 5704/5696/5680
f 5725/5690/5674 5719/5685/5669 5720/5687/5671
f 5521/5548/5532 5723/5689/5673 5719/5685/5669
f 5452/5472/5456 5432/5518/5502 5716/5697/5681
f 5685/5659/5643 5677/5676/5660 5678/5653/5637
f 5730/5698/5682 5745/5699/5683 5707/5681/5665
f 5434/5422/5406 5605/5587/5571 5569/5532/5516
f 5723/5689/5673 5686/5686/5670 5719/5685/5669
f 5621/5597/5581 5622/5599/5583 5449/5601/5585
f 5624/5663/5647 5647/5617/5601 5641/5610/5594
f 5716/5697/5681 5715/5700/5684 5452/5472/5456
f 5736/5701/5685 5737/5702/5686 5726/5703/5687
f 5731/5704/5688 5738/5705/5689 5732/5706/5690
f 5739/5707/5691 5726/5703/5687 5730/5698/5682
f 5434/5422/5406 5660/5656/5640 5464/5447/5431
f 5558/5708/5692 5585/5550/5534 5503/5709/5693
f 5628/5665/5649 5632/5625/5609 5605/5587/5571
f 5715/5700/5684 5710/5710/5694 5452/5472/5456
f 5653/5622/5606 5682/5662/5646 5697/5711/5695
f 5742/5712/5696 5421/5420/5404 5420/5419/5403
f 5640/5608/5592 5660/5656/5640 5498/5466/5450
f 5724/5691/5675 5708/5682/5666 5707/5681/5665
f 5550/5516/5500 5549/5713/5697 5743/5714/5698
f 5722/5688/5672 5651/5643/5627 5652/5664/5648
f 5715/5700/5684 5716/5697/5681 5724/5691/5675
f 5630/5607/5591 5638/5606/5590 5649/5684/5668
f 5411/5409/5393 5429/5435/5419 5476/5612/5596
f 5727/5715/5699 5714/5683/5667 5706/5716/5700
f 5459/5438/5422 5706/5716/5700 5708/5682/5666
f 5649/5684/5668 5698/5671/5655 5697/5711/5695
f 5535/5717/5701 5558/5708/5692 5507/5596/5580
f 5637/5605/5589 5645/5616/5600 5691/5718/5702
f 5645/5616/5600 5689/5666/5650 5691/5718/5702
f 5452/5472/5456 5422/5498/5482 5520/5497/5481
f 5636/5644/5628 5628/5665/5649 5434/5422/5406
f 5626/5619/5603 5642/5660/5644 5497/5465/5449
f 5681/5446/5430 5464/5447/5431 5660/5656/5640
f 5748/5719/5703 5543/5503/5487 5679/5654/5638
f 5422/5498/5482 5710/5710/5694 5609/5575/5559
f 5660/5656/5640 5569/5532/5516 5643/5611/5595
f 5682/5662/5646 5649/5684/5668 5697/5711/5695
f 5647/5617/5601 5456/5434/5418 5681/5446/5430
f 5749/5720/5704 5750/5721/5705 5714/5683/5667
f 5642/5660/5644 5627/5609/5593 5640/5608/5592
f 5611/5559/5543 5461/5440/5424 5463/5443/5427
f 5699/5673/5657 5573/5722/5706 5545/5674/5658
f 5645/5616/5600 5637/5605/5589 5630/5607/5591
f 5717/5723/5707 5754/5724/5708 5740/5725/5709
f 5751/5726/5710 5652/5664/5648 5624/5663/5647
f 5498/5466/5450 5660/5656/5640 5643/5611/5595
f 5687/5661/5645 5639/5620/5604 5692/5667/5651
f 5579/5543/5527 5700/5677/5661 5699/5673/5657
f 5538/5501/5485 5618/5595/5579 5506/5499/5483
f 5730/5698/5682 5714/5683/5667 5739/5707/5691
f 5745/5699/5683 5715/5700/5684 5724/5691/5675
f 5756/5727/5711 5757/5728/5712 5758/5729/5713
f 5723/5689/5673 5526/5485/5469 5651/5643/5627
f 5750/5721/5705 5739/5707/5691 5714/5683/5667
f 5626/5619/5603 5627/5609/5593 5642/5660/5644
f 5748/5719/5703 5679/5654/5638 5678/5653/5637
f 5764/5730/5714 5757/5728/5712 5765/5731/5715
f 5677/5676/5660 5686/5686/5670 5678/5653/5637
f 5712/5679/5663 5716/5697/5681 5432/5518/5502
f 5626/5619/5603 5734/5732/5716 5627/5609/5593
f 5627/5609/5593 5624/5663/5647 5641/5610/5594
f 5653/5622/5606 5697/5711/5695 5655/5623/5607
f 5734/5732/5716 5626/5619/5603 5635/5603/5587
f 5627/5609/5593 5752/5733/5717 5648/5734/5718
f 5752/5733/5717 5627/5609/5593 5734/5732/5716
f 5627/5609/5593 5648/5734/5718 5624/5663/5647
f 5724/5691/5675 5707/5681/5665 5745/5699/5683
f 5531/5593/5577 5576/5735/5719 5770/5736/5720
f 5497/5465/5449 5721/5737/5721 5501/5469/5453
f 5698/5671/5655 5649/5684/5668 5638/5606/5590
f 5695/5668/5652 5761/5639/5623 5764/5730/5714
f 5668/5645/5629 5695/5668/5652 5765/5731/5715
f 5488/5458/5442 5591/5558/5542 5448/5557/5541
f 5734/5732/5716 5635/5603/5587 5634/5602/5586
f 5648/5734/5718 5752/5733/5717 5751/5726/5710
f 5772/5738/5722 5757/5728/5712 5764/5730/5714
f 5634/5602/5586 5501/5469/5453 5688/5693/5677
f 5774/5739/5723 5762/5740/5724 5775/5741/5725
f 5624/5663/5647 5648/5734/5718 5751/5726/5710
f 5624/5663/5647 5667/5642/5626 5647/5617/5601
f 5734/5732/5716 5634/5602/5586 5752/5733/5717
f 5647/5617/5601 5667/5642/5626 5540/5568/5552
f 5531/5593/5577 5776/5742/5726 5530/5743/5727
f 5761/5639/5623 5760/5744/5728 5764/5730/5714
f 5747/5745/5729 5851/5746/5730 5612/5582/5566
f 5769/5747/5731 5777/5748/5732 5762/5740/5724
f 5851/5746/5730 5584/5549/5533 5612/5582/5566
f 5646/5692/5676 5752/5733/5717 5634/5602/5586
f 5646/5692/5676 5751/5726/5710 5752/5733/5717
f 5778/5749/5733 5779/5750/5734 5780/5751/5735
f 5772/5738/5722 5760/5744/5728 5781/5752/5736
f 5778/5749/5733 5782/5753/5737 5783/5754/5738
f 5782/5753/5737 5784/5755/5739 5785/5756/5740
f 5784/5755/5739 5782/5753/5737 5786/5757/5741
f 5716/5697/5681 5712/5679/5663 5724/5691/5675
f 5652/5664/5648 5751/5726/5710 5722/5688/5672
f 5726/5703/5687 5739/5707/5691 5736/5701/5685
f 5766/5758/5742 5765/5731/5715 5757/5728/5712
f 5651/5643/5627 5526/5485/5469 5553/5510/5494
f 5775/5741/5725 5773/5759/5743 5774/5739/5723
f 5526/5485/5469 5723/5689/5673 5521/5548/5532
f 5494/5632/5616 5767/5760/5744 5689/5666/5650
f 5781/5752/5736 5758/5729/5713 5772/5738/5722
f 5487/5486/5470 5526/5485/5469 5521/5548/5532
f 5789/5585/5569 5790/5761/5745 5825/5762/5746
f 5809/5763/5747 5791/5764/5748 5792/5765/5749
f 5793/5766/5750 5794/5767/5751 5795/5768/5752
f 5566/5537/5521 5937/5769/5753 5572/5770/5754
f 5772/5738/5722 5758/5729/5713 5757/5728/5712
f 5710/5710/5694 5551/5584/5568 5609/5575/5559
f 5796/5771/5755 5797/5772/5756 5793/5766/5750
f 5800/5773/5757 5789/5585/5569 5519/5572/5556
f 5757/5728/5712 5756/5727/5711 5766/5758/5742
f 5657/5631/5615 5804/5774/5758 5805/5775/5759
f 5801/5776/5760 5799/5777/5761 5709/5778/5762
f 5547/5507/5491 5572/5770/5754 5808/5779/5763
f 5787/5780/5764 5689/5666/5650 5801/5776/5760
f 5811/5781/5765 5789/5585/5569 5812/5782/5766
f 5689/5666/5650 5799/5777/5761 5801/5776/5760
f 5689/5666/5650 5767/5760/5744 5799/5777/5761
f 5553/5510/5494 5601/5569/5553 5540/5568/5552
f 5815/5783/5767 5572/5770/5754 5807/5784/5768
f 5709/5778/5762 5799/5777/5761 5551/5584/5568
f 5792/5765/5749 5841/5785/5769 5801/5776/5760
f 5811/5781/5765 5804/5774/5758 5802/5786/5770
f 5787/5780/5764 5801/5776/5760 5817/5787/5771
f 5869/5788/5772 5818/5789/5773 5704/5696/5680
f 5821/5790/5774 5822/5791/5775 5726/5703/5687
f 5457/5436/5420 5459/5438/5422 5431/5522/5506
f 5794/5767/5751 5836/5792/5776 5795/5768/5752
f 5493/5463/5447 5617/5594/5578 5530/5743/5727
f 5741/5793/5777 5607/5624/5608 5735/5794/5778
f 5767/5760/5744 5788/5795/5779 5799/5777/5761
f 5831/5796/5780 5539/5500/5484 5803/5797/5781
f 5831/5796/5780 5803/5797/5781 5587/5552/5536
f 5709/5778/5762 5551/5584/5568 5710/5710/5694
f 5824/5798/5782 5796/5771/5755 5795/5768/5752
f 5792/5765/5749 5801/5776/5760 5809/5763/5747
f 5926/5799/5783 5512/5536/5520 5835/5800/5784
f 5824/5798/5782 5836/5792/5776 5806/5801/5785
f 5526/5485/5469 5527/5487/5471 5702/5509/5493
f 5838/5578/5562 5513/5590/5574 5839/5802/5786
f 5743/5714/5698 5549/5713/5697 5435/5424/5408
f 5828/5803/5787 5731/5704/5688 5814/5804/5788
f 5839/5802/5786 5455/5805/5789 5832/5526/5510
f 5566/5537/5521 5926/5799/5783 5840/5806/5790
f 5421/5420/5404 5445/5432/5416 5419/5418/5402
f 5826/5807/5791 5495/5482/5466 5810/5808/5792
f 5494/5632/5616 5805/5775/5759 5767/5760/5744
f 5795/5768/5752 5836/5792/5776 5824/5798/5782
f 5788/5795/5779 5767/5760/5744 5800/5773/5757
f 5702/5509/5493 5601/5569/5553 5553/5510/5494
f 5810/5808/5792 5620/5598/5582 5544/5505/5489
f 5800/5773/5757 5519/5572/5556 5788/5795/5779
f 5638/5606/5590 5753/5809/5793 5698/5671/5655
f 5766/5758/5742 5670/5647/5631 5765/5731/5715
f 5756/5727/5711 5784/5755/5739 5766/5758/5742
f 5745/5699/5683 5730/5698/5682 5759/5810/5794
f 5805/5775/5759 5804/5774/5758 5767/5760/5744
f 5829/5811/5795 5584/5549/5533 5738/5705/5689
f 5767/5760/5744 5812/5782/5766 5800/5773/5757
f 5842/5812/5796 5843/5813/5797 5844/5814/5798
f 5926/5799/5783 5566/5537/5521 5512/5536/5520
f 5806/5801/5785 5753/5809/5793 5847/5815/5799
f 5846/5816/5800 5781/5752/5736 5845/5817/5801
f 5539/5500/5484 5816/5818/5802 5803/5797/5781
f 5753/5809/5793 5638/5606/5590 5847/5815/5799
f 5813/5819/5803 5691/5718/5702 5787/5780/5764
f 5484/5591/5575 5453/5554/5538 5575/5489/5473
f 5668/5645/5629 5765/5731/5715 5670/5647/5631
f 5789/5585/5569 5800/5773/5757 5812/5782/5766
f 5846/5816/5800 5845/5817/5801 5768/5820/5804
f 5851/5746/5730 5746/5821/5805 5738/5705/5689
f 5767/5760/5744 5804/5774/5758 5812/5782/5766
f 5471/5449/5433 5475/5822/5806 5872/5823/5807
f 5841/5785/5769 5794/5767/5751 5817/5787/5771
f 5845/5817/5801 5781/5752/5736 5760/5744/5728
f 5474/5504/5488 5819/5824/5808 5810/5808/5792
f 5710/5710/5694 5715/5700/5684 5709/5778/5762
f 5806/5801/5785 5729/5694/5678 5753/5809/5793
f 5852/5825/5809 5758/5729/5713 5781/5752/5736
f 5809/5763/5747 5709/5778/5762 5715/5700/5684
f 5812/5782/5766 5804/5774/5758 5811/5781/5765
f 5485/5461/5445 5486/5555/5539 5575/5489/5473
f 5791/5764/5748 5841/5785/5769 5792/5765/5749
f 5797/5772/5756 5796/5771/5755 5813/5819/5803
f 5745/5699/5683 5809/5763/5747 5715/5700/5684
f 5797/5772/5756 5787/5780/5764 5793/5766/5750
f 5602/5570/5554 5614/5586/5570 5540/5568/5552
f 5817/5787/5771 5794/5767/5751 5793/5766/5750
f 5852/5825/5809 5850/5826/5810 5758/5729/5713
f 5744/5827/5811 5791/5764/5748 5809/5763/5747
f 5528/5514/5498 5853/5828/5812 5559/5515/5499
f 5781/5752/5736 5846/5816/5800 5852/5825/5809
f 5460/5439/5423 5848/5829/5813 5844/5814/5798
f 5859/5830/5814 5811/5781/5765 5798/5831/5815
f 5746/5821/5805 5696/5669/5653 5837/5832/5816
f 5856/5833/5817 5428/5454/5438 5860/5834/5818
f 5791/5764/5748 5744/5827/5811 5759/5810/5794
f 5871/5835/5819 5863/5836/5820 5820/5837/5821
f 5804/5774/5758 5657/5631/5615 5802/5786/5770
f 5846/5816/5800 5857/5838/5822 5852/5825/5809
f 5729/5694/5678 5864/5839/5823 5705/5695/5679
f 5790/5761/5745 5789/5585/5569 5811/5781/5765
f 5509/5474/5458 5525/5517/5501 5789/5585/5569
f 5857/5838/5822 5850/5826/5810 5852/5825/5809
f 5540/5568/5552 5667/5642/5626 5553/5510/5494
f 5551/5584/5568 5799/5777/5761 5788/5795/5779
f 5849/5840/5824 5841/5785/5769 5791/5764/5748
f 5537/5841/5825 5856/5833/5817 5861/5842/5826
f 5729/5694/5678 5704/5696/5680 5818/5789/5773
f 5760/5744/5728 5761/5639/5623 5763/5843/5827
f 5842/5812/5796 5844/5814/5798 5848/5829/5813
f 5691/5718/5702 5813/5819/5803 5847/5815/5799
f 5474/5504/5488 5509/5474/5458 5789/5585/5569
f 5738/5705/5689 5731/5704/5688 5829/5811/5795
f 5787/5780/5764 5817/5787/5771 5793/5766/5750
f 5813/5819/5803 5796/5771/5755 5824/5798/5782
f 5818/5789/5773 5753/5809/5793 5729/5694/5678
f 5798/5831/5815 5692/5667/5651 5495/5482/5466
f 5462/5441/5425 5848/5829/5813 5460/5439/5423
f 5755/5844/5828 5867/5845/5829 5740/5725/5709
f 5844/5814/5798 5857/5838/5822 5846/5816/5800
f 5824/5798/5782 5806/5801/5785 5813/5819/5803
f 5827/5846/5830 5868/5847/5831 5820/5837/5821
f 5802/5786/5770 5798/5831/5815 5811/5781/5765
f 5856/5833/5817 5853/5828/5812 5861/5842/5826
f 5797/5772/5756 5813/5819/5803 5787/5780/5764
f 5819/5824/5808 5789/5585/5569 5825/5762/5746
f 5764/5730/5714 5765/5731/5715 5695/5668/5652
f 5666/5640/5624 5695/5668/5652 5668/5645/5629
f 5847/5815/5799 5637/5605/5589 5691/5718/5702
f 5731/5704/5688 5828/5803/5787 5829/5811/5795
f 5867/5845/5829 5870/5848/5832 5871/5835/5819
f 5809/5763/5747 5801/5776/5760 5709/5778/5762
f 5844/5814/5798 5846/5816/5800 5460/5439/5423
f 5537/5841/5825 5428/5454/5438 5856/5833/5817
f 5825/5762/5746 5790/5761/5745 5859/5830/5814
f 5860/5834/5818 5428/5454/5438 5421/5420/5404
f 5803/5797/5781 5588/5553/5537 5587/5552/5536
f 5845/5817/5801 5760/5744/5728 5768/5820/5804
f 5847/5815/5799 5813/5819/5803 5806/5801/5785
f 5829/5811/5795 5504/5628/5612 5584/5549/5533
f 5729/5694/5678 5836/5792/5776 5864/5839/5823
f 5865/5849/5833 5829/5811/5795 5828/5803/5787
f 5460/5439/5423 5846/5816/5800 5768/5820/5804
f 5853/5828/5812 5528/5514/5498 5861/5842/5826
f 5768/5820/5804 5467/5444/5428 5460/5439/5423
f 5806/5801/5785 5836/5792/5776 5729/5694/5678
f 5857/5838/5822 5844/5814/5798 5873/5850/5834
f 5495/5482/5466 5620/5598/5582 5810/5808/5792
f 5474/5504/5488 5789/5585/5569 5819/5824/5808
f 5763/5843/5827 5761/5639/5623 5874/5641/5625
f 5802/5786/5770 5687/5661/5645 5798/5831/5815
f 5859/5830/5814 5790/5761/5745 5811/5781/5765
f 5851/5746/5730 5893/5851/5835 5855/5852/5836
f 5825/5762/5746 5826/5807/5791 5819/5824/5808
f 5669/5646/5630 5854/5853/5837 5874/5641/5625
f 5744/5827/5811 5809/5763/5747 5745/5699/5683
f 5468/5448/5432 5848/5829/5813 5462/5441/5425
f 5579/5543/5527 5699/5673/5657 5546/5544/5528
f 5826/5807/5791 5810/5808/5792 5819/5824/5808
f 5859/5830/5814 5826/5807/5791 5825/5762/5746
f 5516/5488/5472 5441/5854/5838 5575/5489/5473
f 5762/5740/5724 5763/5843/5827 5769/5747/5731
f 5463/5443/5427 5467/5444/5428 5774/5739/5723
f 5858/5855/5839 5875/5856/5840 5659/5629/5613
f 5570/5534/5518 5589/5857/5841 5424/5502/5486
f 5798/5831/5815 5826/5807/5791 5859/5830/5814
f 5826/5807/5791 5798/5831/5815 5495/5482/5466
f 5876/5858/5842 5705/5695/5679 5864/5839/5823
f 5791/5764/5748 5759/5810/5794 5849/5840/5824
f 5787/5780/5764 5691/5718/5702 5689/5666/5650
f 5743/5714/5698 5528/5514/5498 5550/5516/5500
f 5474/5504/5488 5810/5808/5792 5544/5505/5489
f 5878/5859/5843 5466/5860/5844 5441/5854/5838
f 5858/5855/5839 5504/5628/5612 5829/5811/5795
f 5731/5704/5688 5823/5861/5845 5814/5804/5788
f 5608/5862/5846 5935/5863/5847 5936/5864/5848
f 5869/5788/5772 5837/5832/5816 5818/5789/5773
f 5578/5542/5526 5552/5521/5505 5711/5678/5662
f 5703/5865/5849 5836/5792/5776 5794/5767/5751
f 5552/5521/5505 5578/5542/5526 5505/5866/5850
f 5657/5631/5615 5687/5661/5645 5802/5786/5770
f 5579/5543/5527 5578/5542/5526 5700/5677/5661
f 5746/5821/5805 5837/5832/5816 5732/5706/5690
f 5823/5861/5845 5732/5706/5690 5837/5832/5816
f 5700/5677/5661 5578/5542/5526 5711/5678/5662
f 5516/5488/5472 5529/5490/5474 5879/5867/5851
f 5854/5853/5837 5866/5868/5852 5874/5641/5625
f 5830/5869/5853 5823/5861/5845 5837/5832/5816
f 5823/5861/5845 5820/5837/5821 5880/5870/5854
f 5764/5730/5714 5760/5744/5728 5772/5738/5722
f 5841/5785/5769 5817/5787/5771 5801/5776/5760
f 5611/5559/5543 5613/5583/5567 5592/5560/5544
f 5880/5870/5854 5833/5871/5855 5828/5803/5787
f 5862/5872/5856 5881/5873/5857 5868/5847/5831
f 5830/5869/5853 5820/5837/5821 5823/5861/5845
f 5865/5849/5833 5858/5855/5839 5829/5811/5795
f 5865/5849/5833 5828/5803/5787 5877/5874/5858
f 5539/5500/5484 5831/5796/5780 5538/5501/5485
f 5738/5705/5689 5584/5549/5533 5851/5746/5730
f 5768/5820/5804 5760/5744/5728 5762/5740/5724
f 5615/5588/5572 5664/5638/5622 5616/5589/5573
f 5615/5588/5572 5605/5587/5571 5607/5624/5608
f 5607/5624/5608 5605/5587/5571 5632/5625/5609
f 5883/5875/5859 5882/5876/5860 5604/5574/5558
f 5778/5749/5733 5783/5754/5738 5882/5876/5860
f 5882/5876/5860 5779/5750/5734 5778/5749/5733
f 5880/5870/5854 5828/5803/5787 5823/5861/5845
f 5850/5826/5810 5834/5877/5861 5785/5756/5740
f 5431/5522/5506 5432/5518/5502 5560/5520/5504
f 5783/5754/5738 5604/5574/5558 5882/5876/5860
f 5885/5878/5862 5783/5754/5738 5782/5753/5737
f 5732/5706/5690 5738/5705/5689 5746/5821/5805
f 5816/5818/5802 5539/5500/5484 5659/5629/5613
f 5785/5756/5740 5834/5877/5861 5884/5879/5863
f 5756/5727/5711 5850/5826/5810 5785/5756/5740
f 5785/5756/5740 5884/5879/5863 5782/5753/5737
f 5850/5826/5810 5756/5727/5711 5758/5729/5713
f 5783/5754/5738 5885/5878/5862 5604/5574/5558
f 5733/5880/5864 5851/5746/5730 5855/5852/5836
f 5884/5879/5863 5885/5878/5862 5782/5753/5737
f 5756/5727/5711 5785/5756/5740 5784/5755/5739
f 5741/5793/5777 5851/5746/5730 5733/5880/5864
f 5823/5861/5845 5828/5803/5787 5814/5804/5788
f 5672/5649/5633 5669/5646/5630 5668/5645/5629
f 5762/5740/5724 5467/5444/5428 5768/5820/5804
f 5672/5649/5633 5615/5588/5572 5607/5624/5608
f 5672/5649/5633 5607/5624/5608 5733/5880/5864
f 5851/5746/5730 5741/5793/5777 5746/5821/5805
f 5733/5880/5864 5669/5646/5630 5672/5649/5633
f 5615/5588/5572 5672/5649/5633 5664/5638/5622
f 5874/5641/5625 5666/5640/5624 5669/5646/5630
f 5887/5881/5865 5860/5834/5818 5421/5420/5404
f 5742/5712/5696 5887/5881/5865 5421/5420/5404
f 5759/5810/5794 5730/5698/5682 5726/5703/5687
f 5874/5641/5625 5769/5747/5731 5763/5843/5827
f 5717/5723/5707 5718/5882/5866 5728/5883/5867
f 5728/5883/5867 5754/5724/5708 5717/5723/5707
f 5674/5651/5635 5673/5650/5634 5888/5884/5868
f 5822/5791/5775 5821/5790/5774 5889/5885/5869
f 5592/5560/5544 5613/5583/5567 5533/5492/5476
f 5492/5462/5446 5617/5594/5578 5493/5463/5447
f 5822/5791/5775 5718/5882/5866 5703/5865/5849
f 5431/5522/5506 5560/5520/5504 5561/5523/5507
f 5441/5854/5838 5466/5860/5844 5442/5592/5576
f 5779/5750/5734 5882/5876/5860 5890/5886/5870
f 5777/5748/5732 5769/5747/5731 5866/5868/5852
f 5891/5887/5871 5779/5750/5734 5890/5886/5870
f 5778/5749/5733 5780/5751/5735 5891/5887/5871
f 5891/5887/5871 5780/5751/5735 5779/5750/5734
f 5733/5880/5864 5855/5852/5836 5669/5646/5630
f 5866/5868/5852 5892/5888/5872 5777/5748/5732
f 5874/5641/5625 5866/5868/5852 5769/5747/5731
f 5862/5872/5856 5868/5847/5831 5827/5846/5830
f 5854/5853/5837 5669/5646/5630 5855/5852/5836
f 5893/5851/5835 5747/5745/5729 5892/5888/5872
f 5833/5871/5855 5881/5873/5857 5894/5889/5873
f 5893/5851/5835 5851/5746/5730 5747/5745/5729
f 5714/5683/5667 5708/5682/5666 5706/5716/5700
f 5892/5888/5872 5866/5868/5852 5893/5851/5835
f 5854/5853/5837 5855/5852/5836 5866/5868/5852
f 5877/5874/5858 5833/5871/5855 5894/5889/5873
f 5718/5882/5866 5895/5890/5874 5703/5865/5849
f 5896/5891/5875 5499/5579/5563 5897/5892/5876
f 5451/5468/5452 5896/5891/5875 5510/5475/5459
f 5855/5852/5836 5893/5851/5835 5866/5868/5852
f 5796/5771/5755 5793/5766/5750 5795/5768/5752
f 5461/5440/5424 5469/5893/5877 5468/5448/5432
f 5585/5550/5534 5584/5549/5533 5503/5709/5693
f 5881/5873/5857 5833/5871/5855 5868/5847/5831
f 5450/5477/5461 5748/5719/5703 5900/5894/5878
f 5613/5583/5567 5584/5549/5533 5533/5492/5476
f 5762/5740/5724 5760/5744/5728 5763/5843/5827
f 5774/5739/5723 5467/5444/5428 5762/5740/5724
f 5868/5847/5831 5833/5871/5855 5880/5870/5854
f 5827/5846/5830 5904/5895/5879 5862/5872/5856
f 5897/5892/5876 5675/5652/5636 5896/5891/5875
f 5513/5590/5574 5442/5592/5576 5564/5527/5511
f 5773/5759/5743 5892/5888/5872 5747/5745/5729
f 5500/5467/5451 5501/5469/5453 5721/5737/5721
f 5905/5896/5880 5906/5897/5881 5885/5878/5862
f 5766/5758/5742 5784/5755/5739 5786/5757/5741
f 5880/5870/5854 5820/5837/5821 5868/5847/5831
f 5673/5650/5634 5899/5898/5882 5901/5899/5883
f 5450/5477/5461 5900/5894/5878 5501/5469/5453
f 5762/5740/5724 5777/5748/5732 5775/5741/5725
f 5863/5836/5820 5908/5900/5884 5827/5846/5830
f 5413/5442/5426 5495/5482/5466 5692/5667/5651
f 5908/5900/5884 5863/5836/5820 5910/5901/5885
f 5899/5898/5882 5673/5650/5634 5898/5902/5886
f 5827/5846/5830 5820/5837/5821 5863/5836/5820
f 5722/5688/5672 5751/5726/5710 5903/5903/5887
f 5903/5903/5887 5678/5653/5637 5722/5688/5672
f 5871/5835/5819 5870/5848/5832 5863/5836/5820
f 5867/5845/5829 5871/5835/5819 5740/5725/5709
f 5897/5892/5876 5909/5904/5888 5675/5652/5636
f 5673/5650/5634 5675/5652/5636 5898/5902/5886
f 5899/5898/5882 5898/5902/5886 5885/5878/5862
f 5501/5469/5453 5900/5894/5878 5688/5693/5677
f 5907/5905/5889 5905/5896/5880 5911/5906/5890
f 5872/5823/5807 5913/5907/5891 5912/5908/5892
f 5896/5891/5875 5451/5468/5452 5499/5579/5563
f 5902/5909/5893 5901/5899/5883 5899/5898/5882
f 5694/5670/5654 5746/5821/5805 5741/5793/5777
f 5604/5574/5558 5909/5904/5888 5897/5892/5876
f 5902/5909/5893 5899/5898/5882 5907/5905/5889
f 5906/5897/5881 5899/5898/5882 5885/5878/5862
f 5909/5904/5888 5898/5902/5886 5675/5652/5636
f 5743/5714/5698 5435/5424/5408 5517/5426/5410
f 5905/5896/5880 5885/5878/5862 5557/5513/5497
f 5907/5905/5889 5914/5910/5894 5902/5909/5893
f 5858/5855/5839 5659/5629/5613 5504/5628/5612
f 5584/5549/5533 5504/5628/5612 5503/5709/5693
f 5442/5592/5576 5466/5860/5844 5564/5527/5511
f 5554/5540/5524 5470/5445/5429 5446/5494/5478
f 5915/5911/5895 5623/5600/5584 5599/5567/5551
f 5822/5791/5775 5728/5883/5867 5718/5882/5866
f 5775/5741/5725 5777/5748/5732 5892/5888/5872
f 5885/5878/5862 5909/5904/5888 5604/5574/5558
f 5892/5888/5872 5773/5759/5743 5775/5741/5725
f 5513/5590/5574 5564/5527/5511 5455/5805/5789
f 5902/5909/5893 5916/5912/5896 5901/5899/5883
f 5602/5570/5554 5601/5569/5553 5702/5509/5493
f 5773/5759/5743 5463/5443/5427 5774/5739/5723
f 5900/5894/5878 5903/5903/5887 5751/5726/5710
f 5603/5571/5555 5897/5892/5876 5499/5579/5563
f 5590/5556/5540 5617/5594/5578 5577/5541/5525
f 5909/5904/5888 5885/5878/5862 5898/5902/5886
f 5914/5910/5894 5907/5905/5889 5911/5906/5890
f 5899/5898/5882 5906/5897/5881 5905/5896/5880
f 5907/5905/5889 5899/5898/5882 5905/5896/5880
f 5592/5560/5544 5533/5492/5476 5532/5491/5475
f 5505/5866/5850 5617/5594/5578 5492/5462/5446
f 5506/5499/5483 5629/5630/5614 5659/5629/5613
f 5506/5499/5483 5659/5629/5613 5539/5500/5484
f 5701/5672/5656 5579/5543/5527 5596/5564/5548
f 5449/5601/5585 5488/5458/5442 5448/5557/5541
f 5572/5770/5754 5547/5507/5491 5548/5508/5492
f 5564/5527/5511 5466/5860/5844 5465/5528/5512
f 5611/5559/5543 5773/5759/5743 5747/5745/5729
f 5463/5443/5427 5773/5759/5743 5611/5559/5543
f 5422/5498/5482 5452/5472/5456 5710/5710/5694
f 5919/5913/5897 5594/5563/5547 5549/5713/5697
f 5427/5430/5414 5428/5454/5438 5552/5521/5505
f 5505/5866/5850 5577/5541/5525 5617/5594/5578
f 5599/5567/5551 5598/5566/5550 5915/5911/5895
f 5531/5593/5577 5530/5743/5727 5617/5594/5578
f 5743/5714/5698 5517/5426/5410 5528/5514/5498
f 5839/5802/5786 5513/5590/5574 5455/5805/5789
f 5585/5550/5534 5534/5493/5477 5533/5492/5476
f 5878/5859/5843 5516/5488/5472 5918/5914/5898
f 5878/5859/5843 5465/5528/5512 5466/5860/5844
f 5576/5735/5719 5531/5593/5577 5515/5479/5463
f 5597/5565/5549 5546/5544/5528 5581/5546/5530
f 5920/5539/5523 5479/5915/5899 5480/5916/5900
f 5612/5582/5566 5611/5559/5543 5747/5745/5729
f 5535/5717/5701 5585/5550/5534 5558/5708/5692
f 5583/5562/5546 5580/5545/5529 5546/5544/5528
f 5897/5892/5876 5603/5571/5555 5604/5574/5558
f 5583/5562/5546 5921/5917/5901 5580/5545/5529
f 5548/5508/5492 5419/5418/5402 5445/5432/5416
f 5446/5494/5478 5589/5857/5841 5920/5539/5523
f 5454/5918/5902 5455/5805/5789 5564/5527/5511
f 5583/5562/5546 5436/5425/5409 5435/5424/5408
f 5917/5919/5903 5595/5920/5904 5530/5743/5727
f 5922/5921/5905 5623/5600/5584 5915/5911/5895
f 5504/5628/5612 5629/5630/5614 5503/5709/5693
f 5885/5878/5862 5884/5879/5863 5557/5513/5497
f 5542/5506/5490 5424/5502/5486 5474/5504/5488
f 5629/5630/5614 5558/5708/5692 5503/5709/5693
f 5754/5724/5708 5755/5844/5828 5740/5725/5709
f 5578/5542/5526 5577/5541/5525 5505/5866/5850
f 5564/5527/5511 5565/5529/5513 5454/5918/5902
f 5534/5493/5477 5585/5550/5534 5535/5717/5701
f 5528/5514/5498 5517/5426/5410 5861/5842/5826
f 5730/5698/5682 5707/5681/5665 5714/5683/5667
f 5450/5477/5461 5501/5469/5453 5451/5468/5452
f 5561/5523/5507 5560/5520/5504 5923/5922/5906
f 5923/5922/5906 5560/5520/5504 5433/5519/5503
f 5562/5524/5508 5454/5918/5902 5565/5529/5513
f 5629/5630/5614 5507/5596/5580 5558/5708/5692
f 5770/5736/5720 5600/5923/5907 5531/5593/5577
f 5563/5525/5509 5923/5922/5906 5433/5519/5503
f 5454/5918/5902 5832/5526/5510 5455/5805/5789
f 5441/5854/5838 5516/5488/5472 5878/5859/5843
f 5895/5890/5874 5836/5792/5776 5703/5865/5849
f 5507/5596/5580 5629/5630/5614 5506/5499/5483
f 5509/5474/5458 5474/5504/5488 5424/5502/5486
f 5556/5512/5496 5905/5896/5880 5557/5513/5497
f 5705/5695/5679 5869/5788/5772 5704/5696/5680
f 5517/5426/5410 5536/5924/5908 5861/5842/5826
f 5737/5702/5686 5821/5790/5774 5726/5703/5687
f 5836/5792/5776 5895/5890/5874 5864/5839/5823
f 5850/5826/5810 5873/5850/5834 5834/5877/5861
f 5876/5858/5842 5869/5788/5772 5705/5695/5679
f 5857/5838/5822 5873/5850/5834 5850/5826/5810
f 5556/5512/5496 5911/5906/5890 5905/5896/5880
f 5828/5803/5787 5833/5871/5855 5877/5874/5858
f 5543/5503/5487 5748/5719/5703 5450/5477/5461
f 5877/5874/5858 5894/5889/5873 5886/5925/5909
f 5924/5926/5910 5895/5890/5874 5928/5927/5911
f 5589/5857/5841 5446/5494/5478 5424/5502/5486
f 5690/5928/5912 5543/5503/5487 5511/5476/5460
f 5646/5692/5676 5688/5693/5677 5900/5894/5878
f 5589/5857/5841 5912/5908/5892 5920/5539/5523
f 5589/5857/5841 5570/5534/5518 5925/5929/5913
f 5717/5723/5707 5928/5927/5911 5718/5882/5866
f 5835/5800/5784 5925/5929/5913 5927/5930/5914
f 5835/5800/5784 5927/5930/5914 5926/5799/5783
f 5849/5840/5824 5759/5810/5794 5726/5703/5687
f 5912/5908/5892 5589/5857/5841 5925/5929/5913
f 5717/5723/5707 5740/5725/5709 5928/5927/5911
f 5830/5869/5853 5837/5832/5816 5869/5788/5772
f 5903/5903/5887 5900/5894/5878 5748/5719/5703
f 5864/5839/5823 5924/5926/5910 5876/5858/5842
f 5895/5890/5874 5718/5882/5866 5928/5927/5911
f 5444/5431/5415 5453/5554/5538 5931/5577/5561
f 5484/5591/5575 5693/5931/5915 5453/5554/5538
f 5751/5726/5710 5646/5692/5676 5900/5894/5878
f 5927/5930/5914 5522/5481/5465 5926/5799/5783
f 5740/5725/5709 5929/5932/5916 5928/5927/5911
f 5839/5802/5786 5832/5526/5510 5932/5933/5917
f 5678/5653/5637 5903/5903/5887 5748/5719/5703
f 5638/5606/5590 5637/5605/5589 5847/5815/5799
f 5872/5823/5807 5912/5908/5892 5835/5800/5784
f 5693/5931/5915 5931/5577/5561 5453/5554/5538
f 5571/5533/5517 5925/5929/5913 5570/5534/5518
f 5746/5821/5805 5694/5670/5654 5696/5669/5653
f 5872/5823/5807 5512/5536/5520 5471/5449/5433
f 5583/5562/5546 5593/5561/5545 5921/5917/5901
f 5735/5794/5778 5655/5623/5607 5697/5711/5695
f 5678/5653/5637 5686/5686/5670 5722/5688/5672
f 5444/5431/5415 5931/5577/5561 5872/5823/5807
f 5759/5810/5794 5744/5827/5811 5745/5699/5683
f 5864/5839/5823 5895/5890/5874 5924/5926/5910
f 5620/5598/5582 5495/5482/5466 5522/5481/5465
f 5924/5926/5910 5928/5927/5911 5929/5932/5916
f 5620/5598/5582 5925/5929/5913 5571/5533/5517
f 5735/5794/5778 5697/5711/5695 5694/5670/5654
f 5876/5858/5842 5924/5926/5910 5871/5835/5819
f 5927/5930/5914 5620/5598/5582 5522/5481/5465
f 5933/5934/5918 5728/5883/5867 5889/5885/5869
f 5929/5932/5916 5740/5725/5709 5871/5835/5819
f 5475/5822/5806 5444/5431/5415 5872/5823/5807
f 5876/5858/5842 5830/5869/5853 5869/5788/5772
f 5871/5835/5819 5830/5869/5853 5876/5858/5842
f 5871/5835/5819 5924/5926/5910 5929/5932/5916
f 5530/5743/5727 5776/5742/5726 5917/5919/5903
f 5439/5428/5412 5935/5863/5847 5440/5429/5413
f 5512/5536/5520 5872/5823/5807 5835/5800/5784
f 5552/5521/5505 5505/5866/5850 5477/5496/5480
f 5820/5837/5821 5830/5869/5853 5871/5835/5819
f 5693/5931/5915 5838/5578/5562 5931/5577/5561
f 5703/5865/5849 5794/5767/5751 5841/5785/5769
f 5431/5522/5506 5459/5438/5422 5708/5682/5666
f 5925/5929/5913 5835/5800/5784 5912/5908/5892
f 5698/5671/5655 5694/5670/5654 5697/5711/5695
f 5932/5933/5917 5440/5429/5413 5935/5863/5847
f 5454/5918/5902 5562/5524/5508 5832/5526/5510
f 5935/5863/5847 5608/5862/5846 5932/5933/5917
f 5838/5578/5562 5693/5931/5915 5484/5591/5575
f 5935/5863/5847 5439/5428/5412 5936/5864/5848
f 5936/5864/5848 5470/5445/5429 5480/5916/5900
f 5818/5789/5773 5696/5669/5653 5753/5809/5793
f 5932/5933/5917 5832/5526/5510 5440/5429/5413
f 5444/5431/5415 5475/5822/5806 5471/5449/5433
f 5930/5935/5919 5926/5799/5783 5522/5481/5465
f 5443/5417/5401 5934/5471/5455 5413/5442/5426
f 5934/5471/5455 5522/5481/5465 5413/5442/5426
f 5452/5472/5456 5433/5519/5503 5432/5518/5502
f 5608/5862/5846 5936/5864/5848 5771/5576/5560
f 5620/5598/5582 5927/5930/5914 5925/5929/5913
f 5698/5671/5655 5753/5809/5793 5696/5669/5653
f 5861/5842/5826 5536/5924/5908 5537/5841/5825
f 5807/5784/5768 5934/5471/5455 5483/5451/5435
f 5470/5445/5429 5936/5864/5848 5439/5428/5412
f 5408/5455/5439 5483/5451/5435 5934/5471/5455
f 5934/5471/5455 5807/5784/5768 5937/5769/5753
f 5554/5540/5524 5480/5916/5900 5470/5445/5429
f 5913/5907/5891 5872/5823/5807 5931/5577/5561
f 5453/5554/5538 5485/5461/5445 5575/5489/5473
f 5479/5915/5899 5913/5907/5891 5771/5576/5560
f 5548/5508/5492 5566/5537/5521 5572/5770/5754
f 5902/5909/5893 5914/5910/5894 5916/5912/5896
f 5486/5555/5539 5493/5463/5447 5530/5743/5727
f 5552/5521/5505 5537/5841/5825 5711/5678/5662
f 5492/5462/5446 5477/5496/5480 5505/5866/5850
f 5479/5915/5899 5912/5908/5892 5913/5907/5891
f 5478/5495/5479 5477/5496/5480 5492/5462/5446
f 5608/5862/5846 5771/5576/5560 5838/5578/5562
f 5529/5490/5474 5530/5743/5727 5595/5920/5904
f 5655/5623/5607 5735/5794/5778 5607/5624/5608
f 5519/5572/5556 5551/5584/5568 5788/5795/5779
f 5479/5915/5899 5771/5576/5560 5936/5864/5848
f 5849/5840/5824 5726/5703/5687 5822/5791/5775
f 5417/5416/5400 5413/5442/5426 5692/5667/5651
f 5692/5667/5651 5656/5626/5610 5417/5416/5400
f 5425/5421/5405 5447/5433/5417 5656/5626/5610
f 5656/5626/5610 5447/5433/5417 5417/5416/5400
f 5920/5539/5523 5912/5908/5892 5479/5915/5899
f 5703/5865/5849 5841/5785/5769 5849/5840/5824
f 5417/5416/5400 5447/5433/5417 5418/5414/5398
f 5418/5414/5398 5410/5408/5392 5407/5407/5391
f 5608/5862/5846 5838/5578/5562 5932/5933/5917
f 5849/5840/5824 5822/5791/5775 5703/5865/5849
f 5889/5885/5869 5728/5883/5867 5822/5791/5775
f 5931/5577/5561 5771/5576/5560 5913/5907/5891
f 5480/5916/5900 5479/5915/5899 5936/5864/5848
f 5409/5415/5399 5418/5414/5398 5407/5407/5391
f 5594/5563/5547 5583/5562/5546 5435/5424/5408
f 5838/5578/5562 5839/5802/5786 5932/5933/5917
f 5510/5475/5459 5674/5651/5635 5684/5658/5642
f 5480/5916/5900 5554/5540/5524 5920/5539/5523
f 5549/5713/5697 5594/5563/5547 5435/5424/5408
f 5838/5578/5562 5484/5591/5575 5513/5590/5574
f 5919/5913/5897 5938/5936/5920 5594/5563/5547
f 5856/5833/5817 5939/5937/5921 5853/5828/5812
f 5939/5937/5921 5856/5833/5817 5860/5834/5818
f 5853/5828/5812 5940/5938/5922 5559/5515/5499
f 5607/5624/5608 5741/5793/5777 5733/5880/5864
f 5694/5670/5654 5741/5793/5777 5735/5794/5778
f 5939/5937/5921 5940/5938/5922 5853/5828/5812
f 5731/5704/5688 5732/5706/5690 5823/5861/5845
f 5692/5667/5651 5798/5831/5815 5687/5661/5645
f 5657/5631/5615 5805/5775/5759 5494/5632/5616
f 5837/5832/5816 5696/5669/5653 5818/5789/5773
f 5675/5652/5636 5510/5475/5459 5896/5891/5875
f 5483/5451/5435 5941/5939/5923 5807/5784/5768
f 5930/5935/5919 5934/5471/5455 5937/5769/5753
f 5815/5783/5767 5807/5784/5768 5941/5939/5923
f 5937/5769/5753 5807/5784/5768 5572/5770/5754
f 5575/5489/5473 5442/5592/5576 5484/5591/5575
f 5485/5461/5445 5478/5495/5479 5492/5462/5446
f 5512/5536/5520 5445/5432/5416 5471/5449/5433
f 5840/5806/5790 5930/5935/5919 5937/5769/5753
f 5934/5471/5455 5930/5935/5919 5522/5481/5465
f 5681/5446/5430 5456/5434/5418 5430/5423/5407
f 5840/5806/5790 5937/5769/5753 5566/5537/5521
f 5926/5799/5783 5930/5935/5919 5840/5806/5790
f 5890/5886/5870 5882/5876/5860 5942/5940/5924
f 5442/5592/5576 5575/5489/5473 5441/5854/5838
f 5943/5941/5925 5502/5470/5454 5944/5942/5926
f 5606/5573/5557 5883/5875/5859 5604/5574/5558
f 5943/5941/5925 5945/5943/5927 5942/5940/5924
f 5500/5467/5451 5721/5737/5721 5944/5942/5926
f 5658/5627/5611 5665/5636/5620 5942/5940/5924
f 5942/5940/5924 5882/5876/5860 5883/5875/5859
f 5832/5526/5510 5433/5519/5503 5440/5429/5413
f 5942/5940/5924 5945/5943/5927 5658/5627/5611
f 5508/5944/5928 5535/5717/5701 5507/5596/5580
f 5883/5875/5859 5606/5573/5557 5943/5941/5925
f 5945/5943/5927 5619/5604/5588 5658/5627/5611
f 5943/5941/5925 5942/5940/5924 5883/5875/5859
f 5502/5470/5454 5500/5467/5451 5944/5942/5926
f 5502/5470/5454 5943/5941/5925 5606/5573/5557
f 5943/5941/5925 5496/5464/5448 5945/5943/5927
f 5568/5531/5515 5619/5604/5588 5945/5943/5927
f 5665/5636/5620 5890/5886/5870 5942/5940/5924
f 5568/5531/5515 5945/5943/5927 5496/5464/5448
f 5603/5571/5555 5502/5470/5454 5606/5573/5557
f 5944/5942/5926 5496/5464/5448 5943/5941/5925
f 5414/5411/5395 5410/5408/5392 5418/5414/5398
f 5721/5737/5721 5496/5464/5448 5944/5942/5926
f 5412/5410/5394 5405/5405/5389 5407/5407/5391
f 5597/5565/5549 5579/5543/5527 5546/5544/5528
f 5884/5879/5863 5834/5877/5861 5555/5511/5495
f 5497/5465/5449 5496/5464/5448 5721/5737/5721
f 5663/5635/5619 5671/5648/5632 5891/5887/5871
f 5786/5757/5741 5946/5945/5929 5766/5758/5742
f 5786/5757/5741 5671/5648/5632 5946/5945/5929
f 5663/5635/5619 5891/5887/5871 5890/5886/5870
f 5665/5636/5620 5663/5635/5619 5890/5886/5870
f 5671/5648/5632 5786/5757/5741 5891/5887/5871
f 5946/5945/5929 5670/5647/5631 5766/5758/5742
f 5946/5945/5929 5671/5648/5632 5670/5647/5631
f 5469/5893/5877 5461/5440/5424 5592/5560/5544
f 5786/5757/5741 5778/5749/5733 5891/5887/5871
f 5782/5753/5737 5778/5749/5733 5786/5757/5741
f 5675/5652/5636 5674/5651/5635 5510/5475/5459
f 5571/5533/5517 5542/5506/5490 5544/5505/5489
f 5433/5519/5503 5832/5526/5510 5563/5525/5509
f 5536/5924/5908 5573/5722/5706 5711/5678/5662
f 5545/5674/5658 5436/5425/5409 5546/5544/5528
f 5451/5468/5452 5510/5475/5459 5450/5477/5461
f 5536/5924/5908 5711/5678/5662 5537/5841/5825
f 5843/5813/5797 5873/5850/5834 5844/5814/5798
f 5552/5521/5505 5428/5454/5438 5537/5841/5825
f 5577/5541/5525 5621/5597/5581 5590/5556/5540
f 5599/5567/5551 5623/5600/5584 5621/5597/5581
f 5711/5678/5662 5573/5722/5706 5699/5673/5657
f 5599/5567/5551 5621/5597/5581 5577/5541/5525
f 5922/5921/5905 5622/5599/5583 5623/5600/5584
f 5426/5946/5930 5411/5409/5393 5476/5612/5596
f 5438/5427/5411 5440/5429/5413 5433/5519/5503
f 5416/5413/5397 5429/5435/5419 5411/5409/5393
f 5548/5508/5492 5445/5432/5416 5512/5536/5520
f 5433/5519/5503 5452/5472/5456 5438/5427/5411
f 5536/5924/5908 5545/5674/5658 5573/5722/5706
f 5444/5431/5415 5427/5430/5414 5478/5495/5479
f 5545/5674/5658 5517/5426/5410 5436/5425/5409
f 5545/5674/5658 5536/5924/5908 5517/5426/5410
f 5486/5555/5539 5530/5743/5727 5529/5490/5474
f 5776/5742/5726 5531/5593/5577 5600/5923/5907
f 5575/5489/5473 5486/5555/5539 5529/5490/5474
f 5416/5413/5397 5410/5408/5392 5414/5411/5395
f 5590/5556/5540 5591/5558/5542 5531/5593/5577
f 5430/5423/5407 5416/5413/5397 5415/5412/5396
f 5406/5406/5390 5408/5455/5439 5407/5407/5391
f 5557/5513/5497 5884/5879/5863 5555/5511/5495
f 5482/5457/5441 5408/5455/5439 5406/5406/5390
